Unnamed: 0,Private,Apps,Accept,Enroll,Top10perc,Top25perc,F.Undergrad,P.Undergrad,Outstate,Room.Board,Books,Personal,PhD,Terminal,S.F.Ratio,perc.alumni,Expend,Grad.Rate,Apps_trans,Accept_trans,Enroll_trans,Top10perc_trans,F.Undergrad_trans,P.Undergrad_trans,Outstate_trans,Books_trans,Personal_trans,PhD_trans,Terminal_trans,S.F.Ratio_trans,perc.alumni_trans,Expend_trans,Accept_Rate,Outstate_Tier,Outstate_Tier_Encoded,Private_Encoded,Apps_trans_scaled,Accept_trans_scaled,Enroll_trans_scaled,Top10perc_trans_scaled,F.Undergrad_trans_scaled,P.Undergrad_trans_scaled,Outstate_trans_scaled,Books_trans_scaled,Personal_trans_scaled,PhD_trans_scaled,Terminal_trans_scaled,S.F.Ratio_trans_scaled,perc.alumni_trans_scaled,Expend_trans_scaled,Accept_Rate_scaled,Outstate_Tier_Encoded_scaled,Private_Encoded_scaled
Abilene Christian University,Yes,1660,1232,721,23,52,2885,537,7440,3300,450,2200,70.0,78,18.1,12,7041,60,0.040311743443240046,0.051276009761238805,0.5005063687062479,-0.05547969999806644,0.43977545004080165,0.30013551679791334,-0.6963833731286324,-0.6036744589706652,1.2711621900847665,-0.28135254105451407,-0.273401038284349,1.037437464562729,-0.8480459248697001,-0.48911693733768,0.7421686746987952,Low,0,1,0.040311743443240504,0.0512760097612389,0.500506368706248,-0.05547969999806654,0.4397754500407995,0.3001355167979134,-0.6963833731286329,-0.6036744589706673,1.2711621900847665,-0.2813525410545138,-0.2734010382843487,1.037437464562729,-0.8480459248697004,-0.48911693733764255,-0.03756027899013342,-1.099672391311716,0.6114319153500704
Adelphi University,Yes,2186,1924,512,16,29,2683,1227,12280,6450,750,1500,29.0,30,12.2,16,10527,56,0.29484142537975444,0.49491280731382864,0.1508523952542553,-0.5897369692550372,0.371825895398813,0.8677823552242825,0.5627962016852084,1.2919414548995862,0.4602273976750806,-2.165157353031758,-2.2684551398237143,-0.4376697884463484,-0.44458151258091694,0.5598337094638673,0.8801463860933212,Medium,1,1,0.2948414253797549,0.49491280731382875,0.15085239525425542,-0.5897369692550373,0.37182589539881084,0.8677823552242826,0.5627962016852082,1.2919414548995845,0.4602273976750806,-2.1651573530317574,-2.2684551398237143,-0.43766978844634874,-0.44458151258091727,0.5598337094639048,0.9120251920713291,0.36524832997139145,0.6114319153500704
Adrian College,Yes,1428,1097,336,22,50,1036,99,11250,3750,400,1165,53.0,66,12.9,30,8735,54,-0.10112043777272797,-0.06646121585733739,-0.30528796405215175,-0.12368771857670886,-0.6267798225266813,-0.7286855166617391,0.3267118394711323,-1.0237043227479306,-0.06672518163941561,-1.2442020010279624,-1.0368844883532395,-0.24974921824366134,0.6666429698449552,0.10075894385737125,0.7682072829131653,Medium,1,1,-0.10112043777272751,-0.06646121585733729,-0.30528796405215164,-0.12368771857670896,-0.6267798225266835,-0.728685516661739,0.32671183947113197,-1.0237043227479328,-0.06672518163941563,-1.2442020010279622,-1.0368844883532393,-0.24974921824366159,0.6666429698449551,0.10075894385740869,0.14164173702481297,0.36524832997139145,0.6114319153500704
Agnes Scott College,Yes,417,349,137,60,89,510,63,12960,5450,450,875,92.0,97,7.7,37,19016,59,-1.3190912597085278,-1.2796979516770244,-1.3805168196567532,1.6272983835603572,-1.518585832410593,-0.9762693780604241,0.7116171382359155,-0.6036744589706652,-0.6557840619341024,1.341403144864573,1.3728847638717647,-1.76846596389098,1.120254670067823,1.7488195913009896,0.8369304556354916,Medium,1,1,-1.3190912597085274,-1.2796979516770244,-1.380516819656753,1.6272983835603572,-1.5185858324105952,-0.976269378060424,0.7116171382359153,-0.6036744589706673,-0.6557840619341024,1.3414031448645731,1.3728847638717654,-1.7684659638909808,1.120254670067823,1.7488195913010272,0.6146059983015623,0.36524832997139145,0.6114319153500704
Alaska Pacific University,Yes,193,146,55,16,44,249,869,7560,4120,800,1500,76.0,72,11.9,2,10922,15,-2.1402229604710925,-2.2685725492267412,-2.6367353395305604,-0.5897369692550372,-2.5737303506431264,0.625246405158901,-0.6594432000434237,1.5402401052701242,0.4602273976750806,0.11925016044057488,-0.6802485294455134,-0.5195109599719552,-2.3433079627073257,0.6452297781218866,0.7564766839378239,Low,0,1,-2.140222960471092,-2.2685725492267412,-2.6367353395305604,-0.5897369692550373,-2.5737303506431286,0.6252464051589011,-0.6594432000434242,1.5402401052701227,0.4602273976750806,0.11925016044057517,-0.6802485294455132,-0.5195109599719555,-2.3433079627073266,0.6452297781219241,0.06090981125760059,-1.099672391311716,0.6114319153500704
Albertus Magnus College,Yes,353,340,103,17,45,416,230,13290,5720,500,1500,90.0,93,11.5,26,8861,63,-1.4927080667555925,-1.3084966792375685,-1.7544862008761355,-0.5039903742110078,-1.8017047622503737,-0.23688191729957336,0.7819971330377925,-0.22262317064607157,0.4602273976750806,1.1764343828889745,0.9788813231015295,-0.6299164265370601,0.38265991480354933,0.1376171240031283,0.9631728045325779,Medium,1,1,-1.492708066755592,-1.3084966792375685,-1.7544862008761353,-0.5039903742110079,-1.801704762250376,-0.2368819172995733,0.7819971330377924,-0.22262317064607365,0.4602273976750806,1.1764343828889747,0.97888132310153,-0.6299164265370605,0.3826599148035491,0.13761712400316575,1.4834267602474742,0.36524832997139145,0.6114319153500704
Albion College,Yes,1899,1720,489,37,68,1594,32,13868,4826,450,850,89.0,100,13.7,37,11487,73,0.1653457802186114,0.3846338049099181,0.10249535139772521,0.7260374574039264,-0.14867911601700562,-1.3275676270881929,0.9025564612017435,-0.6036744589706652,-0.7149803023664479,1.0952544342623864,1.68576474558277,-0.03986551937032104,1.120254670067823,0.7594953443536663,0.9057398630858347,Medium,1,1,0.16534578021861185,0.3846338049099182,0.10249535139772532,0.7260374574039263,-0.1486791160170078,-1.3275676270881929,0.9025564612017434,-0.6036744589706673,-0.7149803023664479,1.0952544342623867,1.6857647455827707,-0.03986551937032124,1.120254670067823,0.7594953443537037,1.088163741264578,0.36524832997139145,0.6114319153500704
Albright College,Yes,1038,839,227,30,63,973,306,15595,4400,300,500,79.0,84,11.3,23,11644,80,-0.40609109436840035,-0.34205410015585674,-0.7572103689461834,0.36924448019518263,-0.7002455058031278,-0.0609748277881183,1.244219248822876,-2.023772875573782,-1.784000288095055,0.3313811845790514,0.18604632551126654,-0.6856894063241084,0.15468771075919893,0.7897336355315151,0.8082851637764933,High,2,1,-0.4060910943683999,-0.34205410015585663,-0.7572103689461833,0.3692444801951825,-0.70024550580313,-0.06097482778811823,1.2442192488228758,-2.0237728755737847,-1.784000288095055,0.3313811845790517,0.1860463255112669,-0.6856894063241087,0.15468771075919868,0.7897336355315525,0.4174643535482114,1.8301690512544988,0.6114319153500704
Alderson-Broaddus College,Yes,582,498,172,21,44,799,78,10468,3380,660,1800,40.0,41,11.5,15,8991,52,-0.9781103803075807,-0.8928662668472448,-1.093721092362519,-0.19422217291531432,-0.9376507582499326,-0.8606332750020435,0.13782053078231316,0.8060529764293244,0.8443887826691915,-1.807313389043056,-2.038931336080678,-0.6299164265370601,-0.5402591781850784,0.1748153087268076,0.8556701030927835,Medium,1,1,-0.9781103803075802,-0.8928662668472447,-1.0937210923625187,-0.1942221729153144,-0.9376507582499348,-0.8606332750020433,0.1378205307823128,0.8060529764293226,0.8443887826691915,-1.8073133890430557,-2.038931336080678,-0.6299164265370605,-0.5402591781850787,0.17481530872684503,0.7435753570364412,0.36524832997139145,0.6114319153500704
Alfred University,Yes,1732,1425,472,37,75,1830,110,16548,5406,500,600,82.0,88,11.3,31,10932,73,0.07991531659386036,0.19760028660819437,0.06503588426328684,0.7260374574039264,-0.00480735709759914,-0.6693939014741188,1.4222113195044428,-0.22262317064607157,-1.419790908781924,0.5513818552357662,0.5227114720482265,-0.6856894063241084,0.7345530092783118,0.6473303239541401,0.8227482678983834,High,2,1,0.07991531659386082,0.19760028660819445,0.06503588426328695,0.7260374574039263,-0.004807357097601331,-0.6693939014741187,1.4222113195044426,-0.22262317064607365,-1.419790908781924,0.5513818552357665,0.522711472048227,-0.6856894063241087,0.7345530092783117,0.6473303239541776,0.5170018324771515,1.8301690512544988,0.6114319153500704
Allegheny College,Yes,2652,1900,484,44,77,1707,44,17080,4440,400,600,73.0,91,9.9,41,11711,76,0.4704370923523449,0.4826041907730734,0.09163566059495362,1.036004475647191,-0.07676448055721619,-1.1652934128860377,1.518662207314494,-1.0237043227479306,-1.419790908781924,-0.08499874626512405,0.7916295867079878,-1.0876837395145045,1.3596629107341651,0.8024489221253701,0.7164404223227753,High,2,1,0.4704370923523453,0.48260419077307354,0.09163566059495373,1.036004475647191,-0.07676448055721838,-1.1652934128860377,1.518662207314494,-1.0237043227479328,-1.419790908781924,-0.08499874626512376,0.7916295867079882,-1.087683739514505,1.3596629107341651,0.8024489221254075,-0.21462637470333104,1.8301690512544988,0.6114319153500704
Allentown Coll. of St. Francis de Sales,Yes,1179,780,290,38,64,1130,638,9690,4785,600,1000,60.0,84,13.3,21,7940,74,-0.28344363772626047,-0.41787874897311406,-0.4717847988783036,0.7728313953160668,-0.5267357814173667,0.4147956880364826,-0.059526477789433485,0.4488454168127673,-0.38201766038027757,-0.8786660394374439,0.18604632551126654,-0.14418170109309456,-0.005802574972423054,-0.1520717728641468,0.6615776081424937,Medium,1,1,-0.28344363772626,-0.41787874897311394,-0.4717847988783035,0.7728313953160667,-0.5267357814173689,0.41479568803648265,-0.05952647778943388,0.44884541681276535,-0.38201766038027757,-0.8786660394374436,0.1860463255112669,-0.14418170109309478,-0.005802574972423321,-0.15207177286410936,-0.5922013519993167,0.36524832997139145,0.6114319153500704
Alma College,Yes,1267,1080,385,44,73,1306,28,12572,4552,400,400,79.0,87,15.3,32,9305,68,-0.21464110275320894,-0.08237643733466476,-0.15464195008808357,1.036004475647191,-0.36417882325811884,-1.3941322364265463,0.6273473736646046,-1.0237043227479306,-2.2253916621767957,0.3313811845790514,0.43622029750213775,0.36585103864898416,0.8013473287828285,0.2613663382229741,0.8524072612470402,Medium,1,1,-0.2146411027532085,-0.08237643733466467,-0.15464195008808346,1.036004475647191,-0.364178823258121,-1.3941322364265463,0.6273473736646044,-1.0237043227479328,-2.2253916621767957,0.3313811845790517,0.43622029750213814,0.365851038648984,0.8013473287828284,0.2613663382230116,0.7211199388404553,0.36524832997139145,0.6114319153500704
Alverno College,Yes,494,313,157,23,46,1317,1235,8352,3640,650,2449,36.0,69,11.1,26,8127,55,-1.1447220340925757,-1.4000423951031737,-1.2075488201804345,-0.05547969999806644,-0.35491721363008005,0.8724296479079534,-0.42479257091511485,0.7485437875764888,1.5009058280000676,-1.950095590802649,-0.8646904686259159,-0.7418550947282283,0.38265991480354933,-0.08921454465073339,0.6336032388663968,Low,0,1,-1.1447220340925752,-1.4000423951031737,-1.2075488201804343,-0.05547969999806654,-0.3549172136300822,0.8724296479079535,-0.42479257091511535,0.7485437875764869,1.5009058280000676,-1.9500955908026487,-0.8646904686259157,-0.7418550947282286,0.3826599148035491,-0.08921454465069595,-0.7847255963733514,-1.099672391311716,0.6114319153500704
American International College,Yes,1420,1093,220,9,22,1018,287,8700,4780,450,1400,78.0,84,14.7,19,7355,69,-0.10642921916374623,-0.0701821529484355,-0.7944885751276375,-1.3390590413944048,-0.6472021315932492,-0.10089574329661864,-0.3262994765254822,-0.6036744589706652,0.31574018896209594,0.259795832499163,0.18604632551126654,0.21577495035720026,-0.17422905107118244,-0.36425893075717797,0.7697183098591549,Low,0,1,-0.10642921916374577,-0.0701821529484354,-0.7944885751276374,-1.3390590413944048,-0.6472021315932515,-0.10089574329661857,-0.32629947652548263,-0.6036744589706673,0.31574018896209594,0.25979583249916327,0.1860463255112669,0.21577495035720012,-0.17422905107118275,-0.3642589307571405,0.15204087482607248,-1.099672391311716,0.6114319153500704
Anderson University,Yes,1216,908,423,19,40,1819,281,10100,3520,550,1100,48.0,61,12.1,14,7994,59,-0.2538644625178133,-0.26029379208518977,-0.05229656180473429,-0.3430819714331799,-0.010999102488897228,-0.11399885643523408,0.04571793663676078,0.12646725882300056,-0.18552421188393892,-1.4786478771804488,-1.2975068699343983,-0.46486060496924364,-0.6391619317856582,-0.1336899321701825,0.7467105263157895,Medium,1,1,-0.25386446251781286,-0.26029379208518966,-0.05229656180473418,-0.34308197143318003,-0.01099910248889942,-0.11399885643523401,0.0457179366367604,0.12646725882299856,-0.18552421188393894,-1.4786478771804485,-1.2975068699343981,-0.464860604969244,-0.6391619317856585,-0.13368993217014505,-0.006302503631889008,0.36524832997139145,0.6114319153500704
Andrews University,Yes,1130,704,322,14,23,1586,326,9996,3090,900,1320,62.0,66,11.5,18,10908,46,-0.3241891644068299,-0.5251229557887327,-0.3530323179657268,-0.7738575489017414,-0.15400487499237991,-0.02130164421066722,0.019291012760720438,1.9986270438701197,0.1928962049080067,-0.7662592027979903,-1.0368844883532395,-0.6299164265370601,-0.2617966749661709,0.6422840717681714,0.6230088495575221,Medium,1,1,-0.32418916440682943,-0.5251229557887326,-0.3530323179657267,-0.7738575489017415,-0.1540048749923821,-0.021301644210667155,0.01929101276072006,1.9986270438701181,0.19289620490800669,-0.76625920279799,-1.0368844883532393,-0.6299164265370605,-0.2617966749661712,0.6422840717682088,-0.8576379389596874,0.36524832997139145,0.6114319153500704
Angelo State University,No,3540,2001,1016,24,54,4190,1512,5130,3592,500,2000,60.0,62,23.1,5,4010,34,0.7282079260895459,0.5333232464503663,0.8329625942509696,0.01057495289120002,0.7724966403270749,1.0186158711000037,-1.4998235616664484,-0.22262317064607157,1.0679442535532966,-0.8786660394374439,-1.2479642050627717,2.141749710790937,-1.7628708902979693,-2.386920145153224,0.5652542372881356,Low,0,0,0.7282079260895463,0.5333232464503664,0.8329625942509697,0.010574952891199925,0.7724966403270727,1.0186158711000037,-1.499823561666449,-0.22262317064607365,1.0679442535532966,-0.8786660394374436,-1.2479642050627715,2.1417497107909376,-1.7628708902979697,-2.3869201451531867,-1.255114749840994,-1.099672391311716,-1.635505074064474
Antioch University,Yes,713,661,252,25,44,712,23,15476,3336,400,1100,69.0,82,11.3,35,42926,48,-0.7745863939225492,-0.5914280771282069,-0.6341488208641781,0.07462985430502922,-1.081402736262842,-1.490632474745239,1.2214971844707152,-1.0237043227479306,-0.18552421188393892,-0.3450470097695861,0.026908565600263796,-0.6856894063241084,0.9955307035299448,2.882467149499875,0.9270687237026648,High,2,1,-0.7745863939225488,-0.5914280771282068,-0.634148820864178,0.07462985430502912,-1.0814027362628442,-1.490632474745239,1.221497184470715,-1.0237043227479328,-0.18552421188393894,-0.3450470097695858,0.026908565600264143,-0.6856894063241087,0.9955307035299447,2.882467149499912,1.2349524939648235,1.8301690512544988,0.6114319153500704
Appalachian State University,No,7313,4664,1910,20,63,9940,1035,6806,2540,96,2000,83.0,96,18.3,14,5854,70,1.35179618043655,1.3370947796907058,1.4010369329056298,-0.2672791173259531,1.4456809350826096,0.7471311205233493,-0.8983348458393731,-5.64692173820203,1.0679442535532966,0.6264621373681686,1.2719213033900254,1.0837698819653523,-0.6391619317856582,-1.0504959634820026,0.6377683577191303,Low,0,0,1.3517961804365504,1.3370947796907058,1.40103693290563,-0.2672791173259532,1.4456809350826074,0.7471311205233494,-0.8983348458393736,-5.646921738202033,1.0679442535532966,0.6264621373681689,1.271921303390026,1.0837698819653523,-0.6391619317856585,-1.050495963481965,-0.7560605583188293,-1.099672391311716,-1.635505074064474
Aquinas College,Yes,619,516,219,20,51,1251,767,11208,4124,350,1615,55.0,65,12.7,25,6584,65,-0.9159939132348351,-0.854746457552864,-0.7999255379799822,-0.2672791173259531,-0.41195842772330105,0.5394509416385761,0.3167895979559206,-1.4924117130767802,0.6154655415532355,-1.1441971717488406,-1.0916144806733752,-0.303019110231878,0.30823399686918296,-0.6868655913225886,0.8336025848142165,Medium,1,1,-0.9159939132348347,-0.8547464575528639,-0.7999255379799821,-0.2672791173259532,-0.4119584277233032,0.5394509416385762,0.31678959795592027,-1.4924117130767824,0.6154655415532355,-1.1441971717488404,-1.091614480673375,-0.3030191102318783,0.30823399686918274,-0.6868655913225512,0.5917030399214477,0.36524832997139145,0.6114319153500704
Arizona State University Main campus,No,12809,10308,3761,24,49,22593,7585,7434,4850,700,2100,88.0,93,18.9,5,4602,48,1.8109724527891597,2.049350535111996,1.952781230197945,0.01057495289120002,1.9773377411787,2.2922484802004597,-0.6982406066161736,1.0287304144592622,1.171855927186336,1.0149446356388536,0.9788813231015295,1.2215773371973018,-1.7628708902979693,-1.8693504529726197,0.8047466625029276,Low,0,0,1.8109724527891602,2.049350535111996,1.9527812301979453,0.010574952891199925,1.9773377411786979,2.2922484802004597,-0.698240606616174,1.0287304144592604,1.171855927186336,1.0149446356388538,0.97888132310153,1.2215773371973018,-1.7628708902979697,-1.8693504529725822,0.3931118014965053,-1.099672391311716,-1.635505074064474
Arkansas College (Lyon College),Yes,708,334,166,46,74,530,182,8644,3922,500,800,79.0,88,12.6,24,14579,54,-0.7815900969049341,-1.3281519650546143,-1.1378250379049069,1.1178230015151727,-1.4665364228480233,-0.37750627343460375,-0.3419722785178941,-0.22262317064607157,-0.8385145305308968,0.3313811845790514,0.5227114720482265,-0.32977869646566793,0.2322748898408057,1.2601858694436912,0.4717514124293785,Low,0,1,-0.7815900969049336,-1.3281519650546143,-1.1378250379049066,1.1178230015151727,-1.4665364228480255,-0.3775062734346037,-0.3419722785178945,-0.22262317064607365,-0.8385145305308968,0.3313811845790517,0.522711472048227,-0.3297786964656682,0.23227488984080544,1.2601858694437287,-1.898616682810458,-1.099672391311716,0.6114319153500704
Arkansas Tech University,No,1734,1729,951,12,52,3602,939,3460,2650,450,1000,57.0,60,19.6,5,4739,48,0.08099001815289253,0.3897875171031668,0.7702279352932572,-0.9785370964802453,0.6409553927781525,0.6790070489834125,-2.245960674145203,-0.6036744589706652,-0.38201766038027757,-1.0406425497511826,-1.3457825326608568,1.3801793817007506,-1.7628708902979693,-1.7638682625373494,0.9971164936562861,Low,0,0,0.08099001815289299,0.3897875171031669,0.7702279352932573,-0.9785370964802454,0.6409553927781503,0.6790070489834126,-2.245960674145204,-0.6036744589706673,-0.38201766038027757,-1.0406425497511824,-1.3457825326608566,1.3801793817007506,-1.7628708902979697,-1.7638682625373119,1.7170328528571464,-1.099672391311716,-1.635505074064474
Assumption College,Yes,2135,1700,491,23,59,1708,689,12000,5920,500,500,93.0,93,13.8,30,7100,88,0.2732163611652831,0.3730772212310357,0.10680343450927245,-0.05547969999806644,-0.07615420671072491,0.4665825753148542,0.4999453707713737,-0.22262317064607157,-1.784000288095055,1.425191176895042,0.9788813231015295,-0.013975971157088379,0.6666429698449552,-0.4650139440527212,0.7962529274004684,Medium,1,1,0.27321636116528353,0.3730772212310358,0.10680343450927256,-0.05547969999806654,-0.0761542067107271,0.46658257531485425,0.4999453707713734,-0.22262317064607365,-1.784000288095055,1.4251911768950423,0.97888132310153,-0.013975971157088578,0.6666429698449551,-0.4650139440526837,0.3346565092118125,0.36524832997139145,0.6114319153500704
Auburn University-Main Campus,No,7548,6791,3070,25,57,16262,1716,6300,3933,600,1908,85.0,91,16.7,18,6642,69,1.378221645711571,1.6793518570519168,1.7934320215566142,0.07462985430502922,1.7758645979077101,1.1115152676691753,-1.0685606611989047,0.4488454168127673,0.9678832606562263,0.7792401852307248,0.7916295867079878,0.7072311119742073,-0.2617966749661709,-0.6606209754880981,0.8997085320614733,Low,0,0,1.3782216457115715,1.6793518570519168,1.7934320215566144,0.07462985430502912,1.775864597907708,1.1115152676691753,-1.0685606611989054,0.44884541681276535,0.9678832606562263,0.7792401852307251,0.7916295867079882,0.7072311119742072,-0.2617966749661712,-0.6606209754880606,1.0466551218360416,-1.099672391311716,-1.635505074064474
Augsburg College,Yes,662,513,257,12,30,2074,726,11902,4372,540,950,65.0,65,12.8,31,7836,58,-0.8486329096543379,-0.861000165865119,-0.6112262964765407,-0.9785370964802453,0.12189798766583722,0.50202916277101,0.47772051262386284,0.0589338371736782,-0.4873892780078052,-0.5910270561252143,-1.0916144806733752,-0.27634292029735635,0.7345530092783118,-0.18801779646391942,0.7749244712990937,Medium,1,1,-0.8486329096543375,-0.8610001658651188,-0.6112262964765406,-0.9785370964802454,0.12189798766583503,0.5020291627710101,0.47772051262386256,0.05893383717367618,-0.4873892780078052,-0.591027056125214,-1.091614480673375,-0.27634292029735663,0.7345530092783117,-0.18801779646388198,0.1878705404539547,0.36524832997139145,0.6114319153500704
Augustana College IL,Yes,1879,1658,497,36,69,1950,38,13353,4173,540,821,78.0,83,12.7,40,9220,71,0.15554932927499623,0.34832830646362917,0.11960727679923575,0.678301268324476,0.05992397344507331,-1.2406214776980793,0.7953026360925041,0.0589338371736782,-0.7857596345819965,0.259795832499163,0.10571998260266878,-0.303019110231878,1.3009860204398638,0.23838208890750923,0.8823842469398616,Medium,1,1,0.15554932927499668,0.3483283064636293,0.11960727679923586,0.6783012683244759,0.05992397344507112,-1.2406214776980793,0.795302636092504,0.05893383717367618,-0.7857596345819965,0.25979583249916327,0.10571998260266914,-0.3030191102318783,1.3009860204398638,0.23838208890754667,0.9274265212037995,0.36524832997139145,0.6114319153500704
Augustana College,Yes,761,725,306,21,58,1337,300,10990,3244,600,1021,66.0,70,10.4,30,6871,69,-0.7099198965545375,-0.49429707026509867,-0.41061807777626796,-0.19422217291531432,-0.3383172203362619,-0.07333370569301684,0.2648927539415386,0.4488454168127673,-0.33924942088807825,-0.530852785233515,-0.8045859405355701,-0.9416747897833104,0.6666429698449552,-0.5603267110961287,0.9526938239159002,Medium,1,1,-0.709919896554537,-0.49429707026509856,-0.41061807777626785,-0.1942221729153144,-0.33831722033626405,-0.07333370569301677,0.2648927539415383,0.44884541681276535,-0.33924942088807825,-0.5308527852335146,-0.8045859405355699,-0.9416747897833109,0.6666429698449551,-0.5603267110960913,1.4113086794026672,0.36524832997139145,0.6114319153500704
Austin College,Yes,948,798,295,42,74,1120,15,11280,4342,400,1150,81.0,95,13.0,33,11361,71,-0.494136785535329,-0.39411365347945665,-0.4522604490288969,0.9513952875026418,-0.5368876002022019,-1.6940772138902724,0.33378429059313486,-1.0237043227479306,-0.09357017425507218,0.4771746426778103,1.1726062411645384,-0.22323711250244924,0.8670772597515548,0.7347671087228932,0.8417721518987342,Medium,1,1,-0.4941367855353286,-0.39411365347945654,-0.4522604490288968,0.9513952875026417,-0.5368876002022042,-1.6940772138902724,0.3337842905931345,-1.0237043227479328,-0.09357017425507219,0.47717464267781057,1.172606241164539,-0.2232371125024495,0.8670772597515547,0.7347671087229306,0.6479273541959328,0.36524832997139145,0.6114319153500704
Averett College,Yes,627,556,172,16,40,777,538,9925,4135,750,1350,59.0,67,22.4,11,6523,48,-0.9030881799653032,-0.7748910019807306,-1.093721092362519,-0.5897369692550372,-0.9721329464743201,0.30136309311121967,0.00114581738421371,1.2919414548995862,0.23977239425227162,-0.9335433168574541,-0.9808282263537185,1.9933116433066096,-0.9589007319312817,-0.7148515849923777,0.886762360446571,Medium,1,1,-0.9030881799653028,-0.7748910019807305,-1.0937210923625187,-0.5897369692550373,-0.9721329464743224,0.3013630931112197,0.0011458173842133293,1.2919414548995845,0.2397723942522716,-0.9335433168574537,-0.9808282263537182,1.9933116433066098,-0.958900731931282,-0.7148515849923402,0.9575574237576311,0.36524832997139145,0.6114319153500704
Baker University,Yes,602,483,206,21,47,958,466,8620,4100,400,2250,58.0,68,11.0,21,6136,65,-0.9440240187440183,-0.9257746373920096,-0.8733254114697189,-0.19422217291531432,-0.7185952426777742,0.207214125833888,-0.34870957995378277,-1.0237043227479306,1.319215387157323,-0.98753569322173,-0.9234340703527073,-0.7700882870015457,-0.005802574972423054,-0.902203007567974,0.8023255813953488,Low,0,1,-0.9440240187440179,-0.9257746373920095,-0.8733254114697188,-0.1942221729153144,-0.7185952426777764,0.20721412583388807,-0.3487095799537832,-1.0237043227479328,1.319215387157323,-0.9875356932217296,-0.9234340703527071,-0.7700882870015462,-0.005802574972423321,-0.9022030075679366,0.3764495201701794,-1.099672391311716,0.6114319153500704
Baldwin-Wallace College,Yes,1690,1366,662,30,61,2718,1460,10995,4410,1000,1000,68.0,74,17.6,20,8086,85,0.05703333906121747,0.15523504494147988,0.4150081919496953,0.36924448019518263,0.38403780906839297,0.9931283639336966,0.26609057807019054,2.414475888364001,-0.38201766038027757,-0.4078622247453497,-0.5503313595284204,0.9207095836031439,-0.08895267462994533,-0.10280575845199819,0.808284023668639,Medium,1,1,0.05703333906121793,0.15523504494147997,0.4150081919496954,0.3692444801951825,0.3840378090683908,0.9931283639336967,0.2660905780701902,2.414475888363999,-0.38201766038027757,-0.40786222474534944,-0.5503313595284202,0.9207095836031439,-0.0889526746299456,-0.10280575845196074,0.41745650713705634,0.36524832997139145,0.6114319153500704
Barat College,Yes,261,192,111,15,36,453,266,9690,4300,500,500,57.0,77,9.7,35,9337,71,-1.812886038834737,-1.951421298587854,-1.654837117180499,-0.6795322253656407,-1.6817487974964458,-0.14789628285036605,-0.059526477789433485,-0.22262317064607157,-1.784000288095055,-1.0406425497511826,-0.3447982089823837,-1.146902673531305,0.9955307035299448,0.2699362853861696,0.735632183908046,Medium,1,1,-1.8128860388347365,-1.951421298587854,-1.6548371171804988,-0.6795322253656408,-1.681748797496448,-0.147896282850366,-0.05952647778943388,-0.22262317064607365,-1.784000288095055,-1.0406425497511824,-0.34479820898238345,-1.1469026735313055,0.9955307035299447,0.26993628538620706,-0.08254549162983799,0.36524832997139145,0.6114319153500704
Bard College,Yes,1910,838,285,50,85,1004,15,19264,6206,750,750,98.0,98,10.4,30,13894,79,0.17068668368022974,-0.34329123243560117,-0.49170117417940024,1.273895148987768,-0.663393070733848,-1.6940772138902724,1.8951837328703995,1.2919414548995862,-0.9696251460136798,1.857152611135047,1.4755065650850636,-0.9416747897833104,0.6666429698449552,1.1641117633007376,0.4387434554973822,High,2,1,0.17068668368023018,-0.34329123243560106,-0.4917011741794001,1.273895148987768,-0.6633930707338502,-1.6940772138902724,1.8951837328703995,1.2919414548995845,-0.9696251460136798,1.8571526111350471,1.4755065650850643,-0.9416747897833109,0.6666429698449551,1.1641117633007751,-2.1257829114372195,1.8301690512544988,0.6114319153500704
Barnard College,Yes,2496,1402,531,53,95,2121,69,17926,8124,600,850,83.0,93,10.3,33,12580,91,0.4156201983973116,0.18131187791619793,0.18894756987438374,1.385007259754036,0.14421724962938304,-0.9273072334434315,1.6680629348617444,0.4488454168127673,-0.7149803023664479,0.6264621373681686,0.9788813231015295,-0.9706500139500978,0.8670772597515548,0.957884227423573,0.561698717948718,High,2,1,0.41562019839731207,0.18131187791619802,0.18894756987438385,1.385007259754036,0.14421724962938084,-0.9273072334434314,1.6680629348617444,0.44884541681276535,-0.7149803023664479,0.6264621373681689,0.97888132310153,-0.9706500139500982,0.8670772597515547,0.9578842274236105,-1.2795844230415818,1.8301690512544988,0.6114319153500704
Barry University,Yes,990,784,279,18,45,1811,3144,11290,5360,600,1800,76.0,78,12.6,11,9084,72,-0.4519791262899978,-0.4125473429627706,-0.5161394202810078,-0.42188701698591335,-0.015530945512559756,1.5721053040139517,0.33613903271153617,0.4488454168127673,0.8443887826691915,0.11925016044057488,-0.273401038284349,-0.32977869646566793,-0.9589007319312817,0.2009258252669585,0.7919191919191919,Medium,1,1,-0.45197912628999737,-0.4125473429627705,-0.5161394202810077,-0.42188701698591347,-0.015530945512561947,1.5721053040139517,0.33613903271153583,0.44884541681276535,0.8443887826691915,0.11925016044057517,-0.2734010382843487,-0.3297786964656682,-0.958900731931282,0.20092582526699596,0.30483102358191416,0.36524832997139145,0.6114319153500704
Baylor University,Yes,6075,5349,2367,34,66,9919,484,6450,3920,600,1346,71.0,76,18.5,38,7503,72,1.1955781054935537,1.462942689117994,1.5819409177005186,0.5798146710452374,1.4441839385570785,0.231922164120173,-1.017191386543075,0.4488454168127673,0.23357983668861718,-0.2167793357746881,-0.41474500229721806,1.1299020011263075,1.1813122658270099,-0.3081954105064514,0.8804938271604938,Low,0,1,1.1955781054935541,1.462942689117994,1.5819409177005188,0.5798146710452373,1.4441839385570763,0.23192216412017305,-1.0171913865430757,0.44884541681276535,0.23357983668861715,-0.2167793357746878,-0.4147450022972178,1.1299020011263075,1.1813122658270099,-0.3081954105064139,0.91441633906241,-1.099672391311716,0.6114319153500704
Beaver College,Yes,1163,850,348,23,56,878,519,12850,5400,400,800,78.0,89,12.2,30,8954,73,-0.2965449972011807,-0.3285486967760287,-0.2661548038561375,-0.05547969999806644,-0.8227578207749534,0.27767862322311565,0.6878962159335482,-1.0237043227479306,-0.8385145305308968,0.259795832499163,0.6107698796775962,-0.4376697884463484,0.6666429698449552,0.1643121901013457,0.7308684436801376,Medium,1,1,-0.29654499720118027,-0.3285486967760286,-0.2661548038561374,-0.05547969999806654,-0.8227578207749556,0.2776786232231157,0.687896215933548,-1.0237043227479328,-0.8385145305308968,0.25979583249916327,0.6107698796775967,-0.43766978844634874,0.6666429698449551,0.16431219010138315,-0.11533034117266262,0.36524832997139145,0.6114319153500704
Bellarmine College,Yes,807,707,308,39,63,1198,605,8840,2950,750,1290,74.0,82,13.1,31,6668,84,-0.6519351354411269,-0.5206595665895596,-0.4032322506553515,0.8187257600747313,-0.4604890589785393,0.3792562983440603,-0.2874047951440182,1.2919414548995862,0.14499519695836988,-0.017792359075214106,0.026908565600263796,-0.19680572791589224,0.7345530092783118,-0.6489695304263925,0.8760842627013631,Medium,1,1,-0.6519351354411265,-0.5206595665895595,-0.4032322506553514,0.8187257600747312,-0.4604890589785415,0.3792562983440604,-0.2874047951440186,1.2919414548995845,0.14499519695836985,-0.01779235907521381,0.026908565600264143,-0.1968057279158925,0.7345530092783117,-0.6489695304263551,0.8840689858429704,0.36524832997139145,0.6114319153500704
Belmont Abbey College,Yes,632,494,129,17,36,709,131,9000,4850,300,2480,78.0,85,13.2,10,7550,52,-0.8951116331762193,-0.9015372240754977,-1.4580466094767661,-0.5039903742110078,-1.086737255735565,-0.5697252789869615,-0.2434452512890082,-2.023772875573782,1.5279366296866401,0.259795832499163,0.26789815935115474,-0.17045420531183852,-1.0747688529439479,-0.2907436799150888,0.7816455696202531,Medium,1,1,-0.8951116331762189,-0.9015372240754976,-1.458046609476766,-0.5039903742110079,-1.0867372557355672,-0.5697252789869613,-0.24344525128900865,-2.0237728755737847,1.5279366296866401,0.25979583249916327,0.26789815935115513,-0.17045420531183875,-1.0747688529439483,-0.29074367991505135,0.23412625270518556,0.36524832997139145,0.6114319153500704
Belmont University,Yes,1220,974,481,28,67,1964,623,7800,3664,650,900,61.0,61,11.1,19,7614,49,-0.2507247852329339,-0.18807489501688313,0.08505757364487294,0.2560970954071895,0.06715856052836558,0.39885234263175756,-0.5867007137093613,0.7485437875764888,-0.5981756735654908,-0.8229044689180576,-1.2975068699343983,-0.7418550947282283,-0.17422905107118244,-0.26724479516297767,0.7983606557377049,Low,0,1,-0.25072478523293346,-0.18807489501688304,0.08505757364487306,0.2560970954071894,0.06715856052836339,0.3988523426317576,-0.5867007137093617,0.7485437875764869,-0.5981756735654908,-0.8229044689180572,-1.2975068699343981,-0.7418550947282286,-0.17422905107118275,-0.2672447951629402,0.34916224485386427,-1.099672391311716,0.6114319153500704
Bemidji State University,No,1208,877,546,12,36,3796,824,4425,2700,660,1800,57.0,62,19.6,16,3752,46,-0.2601772454369252,-0.2961752760215308,0.21792906251516386,-0.9785370964802453,0.687085800568389,0.5885814866402472,-1.7918218681132216,0.8060529764293244,0.8443887826691915,-1.0406425497511826,-1.2479642050627717,1.3801793817007506,-0.44458151258091694,-2.6506831130032835,0.7259933774834437,Low,0,0,-0.2601772454369248,-0.2961752760215307,0.21792906251516397,-0.9785370964802454,0.6870858005683868,0.5885814866402473,-1.7918218681132225,0.8060529764293226,0.8443887826691915,-1.0406425497511824,-1.2479642050627715,1.3801793817007506,-0.44458151258091727,-2.650683113003246,-0.1488813544780407,-1.099672391311716,-1.635505074064474
Bennington College,Yes,519,327,114,25,53,457,2,21700,4100,600,500,35.0,59,10.1,33,16364,55,-1.0943331784934143,-1.3515655172821455,-1.6195848413503882,0.07462985430502922,-1.6694995761893774,-2.547161736425047,2.2834464746215675,0.4488454168127673,-1.784000288095055,-1.9835362356217738,-1.3928032882186436,-1.028937190590704,0.8670772597515548,1.481045496806035,0.630057803468208,High,2,1,-1.0943331784934138,-1.3515655172821455,-1.619584841350388,0.07462985430502912,-1.6694995761893796,-2.547161736425047,2.2834464746215675,0.44884541681276535,-1.784000288095055,-1.9835362356217736,-1.3928032882186434,-1.0289371905907045,0.8670772597515547,1.4810454968060724,-0.8091258702196141,1.8301690512544988,0.6114319153500704
Bentley College,Yes,3466,2330,640,20,60,3095,1533,13800,5510,630,850,87.0,87,17.5,20,10941,82,0.7095405067883638,0.6813537246281709,0.3808518321899896,-0.2672791173259531,0.5045233863958268,1.028685090811443,0.8885461518440219,0.6311670248859246,-0.7149803023664479,0.9355053891588669,0.43622029750213775,0.8972070291531553,-0.08895267462994533,0.6492183063766505,0.6722446624350836,Medium,1,1,0.7095405067883642,0.681353724628171,0.3808518321899897,-0.2672791173259532,0.5045233863958246,1.028685090811443,0.8885461518440217,0.6311670248859227,-0.7149803023664479,0.9355053891588673,0.43622029750213814,0.8972070291531553,-0.0889526746299456,0.6492183063766879,-0.5187889169553397,0.36524832997139145,0.6114319153500704
Berry College,Yes,1858,1221,480,37,68,1620,49,8050,3940,350,2375,80.0,80,16.3,17,10511,63,0.14514172627041227,0.04221092754415627,0.082854359880473,0.7260374574039264,-0.13159301095627798,-1.1093038945974432,-0.512471794927167,-1.4924117130767802,1.4350411156773286,0.4038409378509051,-0.12621201953217973,0.6108922141841117,-0.3518428206385443,0.5562716119769744,0.6571582346609257,Low,0,1,0.14514172627041272,0.04221092754415637,0.08285435988047311,0.7260374574039263,-0.13159301095628018,-1.1093038945974432,-0.5124717949271674,-1.4924117130767824,1.4350411156773286,0.40384093785090536,-0.12621201953217942,0.6108922141841115,-0.3518428206385446,0.5562716119770118,-0.6226162125364058,-1.099672391311716,0.6114319153500704
Bethany College,Yes,878,816,200,16,41,706,62,8740,3363,550,1700,62.0,68,11.6,29,7718,48,-0.5690686825928244,-0.3709144375741543,-0.9090259739828781,-0.5897369692550372,-1.0920993770438985,-0.984836331468239,-0.31514508055261353,0.12646725882300056,0.7235868128126894,-0.7662592027979903,-0.9234340703527073,-0.6021742165602336,0.5975616518085038,-0.2296959438249972,0.929384965831435,Low,0,1,-0.569068682592824,-0.3709144375741542,-0.909025973982878,-0.5897369692550373,-1.0920993770439007,-0.9848363314682389,-0.315145080552614,0.12646725882299856,0.7235868128126894,-0.76625920279799,-0.9234340703527071,-0.602174216560234,0.5975616518085037,-0.22969594382495975,1.2508932560684336,-1.099672391311716,0.6114319153500704
Bethel College KS,Yes,202,184,122,19,42,537,101,8540,3580,500,1400,61.0,80,8.8,32,8324,56,-2.0903205525727464,-2.0003151650272857,-1.5305765217176843,-0.3430819714331799,-1.4488824077251516,-0.7174767338180049,-0.37125650144393496,-0.22262317064607157,0.31574018896209594,-0.8229044689180576,-0.12621201953217973,-1.4196167095112913,0.8013473287828285,-0.025342925951762685,0.9108910891089109,Low,0,1,-2.090320552572746,-2.0003151650272857,-1.530576521717684,-0.34308197143318003,-1.4488824077251539,-0.7174767338180048,-0.3712565014439354,-0.22262317064607365,0.31574018896209594,-0.8229044689180572,-0.12621201953217942,-1.4196167095112917,0.8013473287828284,-0.025342925951725236,1.1236153322514757,-1.099672391311716,0.6114319153500704
Bethel College,Yes,502,384,104,11,28,347,74,6200,2900,600,800,63.0,63,11.7,13,7623,35,-1.128305005774723,-1.1747880770089658,-1.7415505371870963,-1.0904651799155018,-2.0646274683729855,-0.8893593986896108,-1.1032540329746607,0.4488454168127673,-0.8385145305308968,-0.7087308284652433,-1.1971425260127022,-0.574526650128418,-0.7416251041701869,-0.26396446293896847,0.7649402390438247,Low,0,1,-1.1283050057747226,-1.1747880770089658,-1.741550537187096,-1.0904651799155018,-2.0646274683729877,-0.8893593986896107,-1.1032540329746614,0.44884541681276535,-0.8385145305308968,-0.7087308284652429,-1.197142526012702,-0.5745266501284183,-0.7416251041701872,-0.263964462938931,0.11915739980620507,-1.099672391311716,0.6114319153500704
Bethune Cookman College,Yes,1646,1150,542,12,30,2128,82,5188,3396,650,2500,48.0,48,13.8,9,6817,58,0.03239686228078665,-0.018483906186269078,0.21029125168904642,-0.9785370964802453,0.1474897592395305,-0.8332077471143249,-1.4770037812993415,0.7485437875764888,1.545205764645304,-1.4786478771804488,-1.8307562705848581,-0.013975971157088379,-1.1963666133652986,-0.5835123596228308,0.6986634264884569,Low,0,1,0.03239686228078711,-0.018483906186268984,0.21029125168904653,-0.9785370964802454,0.1474897592395283,-0.8332077471143248,-1.4770037812993422,0.7485437875764869,1.545205764645304,-1.4786478771804485,-1.830756270584858,-0.013975971157088578,-1.196366613365299,-0.5835123596227934,-0.33697060546913116,-1.099672391311716,0.6114319153500704
Birmingham-Southern College,Yes,805,588,287,67,88,1376,207,11660,4325,400,900,74.0,79,14.0,34,8649,72,-0.6543815639195345,-0.7153058060413118,-0.48368664200024464,1.8495539036369517,-0.3068016361530241,-0.3005752415794794,0.4223197370615732,-1.0237043227479306,-0.5981756735654908,-0.017792359075214106,-0.2005425892756753,0.03758108271501449,0.931790342010479,0.07513190647473761,0.7304347826086957,Medium,1,1,-0.6543815639195341,-0.7153058060413117,-0.4836866420002445,1.8495539036369517,-0.30680163615302625,-0.30057524157947935,0.42231973706157294,-1.0237043227479328,-0.5981756735654908,-0.01779235907521381,-0.200542589275675,0.0375810827150143,0.9317903420104788,0.07513190647477505,-0.11831486851874055,0.36524832997139145,0.6114319153500704
Blackburn College,Yes,500,336,156,25,55,421,27,6500,2700,500,1000,76.0,76,14.3,53,8377,51,-1.1323827688028782,-1.321558580029414,-1.2155794170616039,0.07462985430502922,-1.7847490761777967,-1.412112269736272,-1.0002425697687634,-0.22262317064607157,-0.38201766038027757,0.11925016044057488,-0.41474500229721806,0.11437254293617649,2.0128990085607423,-0.008552133665081889,0.672,Low,0,1,-1.1323827688028778,-1.321558580029414,-1.2155794170616037,0.07462985430502912,-1.7847490761777989,-1.412112269736272,-1.000242569768764,-0.22262317064607365,-0.38201766038027757,0.11925016044057517,-0.4147450022972178,0.11437254293617632,2.0128990085607423,-0.00855213366504444,-0.5204727243712026,-1.099672391311716,0.6114319153500704
Bluefield College,Yes,377,358,181,15,30,653,129,7150,4350,450,1500,61.0,67,17.8,3,6259,53,-1.4239103294300675,-1.2516818889974883,-1.0307868942945726,-0.6795322253656407,-1.1916807368489486,-0.5785697636748548,-0.787298293415852,-0.6036744589706652,0.4602273976750806,-0.8229044689180576,-0.9808282263537185,0.9675564808473687,-2.125098911203286,-0.8407414709389077,0.9496021220159151,Low,0,1,-1.423910329430067,-1.2516818889974883,-1.0307868942945724,-0.6795322253656408,-1.1916807368489508,-0.5785697636748547,-0.7872982934158526,-0.6036744589706673,0.4602273976750806,-0.8229044689180572,-0.9808282263537182,0.9675564808473687,-2.125098911203287,-0.8407414709388703,1.390031074669216,-1.099672391311716,0.6114319153500704
Bluffton College,Yes,692,514,209,20,50,760,81,9900,3990,400,900,76.0,71,13.3,19,9073,58,-0.8043643834126871,-0.8589112652736167,-0.8559219027288542,-0.2672791173259531,-0.9996042822620499,-0.8399489528645036,-0.005263596412139545,-1.0237043227479306,-0.5981756735654908,0.11925016044057488,-0.7431090750720101,-0.14418170109309456,-0.17422905107118244,0.1978588233435589,0.7427745664739884,Medium,1,1,-0.8043643834126867,-0.8589112652736166,-0.855921902728854,-0.2672791173259532,-0.9996042822620521,-0.8399489528645034,-0.005263596412139927,-1.0237043227479328,-0.5981756735654908,0.11925016044057517,-0.7431090750720099,-0.14418170109309478,-0.17422905107118275,0.19785882334359634,-0.033390431404286755,0.36524832997139145,0.6114319153500704
Boston University,Yes,20192,13007,3810,45,80,14971,3113,18420,6810,475,1025,80.0,81,11.9,16,16836,72,2.1699789222821946,2.2510167395794114,1.9627749633264555,1.0772490038094669,1.722848760647792,1.5643477732422597,1.753172569769049,-0.4087649589901799,-0.33119808468952017,0.4038409378509051,-0.05039854408423131,-0.5195109599719552,-0.44458151258091694,1.5333842102128394,0.6441660063391442,High,2,1,2.169978922282195,2.2510167395794114,1.9627749633264557,1.0772490038094669,1.7228487606477898,1.5643477732422597,1.753172569769049,-0.40876495899018206,-0.33119808468952017,0.40384093785090536,-0.05039854408423098,-0.5195109599719555,-0.44458151258091727,1.533384210212877,-0.7120308805026002,1.8301690512544988,0.6114319153500704
Bowdoin College,Yes,3356,1019,418,76,100,1490,8,19030,5885,1495,875,93.0,96,11.2,52,20447,96,0.6809850473278842,-0.14177100980766205,-0.0651440954232299,2.11141868411893,-0.22058821066583725,-1.9783398293021812,1.8562267009324778,4.053391455701381,-0.6557840619341024,1.425191176895042,1.2719213033900254,-0.7137225520718277,1.9616126417020698,1.8707600096832189,0.3036352800953516,High,2,1,0.6809850473278847,-0.14177100980766197,-0.06514409542322978,2.11141868411893,-0.22058821066583945,-1.9783398293021812,1.8562267009324778,4.05339145570138,-0.6557840619341024,1.4251911768950423,1.271921303390026,-0.713722552071828,1.9616126417020698,1.8707600096832564,-3.0556197603507886,1.8301690512544988,0.6114319153500704
Bowling Green State University,No,9251,7333,3076,14,45,13699,1213,7452,3352,600,1700,81.0,89,21.1,14,6918,67,1.546718353688126,1.7482246675449054,1.7949882983951688,-0.7738575489017414,1.6648561873530165,0.859583360494548,-0.6926718508759226,0.4488454168127673,0.7235868128126894,0.4771746426778103,0.6107698796775962,1.712667705759319,-0.6391619317856582,-0.5403720905343646,0.7926710625878284,Low,0,0,1.5467183536881264,1.7482246675449054,1.794988298395169,-0.7738575489017415,1.6648561873530143,0.8595833604945481,-0.6926718508759231,0.44884541681276535,0.7235868128126894,0.47717464267781057,0.6107698796775967,1.7126677057593191,-0.6391619317856585,-0.5403720905343272,0.3100055220993811,-1.099672391311716,-1.635505074064474
Bradford College,Yes,443,330,151,5,36,453,42,14080,6270,500,900,57.0,80,10.2,21,15387,46,-1.2565986752299056,-1.341466200923506,-1.256642849900463,-1.996211324615275,-1.6817487974964458,-1.189312643816526,0.9459485774560071,-0.22262317064607157,-0.5981756735654908,-1.0406425497511826,-0.12621201953217973,-0.9997369699971465,-0.005802574972423054,1.365007854681944,0.744920993227991,Medium,1,1,-1.2565986752299052,-1.341466200923506,-1.2566428499004627,-1.996211324615275,-1.681748797496448,-1.189312643816526,0.945948577456007,-0.22262317064607365,-0.5981756735654908,-1.0406425497511824,-0.12621201953217942,-0.9997369699971469,-0.005802574972423321,1.3650078546819815,-0.018618366846189505,0.36524832997139145,0.6114319153500704
Bradley University,Yes,3767,3414,1061,30,58,4531,643,10870,4440,2000,1522,75.0,81,14.4,21,7671,85,0.7829581011175308,1.0461483396031495,0.8737426919330143,0.36924448019518263,0.8388643345927559,0.42003497221865294,0.2360371157178739,5.292394504849768,0.49078165065472473,0.05029077019095683,-0.05039854408423131,0.13982744087814877,-0.005802574972423054,-0.2465687883022381,0.9062914786302098,Medium,1,1,0.7829581011175313,1.0461483396031495,0.8737426919330145,0.3692444801951825,0.8388643345927537,0.420034972218653,0.23603711571787356,5.292394504849767,0.49078165065472473,0.05029077019095713,-0.05039854408423098,0.1398274408781486,-0.005802574972423321,-0.24656878830220066,1.0919600508370169,0.36524832997139145,0.6114319153500704
Brandeis University,Yes,4186,2743,740,48,77,2819,62,19380,6750,410,1000,90.0,97,9.8,24,17150,84,0.8752858094786488,0.8383458713859775,0.526334275765442,1.1970584702876572,0.41822954230344966,-0.984836331468239,1.9143807781428344,-0.9361631919587464,-0.38201766038027757,1.1764343828889745,1.3728847638717647,-1.1172333203849842,0.2322748898408057,1.5669772950645164,0.65527950310559,High,2,1,0.8752858094786492,0.8383458713859776,0.5263342757654421,1.1970584702876572,0.4182295423034475,-0.9848363314682389,1.9143807781428344,-0.9361631919587486,-0.38201766038027757,1.1764343828889747,1.3728847638717654,-1.1172333203849847,0.23227488984080544,1.566977295064554,-0.6355459543834086,1.8301690512544988,0.6114319153500704
Brenau University,Yes,367,274,158,12,41,917,479,9592,5879,500,700,71.0,80,13.7,12,5935,49,-1.4519874499280332,-1.548364829188634,-1.199576981280013,-0.9785370964802453,-0.7705940055333151,0.22514317620036295,-0.08511329305522775,-0.22262317064607157,-1.109331268357997,-0.2167793357746881,-0.12621201953217973,-0.03986551937032104,-0.8480459248697001,-1.006800706193312,0.7465940054495913,Medium,1,1,-1.4519874499280327,-1.548364829188634,-1.1995769812800128,-0.9785370964802454,-0.7705940055333174,0.225143176200363,-0.08511329305522813,-0.22262317064607365,-1.109331268357997,-0.2167793357746878,-0.12621201953217942,-0.03986551937032124,-0.8480459248697004,-1.0068007061932744,-0.007104419539168478,0.36524832997139145,0.6114319153500704
Brewton-Parker College,Yes,1436,1228,1202,10,26,1320,822,4371,2370,500,2000,62.0,62,12.6,10,4900,18,-0.09584351853063294,0.04798965674108509,0.9896536084129334,-1.2101701573606454,-0.3524076850026147,0.5869103170579034,-1.815412140210762,-0.22262317064607157,1.0679442535532966,-0.7662592027979903,-1.2479642050627717,-0.32977869646566793,-1.0747688529439479,-1.6457106706610563,0.8551532033426184,Low,0,1,-0.09584351853063248,0.047989656741085185,0.9896536084129335,-1.2101701573606454,-0.3524076850026169,0.5869103170579035,-1.8154121402107628,-0.22262317064607365,1.0679442535532966,-0.76625920279799,-1.2479642050627715,-0.3297786964656682,-1.0747688529439483,-1.6457106706610187,0.7400179673117442,-1.099672391311716,0.6114319153500704
Briar Cliff College,Yes,392,351,155,16,44,738,430,10260,3597,600,1500,39.0,66,13.1,26,8355,58,-1.383261054208341,-1.2734059856717126,-1.223669585852573,-0.5897369692550372,-1.036289062354991,0.15509794766423327,0.08602848496839335,0.4488454168127673,0.4602273976750806,-1.844359915728285,-1.0368844883532395,-0.19680572791589224,0.38265991480354933,-0.015502136707532194,0.8954081632653061,Medium,1,1,-1.3832610542083406,-1.2734059856717126,-1.2236695858525728,-0.5897369692550373,-1.0362890623549932,0.15509794766423332,0.086028484968393,0.44884541681276535,0.4602273976750806,-1.8443599157282848,-1.0368844883532393,-0.1968057279158925,0.3826599148035491,-0.015502136707494745,1.0170592712615234,0.36524832997139145,0.6114319153500704
Brigham Young University at Provo,Yes,7365,5402,4615,48,82,27378,1253,2340,3580,860,1220,76.0,76,20.5,40,7916,33,1.3577213672078914,1.4719520096893708,2.108472201580402,1.1970584702876572,2.0884826140835964,0.8827874678816101,-2.8933112817023314,1.820889938810833,0.028970257788177214,0.11925016044057488,-0.41474500229721806,1.5808344979816342,1.3009860204398638,-0.1603029222685138,0.73346911065852,Low,0,1,1.3577213672078918,1.4719520096893708,2.108472201580402,1.1970584702876572,2.088482614083594,0.8827874678816102,-2.8933112817023323,1.8208899388108315,0.028970257788177196,0.11925016044057517,-0.4147450022972178,1.5808344979816344,1.3009860204398638,-0.16030292226847637,-0.0974321201282507,-1.099672391311716,0.6114319153500704
Brown University,Yes,12586,3239,1462,87,95,5643,349,19528,5926,720,1100,99.0,100,7.6,39,20440,97,1.7968735047327393,0.9964637246843377,1.1671595922393692,2.402057526494175,1.0190555939232615,0.021691923338581373,1.9387644658045768,1.135927144748244,-0.18552421188393892,1.9461465517858045,1.68576474558277,-1.801129838939233,1.2415456071859763,1.8701954454017868,0.2573494358811378,High,2,1,1.7968735047327398,0.9964637246843379,1.1671595922393694,2.402057526494175,1.0190555939232593,0.02169192333858144,1.9387644658045768,1.1359271447482422,-0.18552421188393894,1.9461465517858048,1.6857647455827707,-1.8011298389392336,1.2415456071859763,1.8701954454018244,-3.3741666092397136,1.8301690512544988,0.6114319153500704
Bryn Mawr College,Yes,1465,810,313,71,95,1088,16,18165,6750,500,1200,100.0,100,12.3,49,17449,89,-0.07697607385210577,-0.3785862451580573,-0.38500703454091495,1.968953882024796,-0.5701315243210552,-1.6638982114824246,1.7094289720083333,-0.22262317064607157,-0.005344142276702718,2.036006861914174,1.68576474558277,-0.4105671795649674,1.8045989566129816,1.5981034385707014,0.552901023890785,High,2,1,-0.07697607385210531,-0.37858624515805717,-0.38500703454091484,1.968953882024796,-0.5701315243210574,-1.6638982114824246,1.7094289720083333,-0.22262317064607365,-0.005344142276702737,2.0360068619141742,1.6857647455827707,-0.41056717956496774,1.8045989566129816,1.5981034385707389,-1.3401316112201815,1.8301690512544988,0.6114319153500704
Bucknell University,Yes,6548,3813,862,49,85,3316,31,18550,4750,800,1200,95.0,97,14.2,36,13675,93,1.2589900871810833,1.1499346402179114,0.675812485093225,1.2357659546725401,0.5671164054561882,-1.3434724516119574,1.7753205026928074,1.5402401052701242,-0.005344142276702718,1.5953726226723983,1.3728847638717647,0.08884698314321551,1.0583393926787488,1.131854520835957,0.5823152107513745,High,2,1,1.2589900871810837,1.1499346402179114,0.6758124850932251,1.2357659546725401,0.567116405456186,-1.3434724516119574,1.7753205026928074,1.5402401052701227,-0.005344142276702737,1.5953726226723985,1.3728847638717654,0.08884698314321533,1.0583393926787488,1.1318545208359945,-1.1376983036692427,1.8301690512544988,0.6114319153500704
Buena Vista College,Yes,860,688,285,32,70,1928,442,13306,3797,450,950,62.0,69,8.8,10,6333,78,-0.5893768683113925,-0.5492760975090654,-0.49170117417940024,0.47695784935626834,0.04842638464313291,0.172893876863523,0.7853802203474693,-0.6036744589706652,-0.4873892780078052,-0.7662592027979903,-0.8646904686259159,-1.4196167095112913,-1.0747688529439479,-0.8046464190036804,0.8,Medium,1,1,-0.589376868311392,-0.5492760975090653,-0.4917011741794001,0.4769578493562682,0.04842638464313072,0.17289387686352306,0.7853802203474692,-0.6036744589706673,-0.4873892780078052,-0.76625920279799,-0.8646904686259157,-1.4196167095112917,-1.0747688529439483,-0.804646419003643,0.360444483686572,0.36524832997139145,0.6114319153500704
Butler University,Yes,2362,2037,700,40,68,2607,148,13130,4650,500,1600,77.0,81,10.9,29,9511,83,0.365509880679047,0.5507430802874694,0.4710306909357884,0.8637602612893264,0.3446263812099535,-0.49911147885674606,0.7480184039105351,-0.22262317064607157,0.5958249401869283,0.18908533721226045,-0.05039854408423131,-0.7984234089412169,0.5975616518085038,0.31576179657259484,0.8624047417442845,Medium,1,1,0.36550988067904744,0.5507430802874695,0.47103069093578853,0.8637602612893263,0.3446263812099513,-0.499111478856746,0.7480184039105349,-0.22262317064607365,0.5958249401869283,0.18908533721226076,-0.05039854408423098,-0.7984234089412173,0.5975616518085037,0.3157617965726323,0.7899242560845526,0.36524832997139145,0.6114319153500704
Cabrini College,Yes,599,494,224,8,28,1035,446,10518,6250,300,300,59.0,76,16.5,36,7117,71,-0.9490587243205965,-0.9015372240754977,-0.7730221702382035,-1.47898716331229,-0.6279030075687219,0.17872898024943695,0.1501697361450945,-2.023772875573782,-2.7874335864353945,-0.9335433168574541,-0.41474500229721806,0.6591773922895536,1.0583393926787488,-0.458125734853866,0.8247078464106845,Medium,1,1,-0.949058724320596,-0.9015372240754976,-0.7730221702382034,-1.47898716331229,-0.6279030075687241,0.178728980249437,0.15016973614509413,-2.0237728755737847,-2.7874335864353945,-0.9335433168574537,-0.4147450022972178,0.6591773922895535,1.0583393926787488,-0.4581257348538285,0.5304879764773569,0.36524832997139145,0.6114319153500704
Caldwell College,Yes,1011,604,213,17,42,693,868,8900,4600,425,1000,87.0,96,13.9,25,7922,55,-0.4316152907074361,-0.6867993548715156,-0.8331600860303388,-0.5039903742110078,-1.1156606318925733,0.6244504486522161,-0.27085928974202406,-0.8082879390325629,-0.38201766038027757,0.9355053891588669,1.2719213033900254,0.011839314538266496,0.30823399686918296,-0.15824156302437134,0.5974282888229476,Medium,1,1,-0.43161529070743565,-0.6867993548715154,-0.8331600860303386,-0.5039903742110079,-1.1156606318925755,0.6244504486522162,-0.2708592897420245,-0.8082879390325651,-0.38201766038027757,0.9355053891588673,1.271921303390026,0.011839314538266303,0.30823399686918274,-0.1582415630243339,-1.033687596325732,0.36524832997139145,0.6114319153500704
California Lutheran University,Yes,563,247,247,23,52,1427,432,12950,5300,612,576,72.0,74,12.4,17,8985,60,-1.0116789697348851,-1.6649291063075164,-0.6576018166696503,-0.05547969999806644,-0.26719495256252,0.15809482812060896,0.7094661597022409,0.5227097062008732,-1.5016180975963025,-0.15132790347030226,-0.5503313595284204,-0.3835517785009084,-0.3518428206385443,0.17311659104819682,0.43872113676731794,Medium,1,1,-1.0116789697348847,-1.6649291063075164,-0.6576018166696502,-0.05547969999806654,-0.2671949525625222,0.15809482812060902,0.7094661597022407,0.5227097062008713,-1.5016180975963025,-0.15132790347030195,-0.5503313595284202,-0.3835517785009087,-0.3518428206385446,0.17311659104823426,-2.1259365126354663,0.36524832997139145,0.6114319153500704
California Polytechnic-San Luis,No,7811,3817,1650,47,73,12911,1404,7380,4877,612,2091,72.0,81,19.8,13,8453,59,1.406767010255429,1.150915402330493,1.2741896382071376,1.1577515980780555,1.6255289119323222,0.964746785127021,-0.7150001160214469,0.5227097062008732,1.162698857294834,-0.15132790347030226,-0.05039854408423131,1.4250797976781568,-0.7416251041701869,0.015243953643118494,0.4886698246063244,Low,0,0,1.4067670102554295,1.150915402330493,1.2741896382071378,1.1577515980780555,1.62552891193232,0.9647467851270211,-0.7150001160214473,0.5227097062008713,1.162698857294834,-0.15132790347030195,-0.05039854408423098,1.4250797976781568,-0.7416251041701872,0.015243953643155943,-1.7821813670316624,-1.099672391311716,-1.635505074064474
California State University at Fresno,No,4540,3294,1483,5,60,13494,1254,7706,4368,600,1926,90.0,90,21.2,8,7268,61,0.9458609465043699,1.0123818436771044,1.1798810662804482,-1.996211324615275,1.6548956942635273,0.8833589546499336,-0.6150142400143672,0.4488454168127673,0.9878164751887591,1.1764343828889745,0.700405830648109,1.7344946363743712,-1.3245972639117196,-0.39802653004072486,0.7255506607929515,Low,0,0,0.9458609465043704,1.0123818436771044,1.1798810662804484,-1.996211324615275,1.6548956942635251,0.8833589546499337,-0.6150142400143677,0.44884541681276535,0.9878164751887591,1.1764343828889747,0.7004058306481095,1.7344946363743714,-1.32459726391172,-0.3980265300406874,-0.1519282040948297,-1.099672391311716,-1.635505074064474
Calvin College,Yes,1784,1512,913,29,56,3401,136,10230,3710,400,1210,75.0,81,14.8,41,7786,81,0.10743304096801569,0.2567687033235834,0.7312169310076712,0.3133903214820356,0.5898492108030117,-0.5481363508543965,0.07850182185390614,-1.0237043227479306,0.011880514233353071,0.05029077019095683,-0.05039854408423131,0.2409539322252467,1.3596629107341651,-0.2055601635423627,0.8475336322869955,Medium,1,1,0.10743304096801615,0.25676870332358354,0.7312169310076713,0.3133903214820355,0.5898492108030094,-0.5481363508543964,0.07850182185390578,-1.0237043227479328,0.011880514233353052,0.05029077019095713,-0.05039854408423098,0.24095393222524655,1.3596629107341651,-0.20556016354232526,0.6875788168358294,0.36524832997139145,0.6114319153500704
Campbell University,Yes,2087,1339,657,20,54,3191,1204,7550,2790,600,500,77.0,77,21.8,34,3739,63,0.252350170214589,0.1351909512963047,0.40736148021362356,-0.2672791173259531,0.5323619944074397,0.8542673412089794,-0.6625067969676823,0.4488454168127673,-1.784000288095055,0.18908533721226045,-0.3447982089823837,1.8646091847591346,0.931790342010479,-2.6647052155056024,0.6415908001916627,Low,0,1,0.25235017021458944,0.1351909512963048,0.4073614802136237,-0.2672791173259532,0.5323619944074375,0.8542673412089795,-0.6625067969676828,0.44884541681276535,-1.784000288095055,0.18908533721226076,-0.34479820898238345,1.8646091847591348,0.9317903420104788,-2.664705215505565,-0.729753875890199,-1.099672391311716,0.6114319153500704
Campbellsville College,Yes,848,587,298,25,55,935,184,6060,3070,600,1300,62.0,66,17.7,13,5391,49,-0.6031710541934188,-0.7171148901280525,-0.4407280862896366,0.07462985430502922,-0.7474230326899846,-0.37101126916369426,-1.1524468269372832,0.4488454168127673,0.16107890591759866,-0.7662592027979903,-1.0368844883532395,0.9441592619365367,-0.7416251041701869,-1.3192429351571038,0.6922169811320755,Low,0,1,-0.6031710541934183,-0.7171148901280524,-0.4407280862896365,0.07462985430502912,-0.7474230326899868,-0.3710112691636942,-1.1524468269372838,0.44884541681276535,0.16107890591759863,-0.76625920279799,-1.0368844883532393,0.9441592619365367,-0.7416251041701872,-1.3192429351570663,-0.38133611051007255,-1.099672391311716,0.6114319153500704
Canisius College,Yes,2853,2193,753,16,34,2978,434,10750,5340,400,1130,90.0,92,14.6,26,7972,64,0.5361670980019185,0.6226084571816543,0.543569362742401,-0.5897369692550372,0.4691359531301549,0.161079207251997,0.20697179921578737,-1.0237043227479306,-0.1298864815091378,1.1764343828889745,0.8844513618593768,0.19052797710194921,0.38265991480354933,-0.14115586050092102,0.768664563617245,Medium,1,1,0.536167098001919,0.6226084571816544,0.5435693627424011,-0.5897369692550373,0.4691359531301527,0.16107920725199706,0.20697179921578704,-1.0237043227479328,-0.12988648150913784,1.1764343828889747,0.8844513618593772,0.19052797710194908,0.3826599148035491,-0.14115586050088358,0.14478881859619244,0.36524832997139145,0.6114319153500704
Capital University,Yes,1747,1382,449,34,66,1662,960,13050,4000,500,800,64.0,69,12.1,27,9557,83,0.08794327344841207,0.16691429773394276,0.011802507768990089,0.5798146710452374,-0.10468707321443628,0.6944296773272964,0.7309271422549886,-0.22262317064607157,-0.8385145305308968,-0.6503199235272579,-0.8646904686259159,-0.46486060496924364,0.45563871675750844,0.3276630429720045,0.7910704064109902,Medium,1,1,0.08794327344841253,0.16691429773394284,0.011802507768990203,0.5798146710452373,-0.10468707321443847,0.6944296773272965,0.7309271422549883,-0.22262317064607365,-0.8385145305308968,-0.6503199235272575,-0.8646904686259157,-0.464860604969244,0.4556387167575082,0.32766304297204196,0.2989895410809383,0.36524832997139145,0.6114319153500704
Capitol College,Yes,100,90,35,10,52,282,331,8400,2812,300,2134,10.0,50,12.1,24,7976,52,-2.8793229175327224,-2.8434842730014065,-3.3268814807838942,-1.2101701573606454,-2.3784510758349833,-0.011727341842467074,-0.4110492657654314,-2.023772875573782,1.2061155838754338,-2.522250635682972,-1.7615586768024587,-0.46486060496924364,0.2322748898408057,-0.13979607874537298,0.9,Low,0,1,-2.879322917532722,-2.8434842730014065,-3.3268814807838942,-1.2101701573606454,-2.3784510758349855,-0.011727341842467008,-0.4110492657654319,-2.0237728755737847,1.2061155838754338,-2.5222506356829717,-1.7615586768024585,-0.464860604969244,0.23227488984080544,-0.13979607874533553,1.0486610524817082,-1.099672391311716,0.6114319153500704
Carleton College,Yes,2694,1579,489,75,93,1870,12,19292,3957,550,550,81.0,93,10.4,60,17960,91,0.4846044460349303,0.2999076918637024,0.10249535139772521,2.083490984924034,0.017331208716560714,-1.7969766464625703,1.8998244286082842,0.12646725882300056,-1.594008814109165,0.4771746426778103,0.9788813231015295,-0.9416747897833104,2.3586124311047754,1.6494551771439812,0.5861172976985894,High,2,1,0.48460444603493075,0.29990769186370253,0.10249535139772532,2.083490984924034,0.017331208716558525,-1.7969766464625703,1.8998244286082842,0.12646725882299856,-1.594008814109165,0.47717464267781057,0.97888132310153,-0.9416747897833109,2.3586124311047754,1.6494551771440187,-1.1115317113385121,1.8301690512544988,0.6114319153500704
Carnegie Mellon University,Yes,8728,5201,1191,60,89,4265,291,17900,5690,450,1250,86.0,93,9.2,31,24386,74,1.498781484266847,1.437270586242028,0.9811884567362135,1.6272983835603572,0.787645750587051,-0.09229706532082689,1.663541097060655,-0.6036744589706652,0.0794512520083775,0.8569371017481758,0.9788813231015295,-1.297108043156858,0.7345530092783118,2.148108596314953,0.5958982584784601,High,2,1,1.4987814842668474,1.437270586242028,0.9811884567362136,1.6272983835603572,0.7876457505870488,-0.09229706532082682,1.663541097060655,-0.6036744589706673,0.07945125200837748,0.8569371017481762,0.97888132310153,-1.2971080431568585,0.7345530092783117,2.1481085963149904,-1.0442175186640883,1.8301690512544988,0.6114319153500704
Carroll College,Yes,1160,991,352,19,55,1357,737,12200,3880,480,930,74.0,81,17.8,25,7666,79,-0.29902305677739827,-0.17031875731500123,-0.25345501660787934,-0.3430819714331799,-0.3220173650036235,0.5122528151816435,0.5449355687024039,-0.37086265662921475,-0.5310224178322148,-0.017792359075214106,-0.05039854408423131,0.9675564808473687,0.30823399686918296,-0.24837306898754793,0.8543103448275862,Medium,1,1,-0.2990230567773978,-0.17031875731500115,-0.2534550166078792,-0.34308197143318003,-0.32201736500362566,0.5122528151816436,0.5449355687024037,-0.37086265662921686,-0.5310224178322148,-0.01779235907521381,-0.05039854408423098,0.9675564808473687,0.30823399686918274,-0.2483730689875105,0.7342172753597921,0.36524832997139145,0.6114319153500704
Carson-Newman College,Yes,1096,951,464,27,62,1776,239,8150,3150,400,500,61.0,62,13.6,16,6716,67,-0.35359351318647286,-0.21263215314682463,0.046865759430626944,0.1972742770918786,-0.035648850218005367,-0.21351519250442805,-0.48320362290801583,-1.0237043227479306,-1.784000288095055,-0.8229044689180576,-1.2479642050627717,-0.06583008815144414,-0.44458151258091694,-0.6276405142209003,0.8677007299270073,Low,0,1,-0.3535935131864724,-0.21263215314682454,0.046865759430627055,0.19727427709187853,-0.03564885021800756,-0.213515192504428,-0.48320362290801633,-1.0237043227479328,-1.784000288095055,-0.8229044689180572,-1.2479642050627715,-0.06583008815144435,-0.44458151258091727,-0.6276405142208629,0.8263721242394835,-1.099672391311716,0.6114319153500704
Carthage College,Yes,1616,1427,434,20,43,1405,580,13125,3775,500,1300,74.0,89,15.9,22,7364,62,0.01519002748693042,0.19900337668432663,-0.02463803403089691,-0.2672791173259531,-0.28406498011826903,0.3511475406373983,0.7469522040328133,-0.22262317064607157,0.16107890591759866,-0.017792359075214106,0.6107698796775962,0.5136114615269335,0.07536745536606099,-0.3608005631528164,0.8830445544554455,Medium,1,1,0.015190027486930878,0.19900337668432672,-0.024638034030896795,-0.2672791173259532,-0.2840649801182712,0.35114754063739834,0.746952204032813,-0.22262317064607365,0.16107890591759863,-0.01779235907521381,0.6107698796775967,0.5136114615269334,0.07536745536606074,-0.3608005631527789,0.9319708669310472,0.36524832997139145,0.6114319153500704
Case Western Reserve University,Yes,3877,3156,713,71,93,3051,513,15700,4730,525,1460,95.0,95,2.9,29,19733,67,0.8082271467672502,0.971886781191556,0.48939568286866175,1.968953882024796,0.4914097256656176,0.27003654697485485,1.2641738875645396,-0.04444461100956184,0.4035653716997822,1.5953726226723983,1.1726062411645384,-3.6193994463057746,0.5975616518085038,1.8116069184493264,0.8140314676296105,High,2,1,0.8082271467672506,0.9718867811915561,0.48939568286866186,1.968953882024796,0.4914097256656154,0.2700365469748549,1.2641738875645394,-0.04444461100956388,0.4035653716997822,1.5953726226723985,1.172606241164539,-3.6193994463057755,0.5975616518085037,1.811606918449364,0.4570113687586776,1.8301690512544988,0.6114319153500704
Catawba College,Yes,1083,880,291,13,34,915,80,9270,4100,600,1860,75.0,82,13.5,27,8425,55,-0.3650962937067199,-0.29264411589646727,-0.4678490312822603,-0.8732912125649614,-0.7732027700433232,-0.8467657264516159,-0.17041140443684397,0.4488454168127673,0.9138401876189097,0.05029077019095683,0.026908565600263796,-0.09187044892763131,0.45563871675750844,0.006515143500770046,0.8125577100646353,Medium,1,1,-0.3650962937067195,-0.29264411589646716,-0.4678490312822602,-0.8732912125649616,-0.7732027700433254,-0.8467657264516157,-0.17041140443684438,0.44884541681276535,0.9138401876189097,0.05029077019095713,0.026908565600264143,-0.09187044892763152,0.4556387167575082,0.006515143500807495,0.4468687250126462,0.36524832997139145,0.6114319153500704
Catholic University of America,Yes,1754,1465,505,24,49,2159,211,13712,6408,526,1100,90.0,96,9.3,18,12751,75,0.09166434237616615,0.225270043983492,0.1364045390903835,0.01057495289120002,0.1618260933959325,-0.28905335979087293,0.8703477917658479,-0.0374729269447651,-0.18552421188393892,1.1764343828889745,1.2719213033900254,-1.2668130231120547,-0.2617966749661709,0.9865497111228241,0.8352337514253135,Medium,1,1,0.09166434237616661,0.2252700439834921,0.1364045390903836,0.010574952891199925,0.16182609339593032,-0.2890533597908729,0.8703477917658478,-0.03747292694476714,-0.18552421188393894,1.1764343828889747,1.271921303390026,-1.2668130231120551,-0.2617966749661712,0.9865497111228615,0.602928998803672,0.36524832997139145,0.6114319153500704
Cedar Crest College,Yes,776,607,198,25,58,791,764,14340,5285,500,1000,58.0,83,11.7,39,10961,74,-0.6906072256182303,-0.6815442687940149,-0.921201393599865,0.07462985430502922,-0.9500542576445967,0.5367747768413245,0.9985842717816916,-0.22262317064607157,-0.38201766038027757,-0.98753569322173,0.10571998260266878,-0.574526650128418,1.2415456071859763,0.6534053389232187,0.7822164948453608,Medium,1,1,-0.6906072256182298,-0.6815442687940148,-0.9212013935998649,0.07462985430502912,-0.9500542576445989,0.5367747768413246,0.9985842717816915,-0.22262317064607365,-0.38201766038027757,-0.9875356932217296,0.10571998260266914,-0.5745266501284183,1.2415456071859763,0.6534053389232561,0.23805545469980774,0.36524832997139145,0.6114319153500704
Cedarville College,Yes,1307,1090,616,25,55,2196,82,7344,4410,570,1000,50.0,52,15.3,34,6897,64,-0.1850467725180098,-0.07298241490043614,0.3420113185273737,0.07462985430502922,0.17861204454500743,-0.8332077471143249,-0.7262178496299269,0.2583754172250177,-0.38201766038027757,-1.387541552208468,-1.6878455216990524,0.36585103864898416,0.931790342010479,-0.5492623036330915,0.8339709257842387,Low,0,1,-0.18504677251800936,-0.07298241490043604,0.3420113185273738,0.07462985430502912,0.17861204454500523,-0.8332077471143248,-0.7262178496299273,0.2583754172250157,-0.38201766038027757,-1.3875415522084678,-1.6878455216990522,0.365851038648984,0.9317903420104788,-0.5492623036330541,0.5942380235068015,-1.099672391311716,0.6114319153500704
Centenary College,Yes,369,312,90,12,46,396,526,11400,5400,500,760,41.0,85,9.5,20,9583,24,-1.4463067783196575,-1.4035932555480917,-1.9371317908602412,-0.9785370964802453,-1.8721010428156533,0.286494200696295,0.36195138309066754,-0.22262317064607157,-0.9427508341221561,-1.7693677849927518,0.26789815935115474,-1.2066076511812729,-0.08895267462994533,0.33435118873130526,0.8455284552845529,Medium,1,1,-1.446306778319657,-1.4035932555480917,-1.937131790860241,-0.9785370964802454,-1.8721010428156555,0.28649420069629505,0.3619513830906672,-0.22262317064607365,-0.9427508341221561,-1.7693677849927516,0.26789815935115513,-1.2066076511812733,-0.0889526746299456,0.33435118873134273,0.6737788564713496,0.36524832997139145,0.6114319153500704
Centenary College of Louisiana,Yes,495,434,210,35,55,775,44,8950,3490,600,1900,86.0,92,11.3,25,9685,66,-1.1426543429215292,-1.0414207331954857,-0.8501846481567498,0.6295768701744451,-0.975326636737254,-1.1652934128860377,-0.25712716039969324,0.4488454168127673,0.9589665605710901,0.8569371017481758,0.8844513618593768,-0.6856894063241084,0.30823399686918296,0.36032385745037193,0.8767676767676768,Medium,1,1,-1.1426543429215288,-1.0414207331954857,-0.8501846481567497,0.629576870174445,-0.9753266367372562,-1.1652934128860377,-0.2571271603996937,0.44884541681276535,0.9589665605710901,0.8569371017481762,0.8844513618593772,-0.6856894063241087,0.30823399686918274,0.3603238574504094,0.8887723546808177,0.36524832997139145,0.6114319153500704
Center for Creative Studies,Yes,601,396,203,1,20,525,323,11230,6643,2340,620,8.0,58,6.8,4,13025,47,-0.945699252619917,-1.1411548019433886,-0.891023616110246,-3.3535143539738352,-1.4793214726614963,-0.02711006329879502,0.32198999789842453,5.979947604799083,-1.3539465681552665,-2.540183673377425,-1.4385813164973549,-2.068872026591639,-1.9343125782540076,1.031277305051314,0.6589018302828619,Medium,1,1,-0.9456992526199166,-1.1411548019433886,-0.8910236161102459,-3.3535143539738352,-1.4793214726614985,-0.027110063298794954,0.3219899978984242,5.979947604799082,-1.3539465681552665,-2.5401836733774243,-1.4385813164973547,-2.0688720265916394,-1.934312578254008,1.0312773050513515,-0.6106164985734546,0.36524832997139145,0.6114319153500704
Central College,Yes,1283,1113,401,31,65,1355,40,10938,3660,650,600,76.0,90,13.5,29,8444,67,-0.20268450836060342,-0.05172104664235936,-0.11018867526713944,0.4237419326421896,-0.32363412531384933,-1.2143877164458847,0.2524141431399708,0.7485437875764888,-1.419790908781924,0.11925016044057488,0.700405830648109,-0.09187044892763131,0.5975616518085038,0.012443088558929371,0.8674980514419329,Medium,1,1,-0.20268450836060298,-0.05172104664235926,-0.11018867526713932,0.4237419326421895,-0.3236341253138515,-1.2143877164458847,0.25241414313997046,0.7485437875764869,-1.419790908781924,0.11925016044057517,0.7004058306481095,-0.09187044892763152,0.5975616518085037,0.01244308855896682,0.8249772573238185,0.36524832997139145,0.6114319153500704
Central Connecticut State University,No,4158,2532,902,6,24,6394,3881,5962,4444,500,985,69.0,73,16.7,4,4900,49,0.8694320812399169,0.7615588127908538,0.719573878652108,-1.8031104107042748,1.1178223051258194,1.7387543704135384,-1.187326949945657,-0.22262317064607157,-0.41309281932898856,-0.3450470097695861,-0.6159930277260232,0.7072311119742073,-1.9343125782540076,-1.6457106706610563,0.6089466089466089,Low,0,0,0.8694320812399173,0.7615588127908539,0.7195738786521081,-1.8031104107042748,1.1178223051258172,1.7387543704135384,-1.1873269499456576,-0.22262317064607365,-0.41309281932898856,-0.3450470097695858,-0.6159930277260229,0.7072311119742072,-1.934312578254008,-1.6457106706610187,-0.9544166087878306,-1.099672391311716,-1.635505074064474
Central Missouri State University,No,4681,4101,1436,10,35,8094,1596,4620,3288,300,2250,69.0,80,19.7,4,5501,50,0.9723392788747912,1.2178789353664012,1.151114126330219,-1.2101701573606454,1.296964769869794,1.0581625960099659,-1.7081736652451236,-2.023772875573782,1.319215387157323,-0.3450470097695861,-0.12621201953217973,1.4026521772632392,-1.9343125782540076,-1.2522736171656719,0.8760948515274514,Low,0,0,0.9723392788747917,1.2178789353664012,1.1511141263302191,-1.2101701573606454,1.2969647698697917,1.0581625960099659,-1.7081736652451245,-2.0237728755737847,1.319215387157323,-0.3450470097695858,-0.12621201953217942,1.4026521772632392,-1.934312578254008,-1.2522736171656343,0.884141859898551,-1.099672391311716,-1.635505074064474
Central Washington University,No,2785,2011,1007,8,65,6507,898,7242,3603,654,1416,67.0,89,18.1,0,6413,51,0.514502819344998,0.5381954643480925,0.8245566243627943,-1.47898716331229,1.1314549933889186,0.6479767529448869,-0.7581985682417458,0.7716396291111464,0.3395052794877159,-0.46979766094537384,0.6107698796775962,1.037437464562729,-2.951166872764196,-0.7663427535493572,0.7220825852782765,Low,0,0,0.5145028193449984,0.5381954643480926,0.8245566243627944,-1.47898716331229,1.1314549933889164,0.647976752944887,-0.7581985682417464,0.7716396291111446,0.3395052794877159,-0.46979766094537356,0.6107698796775967,1.037437464562729,-2.951166872764197,-0.7663427535493198,-0.17579607440515016,-1.099672391311716,-1.635505074064474
Central Wesleyan College,Yes,174,146,88,8,29,1047,33,8300,3080,600,600,62.0,62,15.2,18,3365,58,-2.2543248584746514,-2.2685725492267412,-1.9679220252382168,-1.47898716331229,-0.6145113910874765,-1.3121054041850462,-0.43973973241154807,0.4488454168127673,-1.419790908781924,-0.7662592027979903,-1.2479642050627717,0.34100260612554617,-0.2617966749661709,-3.1029516307425307,0.8390804597701149,Low,0,1,-2.254324858474651,-2.2685725492267412,-1.9679220252382166,-1.47898716331229,-0.6145113910874788,-1.3121054041850462,-0.43973973241154857,0.44884541681276535,-1.419790908781924,-0.76625920279799,-1.2479642050627715,0.341002606125546,-0.2617966749661712,-3.1029516307424934,0.6294026829858202,-1.099672391311716,0.6114319153500704
Centre College,Yes,1013,888,288,55,82,943,7,11850,4270,600,900,95.0,99,11.4,60,13118,74,-0.4296996269238419,-0.28329020114298203,-0.4797034865627229,1.4565293811770836,-0.7372987995297797,-2.0365221055302003,0.46587896742481466,0.4488454168127673,-0.5981756735654908,1.5953726226723983,1.5797966065761389,-0.6577544312976554,2.3586124311047754,1.046133161522277,0.876604146100691,Medium,1,1,-0.42969962692384145,-0.2832902011429819,-0.47970348656272277,1.4565293811770836,-0.737298799529782,-2.0365221055302003,0.4658789674248144,0.44884541681276535,-0.5981756735654908,1.5953726226723985,1.5797966065761395,-0.6577544312976558,2.3586124311047754,1.0461331615223146,0.8876469095355608,0.36524832997139145,0.6114319153500704
Chapman University,Yes,959,771,351,23,48,1662,209,16624,5895,600,1100,72.0,80,12.8,6,12692,47,-0.4829043347345281,-0.42998197210704725,-0.25661430744327984,-0.05547969999806644,-0.10468707321443628,-0.2947894121364121,1.4361133279868779,0.4488454168127673,-0.18552421188393892,-0.15132790347030226,-0.12621201953217973,-0.27634292029735635,-1.6060058276198164,0.976725986284947,0.8039624608967675,High,2,1,-0.48290433473452765,-0.42998197210704714,-0.25661430744327973,-0.05547969999806654,-0.10468707321443847,-0.294789412136412,1.4361133279868776,0.44884541681276535,-0.18552421188393894,-0.15132790347030195,-0.12621201953217942,-0.27634292029735663,-1.6060058276198168,0.9767259862849844,0.38771479611015386,1.8301690512544988,0.6114319153500704
Chatham College,Yes,212,197,91,28,56,471,148,13500,5230,400,850,95.0,98,9.3,37,16095,52,-2.037601775934133,-1.9219554555035183,-1.9220310908148313,0.2560970954071895,-1.627635446365166,-0.49911147885674606,0.8261895026217165,-1.0237043227479306,-0.7149803023664479,1.5953726226723983,1.4755065650850636,-1.2668130231120547,1.120254670067823,1.4501727300359957,0.9292452830188679,Medium,1,1,-2.0376017759341325,-1.9219554555035183,-1.922031090814831,0.2560970954071894,-1.6276354463651683,-0.499111478856746,0.8261895026217164,-1.0237043227479328,-0.7149803023664479,1.5953726226723985,1.4755065650850643,-1.2668130231120551,1.120254670067823,1.4501727300360332,1.2499319358085874,0.36524832997139145,0.6114319153500704
Chestnut Hill College,Yes,342,254,126,25,64,518,232,10335,5015,700,850,71.0,71,8.3,29,7729,73,-1.5259395765821553,-1.6334471624768427,-1.4885612889738644,0.07462985430502922,-1.497472216147835,-0.23161885324054707,0.10478220987633809,1.0287304144592622,-0.7149803023664479,-0.2167793357746881,-0.7431090750720101,-1.5759033522670112,0.5975616518085038,-0.2257696373853141,0.7426900584795322,Medium,1,1,-1.5259395765821548,-1.6334471624768427,-1.4885612889738642,0.07462985430502912,-1.4974722161478373,-0.231618853240547,0.10478220987633774,1.0287304144592604,-0.7149803023664479,-0.2167793357746878,-0.7431090750720099,-1.5759033522670118,0.5975616518085037,-0.22576963738527667,-0.03397202942409115,0.36524832997139145,0.6114319153500704
Christendom College,Yes,81,72,51,33,71,139,3,8730,3600,400,800,92.0,92,9.3,17,10922,58,-3.1239564936004944,-3.115120037596351,-2.7487358567305145,0.5289610409990295,-3.563032061383628,-2.388637215565476,-0.3179305356170296,-1.0237043227479306,-0.8385145305308968,1.341403144864573,0.8844513618593768,-1.2668130231120547,-0.3518428206385443,0.6452297781218866,0.8888888888888888,Low,0,1,-3.123956493600494,-3.115120037596351,-2.7487358567305145,0.5289610409990294,-3.5630320613836304,-2.388637215565476,-0.31793053561703005,-1.0237043227479328,-0.8385145305308968,1.3414031448645731,0.8844513618593772,-1.2668130231120551,-0.3518428206385446,0.6452297781219241,0.9721925448378037,-1.099672391311716,0.6114319153500704
Christian Brothers University,Yes,880,520,224,16,42,1068,364,9300,3260,600,900,81.0,81,11.1,24,8129,63,-0.5668398777834427,-0.8464683323767977,-0.7730221702382035,-0.5897369692550372,-0.5915206004172685,0.04837285840967371,-0.1623830629130149,0.4488454168127673,-0.5981756735654908,0.4771746426778103,-0.05039854408423131,-0.7418550947282283,0.2322748898408057,-0.0885542392434102,0.5909090909090909,Medium,1,1,-0.5668398777834422,-0.8464683323767976,-0.7730221702382034,-0.5897369692550373,-0.5915206004172707,0.04837285840967378,-0.16238306291301532,0.44884541681276535,-0.5981756735654908,0.47717464267781057,-0.05039854408423098,-0.7418550947282286,0.23227488984080544,-0.08855423924337276,-1.0785537965214405,0.36524832997139145,0.6114319153500704
Claflin College,Yes,1196,697,499,21,47,959,13,4412,2460,500,1000,69.0,69,16.9,31,7083,21,-0.26973114620062816,-0.5356170405732981,0.12383566741242324,-0.19422217291531432,-0.7173610550676991,-1.7603222469844557,-1.7974836773031229,-0.22262317064607157,-0.38201766038027757,-0.3450470097695861,-0.8646904686259159,0.7550572350352502,0.7345530092783118,-0.47192740167613434,0.5827759197324415,Low,0,1,-0.2697311462006277,-0.535617040573298,0.12383566741242336,-0.1942221729153144,-0.7173610550677013,-1.7603222469844557,-1.7974836773031238,-0.22262317064607365,-0.38201766038027757,-0.3450470097695858,-0.8646904686259157,0.7550572350352502,0.7345530092783117,-0.47192740167609687,-1.1345276281276124,-1.099672391311716,0.6114319153500704
Claremont McKenna College,Yes,1860,767,227,71,93,887,1,17000,6010,500,850,99.0,99,9.6,52,18443,87,0.14613835886515894,-0.43540971464179984,-0.7572103689461834,1.968953882024796,-0.8104724707642428,-2.8041190614953253,1.5042853975443513,-0.22262317064607157,-0.7149803023664479,1.9461465517858045,1.5797966065761389,-1.1766935267803216,1.9616126417020698,1.6959815992752418,0.41236559139784945,High,2,1,0.14613835886515938,-0.4354097146417997,-0.7572103689461833,1.968953882024796,-0.810472470764245,-2.8041190614953253,1.5042853975443513,-0.22262317064607365,-0.7149803023664479,1.9461465517858048,1.5797966065761395,-1.176693526780322,1.9616126417020698,1.6959815992752794,-2.307319742664468,1.8301690512544988,0.6114319153500704
Clark University,Yes,2887,2059,457,30,61,1928,296,17500,4200,500,950,94.0,95,10.5,35,11951,79,0.5467921043030501,0.5612273846075756,0.030668090578635537,0.36924448019518263,0.04842638464313291,-0.08169755049037852,1.5934248513405411,-0.22262317064607157,-0.4873892780078052,1.509847796090948,1.1726062411645384,-0.9128098000811495,0.9955307035299448,0.8470990304112475,0.713197090405265,High,2,1,0.5467921043030506,0.5612273846075757,0.030668090578635652,0.3692444801951825,0.04842638464313072,-0.08169755049037845,1.5934248513405411,-0.22262317064607365,-0.4873892780078052,1.5098477960909482,1.172606241164539,-0.91280980008115,0.9955307035299447,0.8470990304112849,-0.23694752234065758,1.8301690512544988,0.6114319153500704
Clarke College,Yes,460,340,167,14,45,604,350,10740,3676,350,900,67.0,71,11.0,27,7963,74,-1.2178332076589464,-1.3084966792375685,-1.130347931306153,-0.7738575489017414,-1.2929378886650458,0.023502559492479713,0.2045401037531277,-1.4924117130767802,-0.5981756735654908,-0.46979766094537384,-0.7431090750720101,-0.7700882870015457,0.45563871675750844,-0.1442191848145873,0.7391304347826086,Medium,1,1,-1.217833207658946,-1.3084966792375685,-1.1303479313061529,-0.7738575489017415,-1.292937888665048,0.02350255949247978,0.20454010375312737,-1.4924117130767824,-0.5981756735654908,-0.46979766094537356,-0.7431090750720099,-0.7700882870015462,0.4556387167575082,-0.14421918481454984,-0.05846994949307686,0.36524832997139145,0.6114319153500704
Clarkson University,Yes,2174,1953,557,35,68,2332,53,15960,5580,700,1300,95.0,95,15.8,32,11659,77,0.289802311942307,0.5095687115303056,0.23860479593266373,0.6295768701744451,0.2374707973116656,-1.068112561140503,1.313211536863516,1.0287304144592622,0.16107890591759866,1.5953726226723983,1.1726062411645384,0.4891402549986991,0.8013473287828285,0.7925900396281493,0.8983440662373505,High,2,1,0.28980231194230743,0.5095687115303057,0.23860479593266384,0.629576870174445,0.2374707973116634,-1.068112561140503,1.3132115368635158,1.0287304144592604,0.16107890591759863,1.5953726226723985,1.172606241164539,0.489140254998699,0.8013473287828284,0.7925900396281867,1.0372646419588818,1.8301690512544988,0.6114319153500704
Clemson University,No,8065,5257,2301,37,65,11755,770,8116,3610,800,1618,82.0,88,18.0,17,7597,73,1.4333716689778224,1.4470750619383663,1.558431179222533,0.7260374574039264,1.5622049576329842,0.5421176719286575,-0.49312824191364973,1.5402401052701242,0.6193728253082224,0.5513818552357662,0.5227114720482265,1.0141951792647574,-0.3518428206385443,-0.2734571730013461,0.651828890266584,Low,0,0,1.4333716689778229,1.4470750619383663,1.5584311792225332,0.7260374574039263,1.562204957632982,0.5421176719286576,-0.49312824191365023,1.5402401052701227,0.6193728253082224,0.5513818552357665,0.522711472048227,1.0141951792647574,-0.3518428206385446,-0.2734571730013086,-0.6592936436664204,-1.099672391311716,-1.635505074064474
Clinch Valley Coll. of  the Univ. of Virginia,No,689,561,250,15,30,1125,422,7168,3689,600,1900,67.0,67,18.1,9,4417,46,-0.8086975204655754,-0.7653428915988313,-0.6434650856083441,-0.6795322253656407,-0.5317979330731031,0.14298317222068238,-0.7815856288063385,0.4488454168127673,0.9589665605710901,-0.46979766094537384,-0.9808282263537185,1.037437464562729,-1.1963666133652986,-2.0196535304469903,0.8142235123367199,Low,0,0,-0.808697520465575,-0.7653428915988312,-0.643465085608344,-0.6795322253656408,-0.5317979330731053,0.14298317222068244,-0.7815856288063391,0.44884541681276535,0.9589665605710901,-0.46979766094537356,-0.9808282263537182,1.037437464562729,-1.196366613365299,-2.019653530446953,0.45833305225249804,-1.099672391311716,-1.635505074064474
Coe College,Yes,1006,742,275,29,60,1127,205,13925,4390,500,2200,73.0,86,12.7,32,10141,67,-0.43642232135435594,-0.4700334216643081,-0.5327706901255076,0.3133903214820356,-0.5297697857333046,-0.3064117673353169,0.914265726508228,-0.22262317064607157,1.2711621900847665,-0.08499874626512405,0.3512859964873121,-0.303019110231878,0.8013473287828285,0.47151641093314806,0.7375745526838966,Medium,1,1,-0.4364223213543555,-0.470033421664308,-0.5327706901255075,0.3133903214820355,-0.5297697857333068,-0.30641176733531683,0.9142657265082279,-0.22262317064607365,1.2711621900847665,-0.08499874626512376,0.3512859964873125,-0.3030191102318783,0.8013473287828284,0.4715164109331855,-0.06917778788733067,0.36524832997139145,0.6114319153500704
Coker College,Yes,604,452,295,15,47,690,222,9888,4502,400,1000,64.0,77,12.1,39,8741,75,-0.9406825033325452,-0.9973884230712587,-0.4522604490288969,-0.6795322253656407,-1.121174460373439,-0.2583560752463241,-0.00834388578179375,-1.0237043227479306,-0.38201766038027757,-0.6503199235272579,-0.3447982089823837,-0.46486060496924364,1.2415456071859763,0.10253248624407862,0.7483443708609272,Medium,1,1,-0.9406825033325448,-0.9973884230712586,-0.4522604490288968,-0.6795322253656408,-1.1211744603734413,-0.25835607524632404,-0.008343885781794133,-1.0237043227479328,-0.38201766038027757,-0.6503199235272575,-0.34479820898238345,-0.464860604969244,1.2415456071859763,0.10253248624411607,0.00494188523610423,0.36524832997139145,0.6114319153500704
Colby College,Yes,2848,1319,456,58,84,1720,35,18930,5590,500,1000,83.0,94,10.2,41,15954,91,0.5345931285774627,0.12006308219916131,0.028330800355100598,1.5602988573354888,-0.06886473935093891,-1.282410150364289,1.8394825662083014,-0.22262317064607157,-0.38201766038027757,0.6264621373681686,1.074929591154588,-0.9997369699971465,1.3596629107341651,1.4336734683715855,0.4631320224719101,High,2,1,0.5345931285774631,0.12006308219916141,0.028330800355100712,1.5602988573354888,-0.0688647393509411,-1.282410150364289,1.8394825662083014,-0.22262317064607365,-0.38201766038027757,0.6264621373681689,1.0749295911545886,-0.9997369699971469,1.3596629107341651,1.433673468371623,-1.9579367526268197,1.8301690512544988,0.6114319153500704
Colgate University,Yes,4856,2492,727,46,75,2649,25,19510,5565,500,750,95.0,98,10.5,45,15494,93,1.0040350738681763,0.7462324909371826,0.5087465143033185,1.1178230015151727,0.359775395840321,-1.4499528517027276,1.935805370198571,-0.22262317064607157,-0.9696251460136798,1.5953726226723983,1.4755065650850636,-0.9128098000811495,1.587264639182266,1.3782593324516126,0.5131795716639209,High,2,1,1.0040350738681767,0.7462324909371827,0.5087465143033186,1.1178230015151727,0.3597753958403188,-1.4499528517027276,1.935805370198571,-0.22262317064607365,-0.9696251460136798,1.5953726226723985,1.4755065650850643,-0.91280980008115,1.587264639182266,1.37825933245165,-1.6135012268115048,1.8301690512544988,0.6114319153500704
College Misericordia,Yes,1432,888,317,29,58,1121,493,10860,5760,550,900,56.0,62,12.9,23,8604,96,-0.09847801847740018,-0.28329020114298203,-0.3706668880319285,0.3133903214820356,-0.5358674524716681,0.24396655559565655,0.23362306745179137,0.12646725882300056,-0.5981756735654908,-1.0928632564596537,-1.2479642050627717,-0.24974921824366134,0.15468771075919893,0.061566670358230415,0.6201117318435754,Medium,1,1,-0.09847801847739972,-0.2832902011429819,-0.3706668880319284,0.3133903214820355,-0.5358674524716703,0.2439665555956566,0.23362306745179104,0.12646725882299856,-0.5981756735654908,-1.0928632564596534,-1.2479642050627715,-0.24974921824366159,0.15468771075919868,0.061566670358267864,-0.8775763830845678,0.36524832997139145,0.6114319153500704
College of Charleston,No,4772,3140,1265,22,55,6851,1200,6120,3460,666,2316,73.0,78,17.2,18,4776,51,0.9889770105448383,0.9670697188568365,1.0364752542440328,-0.12368771857670886,1.1712416392376146,0.8518931404530415,-1.1312738958650403,0.8401939950590179,1.3811130125303148,-0.08499874626512405,-0.273401038284349,0.8263778558007174,-0.2617966749661709,-1.7361761374331794,0.6580050293378038,Low,0,0,0.9889770105448388,0.9670697188568366,1.036475254244033,-0.12368771857670896,1.1712416392376124,0.8518931404530417,-1.131273895865041,0.8401939950590162,1.3811130125303148,-0.08499874626512376,-0.2734010382843487,0.8263778558007174,-0.2617966749661712,-1.736176137433142,-0.6167884312664556,-1.099672391311716,-1.635505074064474
College of Mount St. Joseph,Yes,798,620,238,14,41,1165,1232,9800,4430,400,1150,46.0,46,11.1,35,6889,100,-0.662995787708975,-0.6590884281795751,-0.7012296521591672,-0.7738575489017414,-0.4920489851210476,0.8706901071585537,-0.031007934296706712,-1.0237043227479306,-0.09357017425507218,-1.5661845895855535,-1.8955440257679914,-0.7418550947282283,0.9955307035299448,-0.552659939612185,0.7769423558897243,Medium,1,1,-0.6629957877089746,-0.659088428179575,-0.7012296521591671,-0.7738575489017415,-0.4920489851210498,0.8706901071585538,-0.0310079342967071,-1.0237043227479328,-0.09357017425507219,-1.5661845895855533,-1.8955440257679912,-0.7418550947282286,0.9955307035299447,-0.5526599396121475,0.20175795654583822,0.36524832997139145,0.6114319153500704
College of Mount St. Vincent,Yes,946,648,177,23,46,707,432,11790,5770,500,1000,75.0,77,11.9,35,10015,83,-0.49619409106999635,-0.6123843482252054,-1.0583017504119752,-0.05547969999806644,-1.0903089203648986,0.15809482812060896,0.452173223035718,-0.22262317064607157,-0.38201766038027757,0.05029077019095683,-0.3447982089823837,-0.5195109599719552,0.9955307035299448,0.44156693010792797,0.6849894291754757,Medium,1,1,-0.4961940910699959,-0.6123843482252053,-1.058301750411975,-0.05547969999806654,-1.0903089203649008,0.15809482812060902,0.4521732230357177,-0.22262317064607365,-0.38201766038027757,0.05029077019095713,-0.34479820898238345,-0.5195109599719555,0.9955307035299447,0.44156693010796544,-0.4310773205936698,0.36524832997139145,0.6114319153500704
College of Notre Dame,Yes,344,264,97,11,42,500,331,12600,5520,630,2250,77.0,80,10.4,7,9773,43,-1.5198128153939354,-1.5900450882042843,-1.8352697460926488,-1.0904651799155018,-1.5455531044732962,-0.011727341842467074,0.6334853408195446,0.6311670248859246,1.319215387157323,0.18908533721226045,-0.12621201953217973,-0.9416747897833104,-1.4606269881872134,0.3823980596051942,0.7674418604651163,Medium,1,1,-1.519812815393935,-1.5900450882042843,-1.8352697460926486,-1.0904651799155018,-1.5455531044732984,-0.011727341842467008,0.6334853408195443,0.6311670248859227,1.319215387157323,0.18908533721226076,-0.12621201953217942,-0.9416747897833109,-1.4606269881872138,0.38239805960523165,0.1363739729160624,0.36524832997139145,0.6114319153500704
College of Notre Dame of Maryland,Yes,457,356,177,35,61,667,1983,11180,5620,600,700,64.0,64,11.5,32,7477,75,-1.2245611502691385,-1.2578421485786366,-1.0583017504119752,0.6295768701744451,-1.1644425964080414,1.219072065404407,0.31016121589584417,0.4488454168127673,-1.109331268357997,-0.6503199235272579,-1.145029901800911,-0.6299164265370601,0.8013473287828285,-0.31792149933606395,0.7789934354485777,Medium,1,1,-1.224561150269138,-1.2578421485786366,-1.058301750411975,0.629576870174445,-1.1644425964080436,1.219072065404407,0.31016121589584383,0.44884541681276535,-1.109331268357997,-0.6503199235272575,-1.1450299018009107,-0.6299164265370605,0.8013473287828284,-0.3179214993360265,0.21587382590903764,0.36524832997139145,0.6114319153500704
College of Saint Benedict,Yes,938,864,511,29,62,1715,103,12247,4221,500,600,70.0,88,13.1,26,8847,72,-0.5044703097682633,-0.31162754238281604,0.14880240579374462,0.3133903214820356,-0.07189445606424068,-0.7064665955659187,0.555437964369745,-0.22262317064607157,-1.419790908781924,-0.28135254105451407,0.5227114720482265,-0.19680572791589224,0.38265991480354933,0.1335614173048419,0.9211087420042644,Medium,1,1,-0.5044703097682629,-0.3116275423828159,0.14880240579374474,0.3133903214820355,-0.07189445606424287,-0.7064665955659186,0.5554379643697448,-0.22262317064607365,-1.419790908781924,-0.2813525410545138,0.522711472048227,-0.1968057279158925,0.3826599148035491,0.13356141730487933,1.1939349124192742,0.36524832997139145,0.6114319153500704
College of Saint Catherine,Yes,511,411,186,23,51,1692,562,12224,4440,450,1000,63.0,87,11.5,32,7315,77,-1.1101685912886636,-1.1006124732713902,-0.9973630842333701,-0.05547969999806644,-0.08597125278310044,0.33022360121565236,0.5503018030273114,-0.6036744589706652,-0.38201766038027757,-0.7087308284652433,0.43622029750213775,-0.6299164265370601,0.8013473287828285,-0.37970804347090487,0.8043052837573386,Medium,1,1,-1.1101685912886632,-1.1006124732713902,-0.99736308423337,-0.05547969999806654,-0.08597125278310264,0.3302236012156524,0.5503018030273111,-0.6036744589706673,-0.38201766038027757,-0.7087308284652429,0.43622029750213814,-0.6299164265370605,0.8013473287828284,-0.3797080434708674,0.39007415983822147,0.36524832997139145,0.6114319153500704
College of Saint Elizabeth,Yes,444,359,122,34,53,493,968,10900,5250,380,1000,68.0,70,11.4,23,9447,78,-1.2542744299269584,-1.2486155313060363,-1.5305765217176843,0.5798146710452374,-1.5648246784664661,0.7002249382025986,0.24327053316434105,-1.204682431786178,-0.38201766038027757,-0.4078622247453497,-0.8045859405355701,-0.6577544312976554,0.15468771075919893,0.29905644567125006,0.8085585585585585,Medium,1,1,-1.254274429926958,-1.2486155313060363,-1.530576521717684,0.5798146710452373,-1.5648246784664683,0.7002249382025987,0.24327053316434072,-1.2046824317861802,-0.38201766038027757,-0.40786222474534944,-0.8045859405355699,-0.6577544312976558,0.15468771075919868,0.29905644567128753,0.41934590173660563,0.36524832997139145,0.6114319153500704
College of Saint Rose,Yes,983,664,249,23,57,1698,894,9990,5666,800,1500,66.0,71,14.3,28,6084,64,-0.45887038822829984,-0.5866545376688312,-0.6481554977274581,-0.05547969999806644,-0.08227664276591848,0.6448812864118612,0.017760891900357532,1.5402401052701242,0.4602273976750806,-0.530852785233515,-0.7431090750720101,0.11437254293617649,0.5272487670727979,-0.9287561224121885,0.6754832146490336,Medium,1,1,-0.4588703882282994,-0.5866545376688311,-0.648155497727458,-0.05547969999806654,-0.08227664276592067,0.6448812864118613,0.017760891900357154,1.5402401052701227,0.4602273976750806,-0.5308527852335146,-0.7431090750720099,0.11437254293617632,0.5272487670727978,-0.9287561224121511,-0.49650066402985427,0.36524832997139145,0.6114319153500704
College of Santa Fe,Yes,546,447,189,16,42,873,683,11138,4138,600,1200,40.0,74,14.0,7,8820,80,-1.0427624732190617,-1.0094290764502991,-0.977802230341426,-0.5897369692550372,-0.8296495762181879,0.4606731887051667,0.3001981986411891,0.4488454168127673,-0.005344142276702718,-1.807313389043056,-0.5503313595284204,0.03758108271501449,-1.4606269881872134,0.12571193424199878,0.8186813186813187,Medium,1,1,-1.0427624732190612,-1.0094290764502991,-0.9778022303414259,-0.5897369692550373,-0.8296495762181901,0.46067318870516677,0.30019819864118874,0.44884541681276535,-0.005344142276702737,-1.8073133890430557,-0.5503313595284202,0.0375810827150143,-1.4606269881872138,0.12571193424203622,0.4890124141208278,0.36524832997139145,0.6114319153500704
College of St. Joseph,Yes,141,118,55,12,21,201,173,8300,4850,450,1300,53.0,53,9.5,19,6936,76,-2.488586496941368,-2.5192567931451806,-2.6367353395305604,-0.9785370964802453,-2.9225004163416823,-0.40755556582098873,-0.43973973241154807,-0.6036744589706652,0.16107890591759866,-1.2442020010279624,-1.6492630545847595,-1.2066076511812729,-0.17422905107118244,-0.5327846656226203,0.8368794326241135,Low,0,1,-2.4885864969413674,-2.5192567931451806,-2.6367353395305604,-0.9785370964802454,-2.9225004163416846,-0.4075555658209887,-0.43973973241154857,-0.6036744589706673,0.16107890591759863,-1.2442020010279622,-1.6492630545847593,-1.2066076511812733,-0.17422905107118275,-0.5327846656225829,0.6142548494833595,-1.099672391311716,0.6114319153500704
College of St. Scholastica,Yes,672,596,278,29,60,1350,275,11844,3696,450,1146,54.0,76,11.6,33,8996,72,-0.8336413020566221,-0.7009503876284966,-0.5202713457980236,0.3133903214820356,-0.3276887923294752,-0.12735706723620963,0.4645104439087044,-0.6036744589706652,-0.10078510463477808,-1.1946436419810287,-0.41474500229721806,-0.6021742165602336,0.8670772597515548,0.17622958410890682,0.8869047619047619,Medium,1,1,-0.8336413020566217,-0.7009503876284965,-0.5202713457980235,0.3133903214820355,-0.32768879232947734,-0.12735706723620957,0.4645104439087041,-0.6036744589706673,-0.10078510463477809,-1.1946436419810285,-0.4147450022972178,-0.602174216560234,0.8670772597515547,0.17622958410894426,0.9585374541871067,0.36524832997139145,0.6114319153500704
College of the Holy Cross,Yes,2994,1691,659,70,95,2675,22,18000,6300,400,900,92.0,96,11.3,55,12138,95,0.5793725453252224,0.36782928633215745,0.410428190114766,1.9395785645076098,0.3690073051755257,-1.5121850791901037,1.6809092846224754,-1.0237043227479306,-0.5981756735654908,1.341403144864573,1.2719213033900254,-0.6856894063241084,2.1139827982656105,0.8809500683626519,0.5647962591850367,High,2,1,0.5793725453252229,0.36782928633215756,0.4104281901147661,1.9395785645076098,0.36900730517552355,-1.5121850791901037,1.6809092846224754,-1.0237043227479328,-0.5981756735654908,1.3414031448645731,1.271921303390026,-0.6856894063241087,2.1139827982656105,0.8809500683626893,-1.2582666310279742,1.8301690512544988,0.6114319153500704
College of William and Mary,No,7117,3106,1217,68,88,5186,134,11720,4298,600,800,89.0,92,12.1,31,9534,93,1.3290486273449769,0.9567458127322747,1.0010541497644891,1.8798866124241966,0.9507444462605007,-0.5566845157779946,0.4361252494916893,0.4488454168127673,-0.8385145305308968,1.0952544342623864,0.8844513618593768,-0.46486060496924364,0.7345530092783118,0.3217233877691609,0.4364198398201489,Medium,1,0,1.3290486273449773,0.9567458127322748,1.0010541497644894,1.8798866124241966,0.9507444462604985,-0.5566845157779945,0.436125249491689,0.44884541681276535,-0.8385145305308968,1.0952544342623867,0.8844513618593772,-0.464860604969244,0.7345530092783117,0.32172338776919834,-2.14177441952306,0.36524832997139145,-1.635505074064474
College of Wooster,Yes,2100,1883,553,29,65,1704,1,16240,4690,500,500,84.0,96,11.1,43,14140,69,0.2580519538262775,0.47378466970470146,0.23114125323251292,0.3133903214820356,-0.07859792160001852,-2.8041190614953253,1.3654388855616286,-0.22262317064607157,-1.784000288095055,0.7024150564455859,1.2719213033900254,-0.7418550947282283,1.4748350835114368,1.1994318829508799,0.8966666666666666,High,2,1,0.25805195382627794,0.47378466970470157,0.23114125323251303,0.3133903214820355,-0.07859792160002071,-2.8041190614953253,1.3654388855616284,-0.22262317064607365,-1.784000288095055,0.7024150564455862,1.271921303390026,-0.7418550947282286,1.4748350835114368,1.1994318829509174,1.0257205001885366,1.8301690512544988,0.6114319153500704
Colorado College,Yes,3207,1577,490,56,87,1892,7,17142,4190,450,1200,85.0,97,11.3,51,14664,84,0.6406589498107829,0.29864849089783285,0.10465192712508235,1.491573106355637,0.029262665928138115,-2.0365221055302003,1.5297738884215906,-0.6036744589706652,-0.005344142276702718,0.7792401852307248,1.3728847638717647,-0.6856894063241084,1.909810801634363,1.271626946292806,0.49173682569379484,High,2,1,0.6406589498107833,0.29864849089783296,0.10465192712508246,1.491573106355637,0.029262665928135926,-2.0365221055302003,1.5297738884215906,-0.6036744589706673,-0.005344142276702737,0.7792401852307251,1.3728847638717654,-0.6856894063241087,1.909810801634363,1.2716269462928436,-1.7610737573825639,1.8301690512544988,0.6114319153500704
Colorado State University,No,9478,6312,2194,29,65,15646,1829,8412,4180,470,1800,87.0,89,19.2,10,7850,59,1.566625496406287,1.613408068334448,1.5186146736595227,0.3133903214820356,1.7512341499389608,1.1587604066555617,-0.4076214909282861,-0.4470175510183751,0.8443887826691915,0.9355053891588669,0.6107698796775962,1.289829944497057,-1.0747688529439479,-0.18313655393811704,0.6659632833931209,Low,0,0,1.5666254964062873,1.613408068334448,1.518614673659523,0.3133903214820355,1.7512341499389585,1.1587604066555617,-0.4076214909282866,-0.44701755101837726,0.8443887826691915,0.9355053891588673,0.6107698796775967,1.289829944497057,-1.0747688529439483,-0.1831365539380796,-0.5620184082709521,-1.099672391311716,-1.635505074064474
Columbia College MO,Yes,314,158,132,10,28,690,5346,8294,3700,400,900,87.0,87,15.3,2,5015,37,-1.6159970215278614,-2.1764980993638723,-1.428339350389235,-1.2101701573606454,-1.121174460373439,1.9987998199606756,-0.44146835289853076,-1.0237043227479306,-0.5981756735654908,0.9355053891588669,0.43622029750213775,0.36585103864898416,-2.3433079627073257,-1.5648833868765355,0.5031847133757962,Low,0,1,-1.615997021527861,-2.1764980993638723,-1.4283393503892348,-1.2101701573606454,-1.1211744603734413,1.9987998199606756,-0.44146835289853126,-1.0237043227479328,-0.5981756735654908,0.9355053891588673,0.43622029750213814,0.365851038648984,-2.3433079627073266,-1.564883386876498,-1.6822874975779734,-1.099672391311716,0.6114319153500704
Columbia College,Yes,737,614,242,21,67,968,237,10425,3975,500,1500,61.0,77,14.7,34,8693,76,-0.7416873512810264,-0.6693895323450929,-0.6816086779201804,-0.19422217291531432,-0.7063235241952073,-0.2186382860370734,0.12716923749962075,-0.22262317064607157,0.4602273976750806,-0.8229044689180576,-0.3447982089823837,0.21577495035720026,0.931790342010479,0.08829181483296972,0.8331071913161465,Medium,1,1,-0.7416873512810259,-0.6693895323450928,-0.6816086779201803,-0.1942221729153144,-0.7063235241952095,-0.21863828603707333,0.1271692374996204,-0.22262317064607365,0.4602273976750806,-0.8229044689180572,-0.34479820898238345,0.21577495035720012,0.9317903420104788,0.08829181483300716,0.5882936597869967,0.36524832997139145,0.6114319153500704
Columbia University,Yes,6756,1930,871,78,96,3376,55,18624,6664,550,300,97.0,98,5.9,21,30639,99,1.2853331155819525,0.4979643385228832,0.6858601185221637,2.1664709983255372,0.5832356576993358,-1.048559551570483,1.787882352409941,0.12646725882300056,-2.7874335864353945,1.7690253996954413,1.4755065650850636,-2.3855185262089877,-0.005802574972423054,2.47114778711125,0.28567199526346954,High,2,1,1.285333115581953,0.4979643385228833,0.6858601185221638,2.1664709983255372,0.5832356576993336,-1.048559551570483,1.787882352409941,0.12646725882299856,-2.7874335864353945,1.7690253996954415,1.4755065650850643,-2.385518526208988,-0.005802574972423321,2.4711477871112875,-3.179246062863665,1.8301690512544988,0.6114319153500704
Concordia College at St. Paul,Yes,281,266,139,13,29,1049,181,10500,3750,450,950,69.0,75,12.8,18,6955,45,-1.7339271076370646,-1.5815755834150445,-1.3619483230144764,-0.8732912125649614,-0.612297656808183,-0.3807779781456654,0.1457284663635697,-0.6036744589706652,-0.4873892780078052,-0.3450470097695861,-0.4832523787413146,-0.27634292029735635,-0.2617966749661709,-0.5248082908320324,0.9466192170818505,Medium,1,1,-1.7339271076370641,-1.5815755834150445,-1.3619483230144762,-0.8732912125649616,-0.6122976568081853,-0.38077797814566533,0.14572846636356934,-0.6036744589706673,-0.4873892780078052,-0.3450470097695858,-0.4832523787413143,-0.27634292029735663,-0.2617966749661712,-0.524808290831995,1.3695022286815757,0.36524832997139145,0.6114319153500704
Concordia Lutheran College,Yes,232,216,106,16,34,534,172,6900,3800,450,1825,67.0,76,12.1,9,6875,42,-1.939747102118981,-1.8168465920270707,-1.716104149771114,-0.5897369692550372,-1.4564138434919887,-0.4109810132025877,-0.8676347544678584,-0.6036744589706652,0.8735906450897746,-0.46979766094537384,-0.41474500229721806,-0.46486060496924364,-1.1963666133652986,-0.5586203336616427,0.9310344827586207,Low,0,1,-1.9397471021189805,-1.8168465920270707,-1.7161041497711138,-0.5897369692550373,-1.4564138434919909,-0.4109810132025876,-0.867634754467859,-0.6036744589706673,0.8735906450897746,-0.46979766094537356,-0.4147450022972178,-0.464860604969244,-1.196366613365299,-0.5586203336616052,1.2622455048664054,-1.099672391311716,0.6114319153500704
Concordia University CA,Yes,688,497,144,30,75,641,101,10800,4440,570,1515,55.0,60,13.1,13,8415,55,-0.810146406179574,-0.8950270126380757,-1.3168435560057241,0.36924448019518263,-1.2156008402024245,-0.7174767338180049,0.2191080763892683,0.2583754172250177,0.48110567694159523,-1.1441971717488406,-1.3457825326608568,-0.19680572791589224,-0.7416251041701869,0.003386960431218099,0.7223837209302325,Medium,1,1,-0.8101464061795736,-0.8950270126380756,-1.316843556005724,0.3692444801951825,-1.2156008402024268,-0.7174767338180048,0.21910807638926796,0.2583754172250157,0.48110567694159523,-1.1441971717488404,-1.3457825326608566,-0.1968057279158925,-0.7416251041701872,0.003386960431255548,-0.17372360895383973,0.36524832997139145,0.6114319153500704
Concordia University,Yes,528,403,186,22,56,1168,145,9216,4191,400,1000,56.0,64,12.1,13,7309,75,-1.0768288794714467,-1.1220345052394431,-0.9973630842333701,-0.12368771857670886,-0.4891350937604949,-0.5110215265641015,-0.1849054657574538,-1.0237043227479306,-0.38201766038027757,-1.0928632564596537,-1.145029901800911,-0.46486060496924364,-0.7416251041701869,-0.3820365472732442,0.7632575757575758,Medium,1,1,-1.0768288794714462,-1.1220345052394431,-0.99736308423337,-0.12368771857670896,-0.4891350937604971,-0.5110215265641014,-0.18490546575745423,-1.0237043227479328,-0.38201766038027757,-1.0928632564596534,-1.1450299018009107,-0.464860604969244,-0.7416251041701872,-0.38203654727320674,0.1075770322732075,0.36524832997139145,0.6114319153500704
Converse College,Yes,440,407,149,35,70,643,80,12050,3700,500,900,63.0,76,10.2,31,10965,75,-1.263605384551175,-1.1112672610851984,-1.2735093406557334,0.6295768701744451,-1.2115764061072274,-0.8467657264516159,0.5112387468533781,-0.22262317064607157,-0.5981756735654908,-0.7087308284652433,-0.41474500229721806,-0.9997369699971465,0.7345530092783118,0.6542413447549849,0.925,Medium,1,1,-1.2636053845511745,-1.1112672610851984,-1.2735093406557332,0.629576870174445,-1.2115764061072296,-0.8467657264516157,0.5112387468533779,-0.22262317064607365,-0.5981756735654908,-0.7087308284652429,-0.4147450022972178,-0.9997369699971469,0.7345530092783117,0.6542413447550223,1.2207151946804926,0.36524832997139145,0.6114319153500704
Cornell College,Yes,1538,1329,383,33,68,1140,10,15248,4323,550,800,71.0,76,12.2,31,10340,64,-0.03120501431480078,0.12765741703550396,-0.1603480669303347,0.5289610409990295,-0.5166929502620915,-1.879412412918185,1.1776403174916823,0.12646725882300056,-0.8385145305308968,-0.2167793357746881,-0.41474500229721806,-0.4376697884463484,0.7345530092783118,0.5176770832123183,0.864109232769831,High,2,1,-0.03120501431480032,0.12765741703550404,-0.1603480669303346,0.5289610409990294,-0.5166929502620937,-1.879412412918185,1.177640317491682,0.12646725882299856,-0.8385145305308968,-0.2167793357746878,-0.4147450022972178,-0.43766978844634874,0.7345530092783117,0.5176770832123557,0.8016548457359897,1.8301690512544988,0.6114319153500704
Creighton University,Yes,2967,2836,876,30,60,3450,644,10628,4372,650,2055,85.0,90,6.5,32,22906,85,0.5712707454269635,0.8702085100908433,0.691390551409157,0.36924448019518263,0.6026414241932718,0.42107841285476066,0.17720310098008524,0.7485437875764888,1.125691609094707,0.7792401852307248,0.700405830648109,-2.1724637527347195,0.8013473287828285,2.0524831239562875,0.9558476575665655,Medium,1,1,0.571270745426964,0.8702085100908434,0.6913905514091571,0.3692444801951825,0.6026414241932696,0.4210784128547607,0.17720310098008488,0.7485437875764869,1.125691609094707,0.7792401852307251,0.7004058306481095,-2.17246375273472,0.8013473287828284,2.052483123956325,1.4330138851387828,0.36524832997139145,0.6114319153500704
Culver-Stockton College,Yes,1576,1110,274,24,55,992,112,8000,3700,400,500,51.0,52,14.1,28,5807,51,-0.00829411531785407,-0.05446751477722952,-0.5369721117691422,0.01057495289120002,-0.6774917446668359,-0.6591931200499294,-0.5271953565598377,-1.0237043227479306,-1.784000288095055,-1.340651655712002,-1.6878455216990524,0.06325006563784952,0.5272487670727979,-1.076275986633932,0.7043147208121827,Low,0,1,-0.008294115317853613,-0.05446751477722942,-0.5369721117691421,0.010574952891199925,-0.6774917446668381,-0.6591931200499292,-0.5271953565598382,-1.0237043227479328,-1.784000288095055,-1.3406516557120018,-1.6878455216990522,0.06325006563784934,0.5272487670727978,-1.0762759866338945,-0.29807746158187115,-1.099672391311716,0.6114319153500704
Cumberland College,Yes,995,789,398,26,47,1306,122,6230,3526,400,600,42.0,44,13.0,4,8189,63,-0.44708877563542654,-0.40592380180177196,-0.11836615107511775,0.13682203138818058,-0.36417882325811884,-0.6105325180660284,-1.092807728814246,-1.0237043227479306,-1.419790908781924,-1.7305240109865998,-1.9560295316332357,-0.22323711250244924,-1.9343125782540076,-0.06885979959490132,0.792964824120603,Low,0,1,-0.4470887756354261,-0.40592380180177184,-0.11836615107511764,0.1368220313881805,-0.364178823258121,-0.6105325180660283,-1.0928077288142466,-1.0237043227479328,-1.419790908781924,-1.7305240109865996,-1.9560295316332355,-0.2232371125024495,-1.934312578254008,-0.06885979959486388,0.3120272376406825,-1.099672391311716,0.6114319153500704
D'Youville College,Yes,866,619,157,18,47,1074,336,8920,4310,680,1320,68.0,68,14.6,42,6898,46,-0.5825571289703064,-0.6607978640512691,-1.2075488201804345,-0.42188701698591335,-0.5850529167433056,-0.0022827454974140133,-0.2653603817791755,0.9188228219935606,0.1928962049080067,-0.4078622247453497,-0.9234340703527073,0.19052797710194921,1.4176039225723627,-0.5488380225520461,0.7147806004618937,Medium,1,1,-0.582557128970306,-0.660797864051269,-1.2075488201804343,-0.42188701698591347,-0.5850529167433078,-0.0022827454974139465,-0.2653603817791759,0.9188228219935588,0.19289620490800669,-0.40786222474534944,-0.9234340703527071,0.19052797710194908,1.4176039225723627,-0.5488380225520086,-0.22604954376240155,0.36524832997139145,0.6114319153500704
Dana College,Yes,504,482,185,10,36,550,84,9130,3322,450,1450,46.0,51,12.6,25,8686,54,-1.1242446625092624,-0.9280072180245256,-1.003964331913671,-1.2101701573606454,-1.4168291950597718,-0.8199451233468634,-0.20810402847991813,-0.6036744589706652,0.38916914456285195,-1.5661845895855535,-1.7252730821208924,-0.32977869646566793,0.30823399686918296,0.08620500874720276,0.9563492063492064,Medium,1,1,-1.124244662509262,-0.9280072180245255,-1.0039643319136708,-1.2101701573606454,-1.416829195059774,-0.8199451233468633,-0.20810402847991857,-0.6036744589706673,0.38916914456285195,-1.5661845895855533,-1.7252730821208921,-0.3297786964656682,0.30823399686918274,0.0862050087472402,1.4364656269615075,0.36524832997139145,0.6114319153500704
Daniel Webster College,Yes,585,508,153,12,30,460,536,12292,4934,500,500,61.0,61,22.2,10,8643,72,-0.9729178871868172,-0.871510339449905,-1.2400319784229923,-0.9785370964802453,-1.6603981585448304,0.2989058746989232,0.5654687089160672,-0.22262317064607157,-1.784000288095055,-0.8229044689180576,-1.2975068699343983,1.950564408639862,-1.0747688529439479,0.07332944580213024,0.8683760683760684,Medium,1,1,-0.9729178871868167,-0.8715103394499049,-1.240031978422992,-0.9785370964802454,-1.6603981585448326,0.29890587469892327,0.5654687089160669,-0.22262317064607365,-1.784000288095055,-0.8229044689180572,-1.2975068699343981,1.9505644086398621,-1.0747688529439483,0.07332944580216769,0.831019915341366,0.36524832997139145,0.6114319153500704
Davidson College,Yes,2373,956,452,77,96,1601,6,17295,5070,600,1011,95.0,97,12.0,46,17581,94,0.36973715855951284,-0.20724004125675524,0.018922187649837174,2.139076669449044,-0.14404575054338822,-2.1027572933500815,1.557082336322168,0.4488454168127673,-0.35950981435347146,1.5953726226723983,1.3728847638717647,-0.4921406487925007,1.6425081021362922,1.611586712692411,0.4028655710071639,High,2,1,0.3697371585595133,-0.20724004125675516,0.018922187649837288,2.139076669449044,-0.14404575054339042,-2.1027572933500815,1.557082336322168,0.44884541681276535,-0.35950981435347146,1.5953726226723985,1.3728847638717654,-0.492140648792501,1.6425081021362922,1.6115867126924486,-2.372700457032082,1.8301690512544988,0.6114319153500704
Defiance College,Yes,571,461,174,10,26,645,283,10850,3670,400,1159,58.0,60,12.8,19,7505,56,-0.9973986477931073,-0.9760695667312836,-1.0794126498630179,-1.2101701573606454,-1.207567210639179,-0.10960331711913125,0.23120756093044995,-1.0237043227479306,-0.07742349248196032,-0.98753569322173,-1.3457825326608568,-0.27634292029735635,-0.17422905107118244,-0.30744938312212816,0.8073555166374781,Medium,1,1,-0.9973986477931068,-0.9760695667312835,-1.0794126498630177,-1.2101701573606454,-1.2075672106391813,-0.10960331711913118,0.2312075609304496,-1.0237043227479328,-0.07742349248196033,-0.9875356932217296,-1.3457825326608566,-0.27634292029735663,-0.17422905107118275,-0.3074493831220907,0.4110663679061786,0.36524832997139145,0.6114319153500704
Delta State University,No,967,945,459,15,48,2806,538,4528,1880,500,1200,49.0,63,17.1,16,5113,58,-0.4748218903422969,-0.21914280574073672,0.0353250310457516,-0.6795322253656407,0.4139130935818956,0.30136309311121967,-1.74734390044706,-0.22262317064607157,-0.005344142276702718,-1.4335405381377422,-1.1971425260127022,0.8026595139990884,-0.44458151258091694,-1.4982074309353517,0.9772492244053774,Low,0,0,-0.47482189034229644,-0.21914280574073663,0.03532503104575171,-0.6795322253656408,0.41391309358189343,0.3013630931112197,-1.7473439004470608,-0.22262317064607365,-0.005344142276702737,-1.433540538137742,-1.197142526012702,0.8026595139990884,-0.44458151258091727,-1.4982074309353142,1.5803030141052516,-1.099672391311716,-1.635505074064474
Denison University,Yes,2762,2279,533,32,60,1835,14,16900,4720,500,600,88.0,97,11.6,45,12423,81,0.507046300650412,0.6599269542636067,0.1928659446572297,0.47695784935626834,-0.0020079151386412013,-1.7261306828099734,1.4862518525391528,-0.22262317064607157,-1.419790908781924,1.0149446356388536,1.3728847638717647,-0.6021742165602336,1.587264639182266,0.9310363302535338,0.8251267197682839,High,2,1,0.5070463006504125,0.6599269542636068,0.1928659446572298,0.4769578493562682,-0.0020079151386433918,-1.7261306828099734,1.4862518525391526,-0.22262317064607365,-1.419790908781924,1.0149446356388538,1.3728847638717654,-0.602174216560234,1.587264639182266,0.9310363302535712,0.5333707323266244,1.8301690512544988,0.6114319153500704
DePauw University,Yes,1994,1656,495,50,80,1983,36,14300,5020,550,950,78.0,94,11.1,31,11525,82,0.2104130093840027,0.3471331324177448,0.11535922244407423,1.273895148987768,0.07687694413412564,-1.2681328859432672,0.9905274405893761,0.12646725882300056,-0.4873892780078052,0.259795832499163,1.074929591154588,-0.7418550947282283,0.7345530092783118,0.7668718724653261,0.8304914744232698,Medium,1,1,0.21041300938400315,0.3471331324177449,0.11535922244407434,1.273895148987768,0.07687694413412345,-1.2681328859432672,0.990527440589376,0.12646725882299856,-0.4873892780078052,0.25979583249916327,1.0749295911545886,-0.7418550947282286,0.7345530092783117,0.7668718724653635,0.5702918627374455,0.36524832997139145,0.6114319153500704
Dickinson College,Yes,3014,2539,487,31,68,1889,62,18700,5000,595,1250,87.0,94,11.2,39,13861,87,0.5853234252559673,0.7642143115040714,0.09816690540505814,0.4237419326421896,0.02764564004353419,-0.984836331468239,1.800749684858574,0.4176870257932312,0.0794512520083775,0.9355053891588669,1.074929591154588,-0.7137225520718277,1.2415456071859763,1.159300960782463,0.8424021234240212,High,2,1,0.5853234252559677,0.7642143115040715,0.09816690540505825,0.4237419326421895,0.027645640043532,-0.9848363314682389,1.800749684858574,0.41768702579322925,0.07945125200837748,0.9355053891588673,1.0749295911545886,-0.713722552071828,1.2415456071859763,1.1593009607825004,0.6522629226116493,1.8301690512544988,0.6114319153500704
Dickinson State University,No,434,412,319,10,30,1376,237,4486,2146,600,2000,50.0,64,16.5,28,4525,46,-1.27777410872646,-1.0979660822394683,-0.3635748352141644,-1.2101701573606454,-0.3068016361530241,-0.2186382860370734,-1.765399599324844,0.4488454168127673,1.0679442535532966,-1.387541552208468,-1.145029901800911,0.6591773922895536,0.5272487670727979,-1.9307675825567407,0.9493087557603687,Low,0,0,-1.2777741087264596,-1.0979660822394683,-0.3635748352141643,-1.2101701573606454,-0.30680163615302625,-0.21863828603707333,-1.7653995993248448,0.44884541681276535,1.0679442535532966,-1.3875415522084678,-1.1450299018009107,0.6591773922895535,0.5272487670727978,-1.9307675825567032,1.3880120794912916,-1.099672391311716,-1.635505074064474
Dillard University,Yes,1998,1376,651,41,88,1539,45,6700,3650,500,2307,52.0,52,14.1,12,7566,61,0.2122596494473053,0.1625515868812123,0.3980963724371022,0.9079719150807959,-0.1859698282059972,-1.1536513012220255,-0.9332895460960037,-0.22262317064607157,1.3727720038950875,-1.2928715697940627,-1.6878455216990524,0.06325006563784952,-0.8480459248697001,-0.28484049246346793,0.6886886886886887,Low,0,1,0.21225964944730574,0.16255158688121238,0.39809637243710233,0.9079719150807958,-0.1859698282059994,-1.1536513012220255,-0.9332895460960042,-0.22262317064607365,1.3727720038950875,-1.2928715697940625,-1.6878455216990522,0.06325006563784934,-0.8480459248697004,-0.28484049246343046,-0.4056184037010074,-1.099672391311716,0.6114319153500704
Doane College,Yes,793,709,244,20,47,1022,411,9570,3000,400,1000,67.0,72,15.1,42,6852,60,-0.6691986653545964,-0.5176951995429269,-0.6719379097061395,-0.2672791173259531,-0.6426259757823227,0.12598225128249196,-0.09088081167717893,-1.0237043227479306,-0.38201766038027757,-0.46979766094537384,-0.6802485294455134,0.31608928492044563,1.4176039225723627,-0.5684527808660073,0.8940731399747793,Medium,1,1,-0.6691986653545959,-0.5176951995429268,-0.6719379097061394,-0.2672791173259532,-0.6426259757823249,0.12598225128249202,-0.09088081167717932,-1.0237043227479328,-0.38201766038027757,-0.46979766094537356,-0.6802485294455132,0.31608928492044547,1.4176039225723627,-0.5684527808659698,1.0078714197788439,0.36524832997139145,0.6114319153500704
Dominican College of Blauvelt,Yes,360,329,108,4,19,756,863,8310,5500,600,1800,43.0,43,12.7,5,5480,54,-1.4721350435645657,-1.3448217036133845,-1.6912053870377493,-2.2203106363749345,-1.0061771575678429,0.620458203613218,-0.43686051850456314,0.4488454168127673,0.8443887826691915,-1.690782951678961,-1.9846931015063423,-0.303019110231878,-1.7628708902979693,-1.2648998679062813,0.9138888888888889,Low,0,1,-1.4721350435645653,-1.3448217036133845,-1.691205387037749,-2.2203106363749345,-1.006177157567845,0.6204582036132181,-0.43686051850456364,0.44884541681276535,0.8443887826691915,-1.6907829516789608,-1.984693101506342,-0.3030191102318783,-1.7628708902979697,-1.2648998679062438,1.144246687036588,-1.099672391311716,0.6114319153500704
Dordt College,Yes,604,562,328,25,50,1048,56,9800,2650,450,2800,61.0,60,12.5,17,7325,87,-0.9406825033325452,-0.7634441803188218,-0.33228297999945683,0.07462985430502922,-0.6134038798546803,-1.039022654354236,-0.031007934296706712,-0.6036744589706652,1.789581088913906,-0.8229044689180576,-1.3457825326608568,-0.3566226047221888,-0.3518428206385443,-0.37583368225312674,0.9304635761589404,Medium,1,1,-0.9406825033325448,-0.7634441803188217,-0.3322829799994567,0.07462985430502912,-0.6134038798546825,-1.039022654354236,-0.0310079342967071,-0.6036744589706673,1.789581088913906,-0.8229044689180572,-1.3457825326608566,-0.3566226047221891,-0.3518428206385446,-0.3758336822530893,1.2583164310550607,0.36524832997139145,0.6114319153500704
Dowling College,Yes,1011,829,410,9,33,1059,2458,9000,3100,450,1413,77.0,78,12.4,7,11178,42,-0.4316152907074361,-0.3544969079971701,-0.08607319696729568,-1.3390590413944048,-0.6013056813699355,1.3815941810604362,-0.2434452512890082,-0.6036744589706652,0.33506885219965443,0.18908533721226045,-0.273401038284349,-0.3835517785009084,-1.4606269881872134,0.6980963504641586,0.8199802176063303,Medium,1,1,-0.43161529070743565,-0.35449690799717,-0.08607319696729557,-1.3390590413944048,-0.6013056813699377,1.3815941810604362,-0.24344525128900865,-0.6036744589706673,0.33506885219965443,0.18908533721226076,-0.2734010382843487,-0.3835517785009087,-1.4606269881872138,0.698096350464196,0.49795165173466005,0.36524832997139145,0.6114319153500704
Drake University,Yes,2799,2573,839,34,65,3322,726,13420,4770,560,1675,88.0,93,15.0,24,9473,77,0.5190092438497129,0.777002167942669,0.6495757783987278,0.5798146710452374,0.5687442800760478,0.50202916277101,0.8094078362562913,0.19293600065942146,0.6923303979988964,1.0149446356388536,0.9788813231015295,0.2911104741628506,0.2322748898408057,0.3058637921212807,0.9192568774562344,Medium,1,1,0.5190092438497134,0.7770021679426691,0.6495757783987279,0.5798146710452373,0.5687442800760456,0.5020291627710101,0.8094078362562912,0.1929360006594195,0.6923303979988964,1.0149446356388538,0.97888132310153,0.2911104741628504,0.23227488984080544,0.30586379212131815,1.1811900737680887,0.36524832997139145,0.6114319153500704
Drew University,Yes,2153,1580,321,56,84,1192,87,18432,5616,520,660,93.0,97,10.2,28,14907,83,0.2809115230374704,0.30053665356706083,-0.3565338628545595,1.491573106355637,-0.46614777895501924,-0.8005762577607931,1.7552212806104495,-0.07947808949270471,-1.2281103410412726,1.425191176895042,1.3728847638717647,-0.9997369699971465,0.5272487670727979,1.3037834400996984,0.7338597306084533,High,2,1,0.28091152303747086,0.30053665356706094,-0.3565338628545594,1.491573106355637,-0.4661477789550214,-0.800576257760793,1.7552212806104495,-0.07947808949270677,-1.2281103410412726,1.4251911768950423,1.3728847638717654,-0.9997369699971469,0.5272487670727978,1.303783440099736,-0.09474380891179061,1.8301690512544988,0.6114319153500704
Drury College,Yes,700,650,314,33,66,1065,48,8730,3523,500,750,82.0,92,13.2,35,9303,67,-0.7929073192117374,-0.6091312257308797,-0.38140227025760287,0.5289610409990295,-0.5947710837092169,-1.1200754113012605,-0.3179305356170296,-0.22262317064607157,-0.9696251460136798,0.5513818552357662,0.8844513618593768,-0.17045420531183852,0.9955307035299448,0.2608292213434921,0.9285714285714286,Low,0,1,-0.792907319211737,-0.6091312257308796,-0.38140227025760276,0.5289610409990294,-0.5947710837092192,-1.1200754113012605,-0.31793053561703005,-0.22262317064607365,-0.9696251460136798,0.5513818552357665,0.8844513618593772,-0.17045420531183875,0.9955307035299447,0.2608292213435296,1.2452943578517472,-1.099672391311716,0.6114319153500704
Duke University,Yes,13789,3893,1583,90,98,6188,53,18590,5950,625,1162,95.0,96,5.0,44,27206,97,1.8699539284785724,1.1693440593024718,1.2377357985529385,2.476581028579491,1.0921969340051116,-1.068112561140503,1.7821147643063098,0.6013144815562834,-0.07206776716621158,1.5953726226723983,1.2719213033900254,-2.7219986878534748,1.5313809331464565,2.307832847812075,0.2823264921314091,High,2,1,1.869953928478573,1.1693440593024718,1.2377357985529387,2.476581028579491,1.0921969340051094,-1.068112561140503,1.7821147643063098,0.6013144815562815,-0.07206776716621159,1.5953726226723985,1.271921303390026,-2.721998687853475,1.5313809331464565,2.3078328478121124,-3.202270369728065,1.8301690512544988,0.6114319153500704
Earlham College,Yes,1358,1006,274,35,63,1028,13,15036,4056,600,600,90.0,94,10.6,46,14634,78,-0.14869500835736518,-0.15491972476277763,-0.5369721117691422,0.6295768701744451,-0.6358025453253225,-1.7603222469844557,1.136473570310133,0.4488454168127673,-1.419790908781924,1.1764343828889745,1.074929591154588,-0.8840535815404321,1.6425081021362922,1.267600516006001,0.7407952871870398,Medium,1,1,-0.14869500835736474,-0.15491972476277754,-0.5369721117691421,0.629576870174445,-0.6358025453253248,-1.7603222469844557,1.1364735703101327,0.44884541681276535,-1.419790908781924,1.1764343828889747,1.0749295911545886,-0.8840535815404326,1.6425081021362922,1.2676005160060386,-0.04701215939979747,0.36524832997139145,0.6114319153500704
East Carolina University,No,9274,6362,2435,14,44,13171,1687,7248,3240,500,1700,74.0,78,13.2,18,9002,58,1.5487591438568002,1.6205372723738896,1.6053854574914588,-0.7738575489017414,1.638821348364375,1.098937896866541,-0.7563092015738125,-0.22262317064607157,0.7235868128126894,-0.017792359075214106,-0.273401038284349,-0.17045420531183852,-0.2617966749661709,0.17792512987365855,0.6860038818201424,Low,0,0,1.5487591438568007,1.6205372723738896,1.605385457491459,-0.7738575489017415,1.6388213483643728,1.098937896866541,-0.7563092015738131,-0.22262317064607365,0.7235868128126894,-0.01779235907521381,-0.2734010382843487,-0.17045420531183875,-0.2617966749661712,0.177925129873696,-0.4240956894104931,-1.099672391311716,-1.635505074064474
East Tennessee State University,No,3330,2730,1303,15,36,6706,2640,5800,3000,600,2200,73.0,75,14.0,9,9825,42,0.6740885670779527,0.8338001976320762,1.0634353129556318,-0.6795322253656407,1.1547749473267168,1.4364114654723117,-1.2458199677375605,0.4488454168127673,1.2711621900847665,-0.08499874626512405,-0.4832523787413146,0.03758108271501449,-1.1963666133652986,0.3952996788864563,0.8198198198198198,Low,0,0,0.6740885670779532,0.8338001976320764,1.063435312955632,-0.6795322253656408,1.1547749473267146,1.4364114654723117,-1.2458199677375612,0.44884541681276535,1.2711621900847665,-0.08499874626512376,-0.4832523787413143,0.0375810827150143,-1.196366613365299,0.39529967888649375,0.49684776759191374,-1.099672391311716,-1.635505074064474
Eastern College,Yes,458,369,165,16,42,1057,355,11190,4800,450,1230,60.0,60,13.6,22,8135,54,-1.222313242904051,-1.2184445773372774,-1.1453542575468927,-0.5897369692550372,-0.6034939219827451,0.03248626767389969,0.3125297436747301,-0.6036744589706652,0.0459272380456935,-0.8786660394374439,-1.3457825326608568,-0.06583008815144414,0.07536745536606099,-0.08657481159162488,0.8056768558951966,Medium,1,1,-1.2223132429040506,-1.2184445773372774,-1.1453542575468925,-0.5897369692550373,-0.6034939219827473,0.03248626767389976,0.31252974367472974,-0.6036744589706673,0.04592723804569348,-0.8786660394374436,-1.3457825326608566,-0.06583008815144435,0.07536745536606074,-0.08657481159158743,0.39951354654393784,0.36524832997139145,0.6114319153500704
Eastern Connecticut State University,No,2172,1493,564,14,50,2766,1531,5962,4316,650,500,71.0,76,16.9,14,5719,50,0.2889595545413995,0.24416288227924118,0.251518478646541,-0.7738575489017414,0.4004771900955184,1.0277315012876649,-1.187326949945657,0.7485437875764888,-1.784000288095055,-0.2167793357746881,-0.41474500229721806,0.7550572350352502,-0.6391619317856582,-1.1254128665414695,0.6873848987108656,Low,0,0,0.28895955454139993,0.24416288227924127,0.2515184786465411,-0.7738575489017415,0.40047719009551624,1.0277315012876649,-1.1873269499456576,0.7485437875764869,-1.784000288095055,-0.2167793357746878,-0.4147450022972178,0.7550572350352502,-0.6391619317856585,-1.125412866541432,-0.41459130235067637,-1.099672391311716,-1.635505074064474
Eastern Illinois University,No,5597,4253,1565,12,38,9161,845,5710,3066,120,1730,62.0,71,16.2,5,5682,76,1.1258616889939812,1.251712088453501,1.2276383800678132,-0.9785370964802453,1.3874063771115828,0.6059110620569776,-1.278780178843581,-4.977750529360866,0.7605222960477214,-0.7662592027979903,-0.7431090750720101,0.5866615904148242,-1.7628708902979693,-1.146419172450999,0.7598713596569591,Low,0,0,1.1258616889939816,1.251712088453501,1.2276383800678135,-0.9785370964802454,1.3874063771115805,0.6059110620569778,-1.2787801788435817,-4.977750529360868,0.7605222960477214,-0.76625920279799,-0.7431090750720099,0.5866615904148241,-1.7628708902979697,-1.1464191724509614,0.08427253201355456,-1.099672391311716,-1.635505074064474
Eastern Mennonite College,Yes,486,440,227,19,48,903,59,9650,3800,600,1300,46.0,65,11.4,29,10188,82,-1.1614272615394,-1.0265299227226339,-0.7572103689461834,-0.3430819714331799,-0.7890027993535768,-1.0113072786059736,-0.0699494842300252,0.4488454168127673,0.16107890591759866,-1.5661845895855535,-1.0916144806733752,-0.6577544312976554,0.5975616518085038,0.48254285579890843,0.9053497942386831,Medium,1,1,-1.1614272615393995,-1.0265299227226339,-0.7572103689461833,-0.34308197143318003,-0.789002799353579,-1.0113072786059736,-0.06994948423002559,0.44884541681276535,0.16107890591759863,-1.5661845895855533,-1.091614480673375,-0.6577544312976558,0.5975616518085037,0.4825428557989459,1.0854792228287728,0.36524832997139145,0.6114319153500704
Eastern Nazarene College,Yes,516,409,200,17,40,1238,30,8770,3500,450,700,58.0,58,17.3,17,6430,70,-1.1002405242654993,-1.1059259524692502,-0.9090259739828781,-0.5039903742110078,-0.4236269321652459,-1.3598474556511049,-0.3068012355734253,-0.6036744589706652,-1.109331268357997,-0.98753569322173,-1.4385813164973549,0.8500415964523291,-0.3518428206385443,-0.7582971711914901,0.7926356589147286,Low,0,1,-1.100240524265499,-1.1059259524692502,-0.909025973982878,-0.5039903742110079,-0.42362693216524805,-1.3598474556511049,-0.30680123557342576,-0.6036744589706673,-1.109331268357997,-0.9875356932217296,-1.4385813164973547,0.8500415964523291,-0.3518428206385446,-0.7582971711914527,0.3097618681551467,-1.099672391311716,0.6114319153500704
Eckerd College,Yes,1422,1109,366,33,65,1363,23,15360,4080,600,1000,82.0,89,12.8,26,15003,59,-0.10509901642285814,-0.05538476665504888,-0.21028182738525236,0.5289610409990295,-0.3171844683470733,-1.490632474745239,1.1992373902017166,0.4488454168127673,-0.38201766038027757,0.5513818552357662,0.6107698796775962,-0.27634292029735635,0.38265991480354933,1.316267421401598,0.779887482419128,High,2,1,-0.10509901642285768,-0.05538476665504878,-0.21028182738525225,0.5289610409990294,-0.3171844683470755,-1.490632474745239,1.1992373902017164,0.44884541681276535,-0.38201766038027757,0.5513818552357665,0.6107698796775967,-0.27634292029735663,0.3826599148035491,1.3162674214016354,0.2220268052931757,1.8301690512544988,0.6114319153500704
Elizabethtown College,Yes,2417,1843,426,36,70,1476,299,14190,4400,500,750,65.0,68,12.8,25,9815,81,0.3864382232737046,0.45269280864733047,-0.04467179865721792,0.678301268324476,-0.23073491862843848,-0.07541518387070216,0.9682946682091472,-0.22262317064607157,-0.9696251460136798,-0.5910270561252143,-0.9234340703527073,-0.27634292029735635,0.30823399686918296,0.39282671204084096,0.7625155151013653,Medium,1,1,0.38643822327370503,0.4526928086473306,-0.04467179865721781,0.6783012683244759,-0.23073491862844067,-0.07541518387070209,0.9682946682091471,-0.22262317064607365,-0.9696251460136798,-0.591027056125214,-0.9234340703527071,-0.27634292029735663,0.30823399686918274,0.39282671204087843,0.1024700478866568,0.36524832997139145,0.6114319153500704
Elmira College,Yes,1457,1045,345,27,50,1109,502,14990,4980,450,550,77.0,98,21.5,21,7502,64,-0.08214052518748806,-0.11600294309052507,-0.27579059947780343,0.1972742770918786,-0.5481830755419763,0.2558140286510499,1.1274909771070223,-0.6036744589706652,-1.594008814109165,0.18908533721226045,1.4755065650850636,1.7997318423114523,-0.005802574972423054,-0.3085685381612362,0.7172271791352093,Medium,1,1,-0.0821405251874876,-0.11600294309052497,-0.2757905994778033,0.19727427709187853,-0.5481830755419785,0.25581402865104996,1.127490977107022,-0.6036744589706673,-1.594008814109165,0.18908533721226076,1.4755065650850643,1.7997318423114526,-0.005802574972423321,-0.3085685381611987,-0.20921178396403572,0.36524832997139145,0.6114319153500704
Elms College,Yes,245,208,125,23,46,544,436,11800,4765,450,1700,71.0,71,11.3,21,8952,86,-1.8808856500210873,-1.859849588345513,-1.498919438469504,-0.05547969999806644,-1.4315068658395227,0.16405119445779334,0.45446068528022043,-0.6036744589706652,0.7235868128126894,-0.2167793357746881,-0.7431090750720101,-0.6856894063241084,-0.005802574972423054,0.1637425648946787,0.8489795918367347,Medium,1,1,-1.8808856500210869,-1.859849588345513,-1.4989194384695037,-0.05547969999806654,-1.431506865839525,0.1640511944577934,0.45446068528022016,-0.6036744589706673,0.7235868128126894,-0.2167793357746878,-0.7431090750720099,-0.6856894063241087,-0.005802574972423321,0.16374256489471614,0.6975301500352097,0.36524832997139145,0.6114319153500704
Elon College,Yes,3624,2786,858,11,39,2933,334,9100,3883,490,1777,70.0,74,18.9,34,6329,63,0.748896409738857,0.8532192339528373,0.6713079741507746,-1.0904651799155018,0.45507106917714923,-0.006045256376597549,-0.2162302559538272,-0.29608189411405467,0.8171802216618855,-0.28135254105451407,-0.5503313595284204,1.2215773371973018,0.931790342010479,-0.8065810019377248,0.7687637969094923,Medium,1,1,0.7488964097388574,0.8532192339528374,0.6713079741507747,-1.0904651799155018,0.45507106917714707,-0.006045256376597482,-0.21623025595382764,-0.2960818941140568,0.8171802216618855,-0.2813525410545138,-0.5503313595284202,1.2215773371973018,0.9317903420104788,-0.8065810019376873,0.14547175855519898,0.36524832997139145,0.6114319153500704
Embry Riddle Aeronautical University,Yes,3151,2584,958,14,40,4772,856,7800,3750,570,3020,37.0,43,16.5,4,12878,44,0.6249796583747096,0.7811008009424039,0.7772180579321293,-0.7738575489017414,0.8821985575201539,0.6148338305374427,-0.5867007137093613,0.2583754172250177,1.9534308839633763,-1.9157519864380357,-1.9846931015063423,0.6591773922895536,-1.9343125782540076,1.007461898724116,0.8200571247223104,Low,0,1,0.62497965837471,0.781100800942404,0.7772180579321294,-0.7738575489017415,0.8821985575201516,0.6148338305374428,-0.5867007137093617,0.2583754172250157,1.9534308839633763,-1.9157519864380355,-1.984693101506342,0.6591773922895535,-1.934312578254008,1.0074618987241535,0.4984809392494174,-1.099672391311716,0.6114319153500704
Emory & Henry College,Yes,765,646,226,30,60,809,32,8578,4408,700,1600,79.0,88,13.9,51,8061,82,-0.7047301200709879,-0.6156482144124281,-0.762454064327283,0.36924448019518263,-0.9223577133630543,-1.3275676270881929,-0.3605295205364387,1.0287304144592622,0.5958249401869283,0.3313811845790514,0.5227114720482265,0.011839314538266496,1.909810801634363,-0.11114487998727585,0.8444444444444444,Low,0,1,-0.7047301200709875,-0.615648214412428,-0.7624540643272829,0.3692444801951825,-0.9223577133630565,-1.3275676270881929,-0.36052952053643916,1.0287304144592604,0.5958249401869283,0.3313811845790517,0.522711472048227,0.011839314538266303,1.909810801634363,-0.1111448799872384,0.6663185142621879,-1.099672391311716,0.6114319153500704
Emory University,Yes,8506,4168,1236,76,97,5544,192,17600,6000,600,870,97.0,98,5.0,28,28457,96,1.4774922255251561,1.2329545814796683,1.015264438983742,2.11141868411893,1.0048438172030745,-0.3456528689005789,1.611051643335845,0.4488454168127673,-0.6674934365924078,1.7690253996954413,1.4755065650850636,-2.7219986878534748,0.5272487670727979,2.3708243048979845,0.4900070538443452,High,2,1,1.4774922255251566,1.2329545814796683,1.0152644389837422,2.11141868411893,1.0048438172030723,-0.34565286890057884,1.611051643335845,0.44884541681276535,-0.6674934365924078,1.7690253996954415,1.4755065650850643,-2.721998687853475,0.5272487670727978,2.3708243048980218,-1.7729783338528307,1.8301690512544988,0.6114319153500704
Emporia State University,No,1256,1256,853,43,79,3957,588,5401,3144,450,1888,72.0,75,19.3,4,5527,50,-0.22295576140525034,0.07075781016674497,0.6656431669987422,0.994062710733832,0.7232379485775733,0.3602594278152864,-1.394607385874588,-0.6036744589706652,0.9455243059064636,-0.15132790347030226,-0.4832523787413146,1.3124867024371512,-1.9343125782540076,-1.236742788158469,1.0,Low,0,0,-0.2229557614052499,0.07075781016674507,0.6656431669987423,0.9940627107338319,0.7232379485775711,0.36025942781528647,-1.3946073858745887,-0.6036744589706673,0.9455243059064636,-0.15132790347030195,-0.4832523787413143,1.3124867024371512,-1.934312578254008,-1.2367427881584314,1.7368776212768444,-1.099672391311716,-1.635505074064474
Erskine College,Yes,659,557,167,47,74,532,35,10485,3840,475,1246,76.0,80,13.5,47,7527,67,-0.8531778820069683,-0.7729740610741703,-1.130347931306153,1.1577515980780555,-1.4614635295137364,-1.282410150364289,0.14202359243834217,-0.4087649589901799,0.0727874774143049,0.11925016044057488,-0.12621201953217973,-0.09187044892763131,1.6971320500032134,-0.299263083168513,0.8452200303490136,Medium,1,1,-0.8531778820069679,-0.7729740610741702,-1.1303479313061529,1.1577515980780555,-1.4614635295137386,-1.282410150364289,0.1420235924383418,-0.40876495899018206,0.07278747741430489,0.11925016044057517,-0.12621201953217942,-0.09187044892763152,1.6971320500032134,-0.29926308316847555,0.6716562249626725,0.36524832997139145,0.6114319153500704
Eureka College,Yes,560,454,113,36,56,484,16,10955,3450,330,670,62.0,87,10.6,31,9552,53,-1.0170903895069638,-0.992611949218892,-1.6312155532484005,0.678301268324476,-1.5900986199691354,-1.6638982114824246,0.2564979613043913,-1.6964558646131336,-1.197786220077911,-0.7662592027979903,0.43622029750213775,-0.8840535815404321,0.7345530092783118,0.3263736728398891,0.8107142857142857,Medium,1,1,-1.0170903895069634,-0.9926119492188918,-1.6312155532484003,0.6783012683244759,-1.5900986199691376,-1.6638982114824246,0.25649796130439095,-1.696455864613136,-1.197786220077911,-0.76625920279799,0.43622029750213814,-0.8840535815404326,0.7345530092783117,0.3263736728399266,0.43418197320033636,0.36524832997139145,0.6114319153500704
Evergreen State College,No,1801,1101,438,14,50,3065,363,6297,4600,600,1323,75.0,78,18.1,14,8355,68,0.11624265772996227,-0.06275474456965635,-0.014780180620615212,-0.7738575489017414,0.49560714340378803,0.046625306910479405,-1.069596187339703,0.4488454168127673,0.19762919193803488,0.05029077019095683,-0.273401038284349,1.037437464562729,-0.6391619317856582,-0.015502136707532194,0.6113270405330372,Low,0,0,0.11624265772996273,-0.06275474456965625,-0.014780180620615098,-0.7738575489017415,0.49560714340378587,0.046625306910479475,-1.0695961873397037,0.44884541681276535,0.19762919193803485,0.05029077019095713,-0.2734010382843487,1.037437464562729,-0.6391619317856585,-0.015502136707494745,-0.938034084201198,-1.099672391311716,-1.635505074064474
Fairfield University,Yes,4784,3346,781,30,66,2984,1037,15000,6200,700,1100,86.0,90,15.1,30,11220,94,0.9911455232899693,1.0271727157430992,0.5795533593825425,0.36924448019518263,0.47099167593740143,0.7484887004974705,1.1294452509428572,1.0287304144592622,-0.18552421188393892,0.8569371017481758,0.700405830648109,0.31608928492044563,0.6666429698449552,0.7065933429589601,0.6994147157190636,Medium,1,1,0.9911455232899697,1.0271727157430992,0.5795533593825426,0.3692444801951825,0.47099167593739927,0.7484887004974706,1.129445250942857,1.0287304144592604,-0.18552421188393894,0.8569371017481762,0.7004058306481095,0.31608928492044547,0.6666429698449551,0.7065933429589976,-0.3318001085045228,0.36524832997139145,0.6114319153500704
Fayetteville State University,No,1455,1064,452,1,16,2632,617,6806,2550,350,766,75.0,75,15.1,10,6972,24,-0.08343639949616814,-0.09760186247505517,0.018922187649837174,-3.3535143539738352,0.3536791845315931,0.39237778560047554,-0.8983348458393731,-1.4924117130767802,-0.9267872859754056,0.05029077019095683,-0.4832523787413146,0.31608928492044563,-1.0747688529439479,-0.5176997064587454,0.7312714776632302,Low,0,0,-0.08343639949616768,-0.09760186247505508,0.018922187649837288,-3.3535143539738352,0.3536791845315909,0.3923777856004756,-0.8983348458393736,-1.4924117130767824,-0.9267872859754056,0.05029077019095713,-0.4832523787413143,0.31608928492044547,-1.0747688529439483,-0.517699706458708,-0.11255659452314433,-1.099672391311716,-1.635505074064474
Ferrum College,Yes,1339,1107,336,12,36,1051,82,9400,4200,500,1600,53.0,58,12.5,9,7967,22,-0.16206366318090804,-0.057221924031295154,-0.30528796405215175,-0.9785370964802453,-0.6100890643856048,-0.8332077471143249,-0.13574395481608972,-0.22262317064607157,0.5958249401869283,-1.2442020010279624,-1.4385813164973549,-0.3566226047221888,-1.1963666133652986,-0.14285705452205674,0.8267363704256908,Medium,1,1,-0.1620636631809076,-0.05722192403129506,-0.30528796405215164,-0.9785370964802454,-0.6100890643856071,-0.8332077471143248,-0.13574395481609014,-0.22262317064607365,0.5958249401869283,-1.2442020010279622,-1.4385813164973547,-0.3566226047221891,-1.196366613365299,-0.1428570545220193,0.5444486148506187,0.36524832997139145,0.6114319153500704
Flagler College,Yes,1415,714,338,18,52,1345,44,5120,3200,500,2140,52.0,60,18.1,9,3930,69,-0.1097635532303382,-0.5103231917722867,-0.2986548967585338,-0.42188701698591335,-0.3317618170646874,-1.1652934128860377,-1.5037750832210426,-0.22262317064607157,1.212107442004203,-1.2928715697940627,-1.3457825326608568,1.037437464562729,-1.1963666133652986,-2.465870983886761,0.5045936395759717,Low,0,1,-0.10976355323033775,-0.5103231917722866,-0.2986548967585337,-0.42188701698591347,-0.33176181706468955,-1.1652934128860377,-1.5037750832210435,-0.22262317064607365,1.212107442004203,-1.2928715697940625,-1.3457825326608566,1.037437464562729,-1.196366613365299,-2.465870983886724,-1.6725910340262695,-1.099672391311716,0.6114319153500704
Florida Institute of Technology,Yes,1947,1580,523,39,74,1863,233,13900,4140,750,1500,90.0,90,10.6,7,8923,57,0.18841196842875052,0.30053665356706083,0.1731021439226478,0.8187257600747313,0.01349888733061813,-0.2290026659040267,0.9091339611846172,1.2919414548995862,0.4602273976750806,1.1764343828889745,0.700405830648109,-0.8840535815404321,-1.4606269881872134,0.15546108697292815,0.8115048793014895,Medium,1,1,0.18841196842875096,0.30053665356706094,0.17310214392264792,0.8187257600747312,0.013498887330615938,-0.22900266590402665,0.9091339611846171,1.2919414548995845,0.4602273976750806,1.1764343828889747,0.7004058306481095,-0.8840535815404326,-1.4606269881872138,0.1554610869729656,0.43962296925930466,0.36524832997139145,0.6114319153500704
Florida International University,No,3306,2079,1071,42,89,10208,9310,6597,2494,800,3028,81.0,96,13.9,20,6722,66,0.6676710350151535,0.5706552428766334,0.8825343063598566,0.9513952875026418,1.4644532490874496,2.4688282474357055,-0.9676041311332905,1.5402401052701242,1.9591726127897693,0.4771746426778103,1.2719213033900254,0.011839314538266496,-0.08895267462994533,-0.6249907626687607,0.6288566243194192,Low,0,0,0.6676710350151539,0.5706552428766335,0.8825343063598567,0.9513952875026417,1.4644532490874473,2.4688282474357055,-0.967604131133291,1.5402401052701227,1.9591726127897693,0.47717464267781057,1.271921303390026,0.011839314538266303,-0.0889526746299456,-0.6249907626687233,-0.817392584142491,-1.099672391311716,-1.635505074064474
Florida Southern College,Yes,1381,1040,374,20,44,1506,970,8025,4865,400,650,65.0,74,17.4,10,6339,68,-0.13277827272729426,-0.12090476498804817,-0.18645770983992369,-0.2672791173259531,-0.20913340990405954,0.7016669950421549,-0.5198260554490878,-1.0237043227479306,-1.2588748045880092,-0.5910270561252143,-0.5503313595284204,0.8736511761798803,-1.0747688529439479,-0.8017480428945573,0.7530774800868936,Low,0,1,-0.1327782727272938,-0.12090476498804807,-0.18645770983992357,-0.2672791173259532,-0.20913340990406173,0.701666995042155,-0.5198260554490882,-1.0237043227479328,-1.2588748045880092,-0.591027056125214,-0.5503313595284202,0.8736511761798803,-1.0747688529439483,-0.8017480428945198,0.03751592714837602,-1.099672391311716,0.6114319153500704
Florida State University,No,11651,8683,3023,50,90,18906,3242,6680,4060,600,1020,80.0,89,23.1,15,7250,58,1.7346862367572093,1.89852599926077,1.7811185465100874,1.273895148987768,1.8699801756864722,1.596182828526897,-0.9399253670268272,0.4488454168127673,-0.34126694403925695,0.4038409378509051,0.6107698796775962,2.141749710790937,-0.5402591781850784,-0.4050901339398317,0.7452579177752983,Low,0,0,1.7346862367572098,1.89852599926077,1.7811185465100876,1.273895148987768,1.86998017568647,1.596182828526897,-0.9399253670268277,0.44884541681276535,-0.34126694403925695,0.40384093785090536,0.6107698796775967,2.1417497107909376,-0.5402591781850787,-0.4050901339397942,-0.016299596287282857,-1.099672391311716,-1.635505074064474
Fontbonne College,Yes,291,245,126,16,49,981,337,8390,4100,350,1500,45.0,55,21.5,24,4607,62,-1.696682785012728,-1.6740992259189202,-1.4885612889738644,-0.5897369692550372,-0.6905994869244758,-0.00040906710141987753,-0.41390819881120033,-1.4924117130767802,0.4602273976750806,-1.608612408481828,-1.5685821539281672,1.7997318423114523,0.2322748898408057,-1.865416643486449,0.8419243986254296,Low,0,1,-1.6966827850127275,-1.6740992259189202,-1.4885612889738642,-0.5897369692550373,-0.690599486924478,-0.00040906710141981086,-0.41390819881120083,-1.4924117130767824,0.4602273976750806,-1.6086124084818278,-1.568582153928167,1.7997318423114526,0.23227488984080544,-1.8654166434864115,0.6489751413944984,-1.099672391311716,0.6114319153500704
Fordham University,Yes,4200,2874,942,30,55,4740,1646,14235,6965,600,1735,86.0,97,14.4,14,10864,80,0.8781969160023175,0.8829077326779079,0.7611529636121356,0.36924448019518263,0.8766001283920977,1.0808188323627916,0.9774035074097722,0.4488454168127673,0.7666188926831361,0.8569371017481758,1.3728847638717647,0.13982744087814877,-0.6391619317856582,0.6329884025457632,0.6842857142857143,Medium,1,1,0.878196916002318,0.882907732677908,0.7611529636121357,0.3692444801951825,0.8766001283920954,1.0808188323627916,0.9774035074097721,0.44884541681276535,0.7666188926831361,0.8569371017481762,1.3728847638717654,0.1398274408781486,-0.6391619317856585,0.6329884025458006,-0.4359204030620862,0.36524832997139145,0.6114319153500704
Fort Lewis College,No,3440,2823,1123,16,35,3793,486,6198,3320,500,2500,89.0,97,19.1,6,4362,46,0.7028798181463427,0.8658222631959765,0.9267743456855054,-0.5897369692550372,0.6863944951410402,0.2346160671874274,-1.1039516308398263,-0.22262317064607157,1.545205764645304,1.0952544342623864,1.3728847638717647,1.267126360170406,-1.6060058276198164,-2.066206874336021,0.8206395348837209,Low,0,0,0.7028798181463431,0.8658222631959767,0.9267743456855055,-0.5897369692550373,0.686394495141038,0.23461606718742745,-1.103951630839827,-0.22262317064607365,1.545205764645304,1.0952544342623867,1.3728847638717654,1.267126360170406,-1.6060058276198168,-2.066206874335984,0.5024891824785908,-1.099672391311716,-1.635505074064474
Francis Marion University,No,1801,1655,819,13,38,3224,436,5840,3138,400,2430,76.0,76,19.1,8,5039,43,0.11624265772996227,0.34653496701586367,0.6260780839720931,-0.8732912125649614,0.5416964581367871,0.16405119445779334,-1.231278618244648,-1.0237043227479306,1.4841771896876115,0.11925016044057488,-0.41474500229721806,1.267126360170406,-1.3245972639117196,-1.548371510452347,0.9189339255968906,Low,0,0,0.11624265772996273,0.3465349670158638,0.6260780839720932,-0.8732912125649616,0.5416964581367849,0.1640511944577934,-1.2312786182446487,-1.0237043227479328,1.4841771896876115,0.11925016044057517,-0.4147450022972178,1.267126360170406,-1.32459726391172,-1.5483715104523095,1.1789674655628526,-1.099672391311716,-1.635505074064474
Franciscan University of Steubenville,Yes,553,452,228,22,49,1301,242,9650,4400,600,1000,57.0,69,14.9,8,6336,83,-1.029839132886948,-0.9973884230712587,-0.7519932391334998,-0.12368771857670886,-0.36842015321930366,-0.20590266878100205,-0.0699494842300252,0.4488454168127673,-0.38201766038027757,-1.0406425497511826,-0.8646904686259159,0.2660655633694921,-1.3245972639117196,-0.8031967066939131,0.8173598553345389,Medium,1,1,-1.0298391328869476,-0.9973884230712586,-0.7519932391334997,-0.12368771857670896,-0.3684201532193058,-0.205902668781002,-0.06994948423002559,0.44884541681276535,-0.38201766038027757,-1.0406425497511824,-0.8646904686259157,0.26606556336949194,-1.32459726391172,-0.8031967066938757,0.4799178844177349,0.36524832997139145,0.6114319153500704
Franklin College,Yes,804,632,281,29,72,840,68,10390,4040,525,1345,54.0,78,12.5,37,11751,60,-0.6556072284986684,-0.6388019734430647,-0.5079265574208581,0.3133903214820356,-0.8763764750187829,-0.9351936486199669,0.11847828989254673,-0.04444461100956184,0.2320289615428062,-1.1946436419810287,-0.273401038284349,-0.3566226047221888,1.120254670067823,0.8099872739231121,0.7860696517412935,Medium,1,1,-0.6556072284986679,-0.6388019734430646,-0.507926557420858,0.3133903214820355,-0.8763764750187851,-0.9351936486199668,0.11847828989254638,-0.04444461100956388,0.23202896154280617,-1.1946436419810285,-0.2734010382843487,-0.3566226047221891,1.120254670067823,0.8099872739231495,0.26457351887928887,0.36524832997139145,0.6114319153500704
Franklin Pierce College,Yes,5187,4471,446,3,14,1818,1197,13320,4630,500,800,50.0,56,17.6,16,6418,51,1.060761763850405,1.2980457063157382,0.0046277696789774414,-2.4905159993455945,-0.011564252135919386,0.8501077959641374,0.7883382339006263,-0.22262317064607157,-0.8385145305308968,-1.387541552208468,-1.526458347733091,0.9207095836031439,-0.44458151258091694,-0.7639730256557277,0.861962598804704,Medium,1,1,1.0607617638504054,1.2980457063157382,0.004627769678977556,-2.4905159993455945,-0.011564252135921577,0.8501077959641375,0.7883382339006262,-0.22262317064607365,-0.8385145305308968,-1.3875415522084678,-1.5264583477330909,0.9207095836031439,-0.44458151258091727,-0.7639730256556903,0.7868813551166022,0.36524832997139145,0.6114319153500704
Freed-Hardeman University,Yes,895,548,314,20,54,1174,50,5500,3340,600,1600,68.0,76,16.1,13,6078,62,-0.550295379569171,-0.790360413668253,-0.38140227025760287,-0.2672791173259531,-0.4833346017845321,-1.098729064362104,-1.3570350975736516,0.4488454168127673,0.5958249401869283,-0.4078622247453497,-0.41474500229721806,0.5623716020246939,-0.7416251041701869,-0.9318422628443792,0.6122905027932961,Low,0,1,-0.5502953795691705,-0.7903604136682529,-0.38140227025760276,-0.2672791173259532,-0.48333460178453425,-1.098729064362104,-1.3570350975736523,0.44884541681276535,0.5958249401869283,-0.40786222474534944,-0.4147450022972178,0.5623716020246938,-0.7416251041701872,-0.9318422628443418,-0.9314033772920082,-1.099672391311716,0.6114319153500704
Fresno Pacific College,Yes,346,274,146,51,87,704,63,9900,3670,630,1818,59.0,59,10.5,14,8095,54,-1.5137242109987188,-1.548364829188634,-1.299304736249413,1.3114660041543937,-1.095689587687055,-0.9762693780604241,-0.005263596412139545,0.6311670248859246,0.8654526774813938,-0.9335433168574541,-1.3928032882186436,-0.9128098000811495,-0.6391619317856582,-0.09981331251220849,0.791907514450867,Medium,1,1,-1.5137242109987183,-1.548364829188634,-1.2993047362494128,1.3114660041543937,-1.0956895876870572,-0.976269378060424,-0.005263596412139927,0.6311670248859227,0.8654526774813938,-0.9335433168574537,-1.3928032882186434,-0.91280980008115,-0.6391619317856585,-0.09981331251217104,0.30475065731008666,0.36524832997139145,0.6114319153500704
Furman University,Yes,2161,1951,685,56,82,2371,175,13440,4048,600,1250,92.0,95,13.5,28,12940,82,0.28430943327401004,0.5085654458971517,0.44934534564588596,1.491573106355637,0.2535804832159177,-0.400757970990651,0.8136093903911512,0.4488454168127673,0.0794512520083775,1.341403144864573,1.1726062411645384,-0.09187044892763131,0.5272487670727979,1.017556896404148,0.9028227672373901,Medium,1,1,0.2843094332740105,0.5085654458971518,0.4493453456458861,1.491573106355637,0.25358048321591553,-0.40075797099065097,0.8136093903911511,0.44884541681276535,0.07945125200837748,1.3414031448645731,1.172606241164539,-0.09187044892763152,0.5272487670727978,1.0175568964041855,1.0680878043079474,0.36524832997139145,0.6114319153500704
Gannon University,Yes,2464,1908,678,24,57,2693,691,10970,4280,500,1380,47.0,51,13.3,18,7711,65,0.4039209100606955,0.48672542836791655,0.4390373493256633,0.01057495289120002,0.3753347524496408,0.468542047942218,0.2600978802219681,-0.22262317064607157,0.285667747593416,-1.5228628172045766,-1.7252730821208924,-0.14418170109309456,-0.2617966749661709,-0.23219895751867253,0.7743506493506493,Medium,1,1,0.40392091006069597,0.48672542836791666,0.4390373493256634,0.010574952891199925,0.37533475244963865,0.46854204794221804,0.2600978802219678,-0.22262317064607365,0.285667747593416,-1.5228628172045764,-1.7252730821208921,-0.14418170109309478,-0.2617966749661712,-0.2321989575186351,0.1839214027293776,0.36524832997139145,0.6114319153500704
Gardner Webb University,Yes,1110,930,332,18,36,1603,374,8180,4270,500,500,65.0,58,15.2,12,5664,29,-0.34136872485495096,-0.2356145826290568,-0.31869172385000627,-0.42188701698591335,-0.1427264685382744,0.06561391329889447,-0.47446913087926246,-0.22262317064607157,-1.784000288095055,-0.5910270561252143,-1.4385813164973549,0.34100260612554617,-0.8480459248697001,-1.1567141977228377,0.8378378378378378,Low,0,1,-0.3413687248549505,-0.2356145826290567,-0.31869172385000616,-0.42188701698591347,-0.14272646853827659,0.06561391329889454,-0.47446913087926296,-0.22262317064607365,-1.784000288095055,-0.591027056125214,-1.4385813164973547,0.341002606125546,-0.8480459248697004,-1.1567141977228002,0.620850752960407,-1.099672391311716,0.6114319153500704
Geneva College,Yes,668,534,237,19,39,1306,258,9476,4820,500,1100,67.0,67,20.1,26,6786,74,-0.8396089930642846,-0.8180214749875544,-0.7061943411721412,-0.3430819714331799,-0.36417882325811884,-0.16668709975276855,-0.11562227768628305,-0.22262317064607157,-0.18552421188393892,-0.46979766094537384,-0.9808282263537185,1.492094771805751,0.38265991480354933,-0.59694984965775,0.7994011976047904,Medium,1,1,-0.8396089930642842,-0.8180214749875543,-0.7061943411721411,-0.34308197143318003,-0.364178823258121,-0.1666870997527685,-0.11562227768628346,-0.22262317064607365,-0.18552421188393894,-0.46979766094537356,-0.9808282263537182,1.492094771805751,0.3826599148035491,-0.5969498496577126,0.3563234263883974,0.36524832997139145,0.6114319153500704
George Fox College,Yes,809,726,294,27,52,1271,43,12500,4130,400,1050,53.0,53,13.5,22,7136,52,-0.6494952132466865,-0.4928530488468554,-0.4561346479623254,0.1972742770918786,-0.3942926791363528,-1.1771769277831332,0.6115227523862421,-1.0237043227479306,-0.2815444273592318,-1.2442020010279624,-1.6492630545847595,-0.09187044892763131,0.07536745536606099,-0.45045683974529555,0.8974042027194067,Medium,1,1,-0.649495213246686,-0.49285304884685527,-0.4561346479623253,0.19727427709187853,-0.39429267913635496,-1.1771769277831332,0.6115227523862419,-1.0237043227479328,-0.2815444273592318,-1.2442020010279622,-1.6492630545847593,-0.09187044892763152,0.07536745536606074,-0.4504568397452581,1.0307963455043314,0.36524832997139145,0.6114319153500704
George Mason University,No,5653,4326,1727,17,29,9528,3822,10800,4840,580,1050,93.0,96,19.3,7,6751,46,1.1343537516337456,1.267504563280194,1.3140329658606074,-0.5039903742110078,1.4155841959687918,1.7265169256071102,0.2191080763892683,0.3228190938557909,-0.2815444273592318,1.425191176895042,1.2719213033900254,1.3124867024371512,-1.4606269881872134,-0.612234397933381,0.7652573854590483,Medium,1,0,1.134353751633746,1.267504563280194,1.3140329658606076,-0.5039903742110079,1.4155841959687896,1.7265169256071102,0.21910807638926796,0.3228190938557889,-0.2815444273592318,1.4251911768950423,1.271921303390026,1.3124867024371512,-1.4606269881872138,-0.6122343979333436,0.12134005398311387,0.36524832997139145,-1.635505074064474
George Washington University,Yes,7875,5062,1492,38,71,5471,1470,17450,6328,700,950,92.0,93,7.6,15,14745,72,1.4135572319847485,1.4124387824795952,1.1852696952878856,0.7728313953160668,0.9941646677056614,0.9980927832415819,1.5845866763781773,1.0287304144592622,-0.4873892780078052,1.341403144864573,0.9788813231015295,-1.801129838939233,-0.5402591781850784,1.2824357159318593,0.6427936507936508,High,2,1,1.413557231984749,1.4124387824795952,1.1852696952878858,0.7728313953160667,0.9941646677056591,0.998092783241582,1.5845866763781773,1.0287304144592604,-0.4873892780078052,1.3414031448645731,0.97888132310153,-1.8011298389392336,-0.5402591781850787,1.2824357159318969,-0.7214756587494648,1.8301690512544988,0.6114319153500704
Georgetown College,Yes,727,693,286,30,55,1063,48,8100,3950,550,550,73.0,76,13.3,28,7508,55,-0.7552533325582742,-0.5416643319866135,-0.4876858308923759,0.36924448019518263,-0.596944283211139,-1.1200754113012605,-0.49780808722510966,0.12646725882300056,-1.594008814109165,-0.08499874626512405,-0.41474500229721806,-0.14418170109309456,0.5272487670727979,-0.30633091147539604,0.953232462173315,Low,0,1,-0.7552533325582738,-0.5416643319866133,-0.48768583089237577,0.3692444801951825,-0.5969442832111412,-1.1200754113012605,-0.49780808722511016,0.12646725882299856,-1.594008814109165,-0.08499874626512376,-0.4147450022972178,-0.14418170109309478,0.5272487670727978,-0.30633091147535857,1.4150156771360658,-1.099672391311716,0.6114319153500704
Georgetown University,Yes,11115,2881,1390,71,93,5881,406,18300,7131,670,1700,91.0,92,7.2,27,19635,95,1.6965688786144208,0.8852274911299118,1.1218882680836937,1.968953882024796,1.0520118024641834,0.11811835247586777,1.7326371528880198,0.8628056468146817,0.7235868128126894,1.2584840840542526,0.8844513618593768,-1.9335259801598792,0.45563871675750844,1.8032322533906529,0.25919928025191186,High,2,1,1.6965688786144213,0.885227491129912,1.121888268083694,1.968953882024796,1.0520118024641811,0.11811835247586784,1.7326371528880198,0.86280564681468,0.7235868128126894,1.2584840840542528,0.8844513618593772,-1.9335259801598799,0.4556387167575082,1.8032322533906904,-3.361435673783122,1.8301690512544988,0.6114319153500704
Georgia Institute of Technology,No,7837,4527,2276,89,99,8528,654,6489,4438,795,1164,92.0,92,19.3,33,11271,70,1.4095327224096892,1.3095586619774848,1.5493221751366992,2.4519462108642514,1.335412790668122,0.431433118502737,-1.0039639537175151,1.516030366456811,-0.06850458758640235,1.341403144864573,0.8844513618593768,1.3124867024371512,0.8670772597515548,0.7168460083246391,0.5776445068265919,Low,0,0,1.4095327224096896,1.3095586619774848,1.5493221751366995,2.4519462108642514,1.3354127906681197,0.4314331185027371,-1.0039639537175158,1.5160303664568096,-0.06850458758640236,1.3414031448645731,0.8844513618593772,1.3124867024371512,0.8670772597515547,0.7168460083246765,-1.1698428619589616,-1.099672391311716,-1.635505074064474
Georgia State University,No,3793,2341,1238,9,24,7732,9054,6744,2655,720,3450,87.0,89,19.0,10,7762,34,0.7890016852664636,0.6859094883164334,1.0167455932239038,-1.3390590413944048,1.262919590918307,2.444594524891421,-0.9187363331122638,1.135927144748244,2.2432621316878056,0.9355053891588669,0.6107698796775962,1.2443756067489222,-1.0747688529439479,-0.2140417727731383,0.617189559715265,Low,0,0,0.7890016852664641,0.6859094883164335,1.016745593223904,-1.3390590413944048,1.2629195909183049,2.444594524891421,-0.9187363331122643,1.1359271447482422,2.2432621316878056,0.9355053891588673,0.6107698796775967,1.2443756067489222,-1.0747688529439483,-0.21404177277310085,-0.8976872558403132,-1.099672391311716,-1.635505074064474
Georgian Court College,Yes,348,281,127,12,52,1095,785,9150,3950,500,800,56.0,59,12.2,27,7348,76,-1.5076733072505808,-1.5201442742757298,-1.4782974892966354,-0.9785370964802453,-0.562758377211538,0.5553122223864758,-0.20269626757499806,-0.22262317064607157,-0.8385145305308968,-1.0928632564596537,-1.3928032882186436,-0.4376697884463484,0.45563871675750844,-0.36695324608924007,0.8074712643678161,Medium,1,1,-1.5076733072505804,-1.5201442742757298,-1.4782974892966352,-0.9785370964802454,-0.5627583772115402,0.5553122223864759,-0.2026962675749985,-0.22262317064607365,-0.8385145305308968,-1.0928632564596534,-1.3928032882186434,-0.43766978844634874,0.4556387167575082,-0.3669532460892026,0.41186296296436953,0.36524832997139145,0.6114319153500704
Gettysburg College,Yes,3596,2466,575,42,78,1944,46,19964,4328,500,500,94.0,95,12.1,32,14720,83,0.7420580180797444,0.7361287838453161,0.2714425607518018,0.9513952875026418,0.05680401689004928,-1.142240484655926,2.009900440842428,-0.22262317064607157,-1.784000288095055,1.509847796090948,1.1726062411645384,-0.46486060496924364,0.8013473287828285,1.2791093742213218,0.685761957730812,High,2,1,0.7420580180797448,0.7361287838453162,0.2714425607518019,0.9513952875026417,0.05680401689004709,-1.142240484655926,2.009900440842428,-0.22262317064607365,-1.784000288095055,1.5098477960909482,1.172606241164539,-0.464860604969244,0.8013473287828284,1.2791093742213593,-0.42576065107717115,1.8301690512544988,0.6114319153500704
Gonzaga University,Yes,1886,1524,526,31,67,2523,296,13000,4450,600,2400,78.0,90,14.7,32,9553,69,0.15899077877965784,0.2646433902779574,0.17907672243581044,0.4237419326421896,0.3134154053949844,-0.08169755049037852,0.7202101842770937,0.4488454168127673,1.4575084638658027,0.259795832499163,0.700405830648109,0.21577495035720026,0.8013473287828285,0.32663162936166773,0.8080593849416755,Medium,1,1,0.15899077877965828,0.2646433902779575,0.17907672243581055,0.4237419326421895,0.31341540539498225,-0.08169755049037845,0.7202101842770935,0.44884541681276535,1.4575084638658027,0.25979583249916327,0.7004058306481095,0.21577495035720012,0.8013473287828284,0.3266316293617052,0.4159105061981628,0.36524832997139145,0.6114319153500704
Gordon College,Yes,674,565,282,25,54,1151,39,12200,4070,400,1200,73.0,82,14.2,32,9226,66,-0.8306717539323943,-0.7577696278979821,-0.5038453600410651,0.07462985430502922,-0.5057691992016573,-1.227352741346146,0.5449355687024039,-1.0237043227479306,-0.005344142276702718,-0.08499874626512405,0.026908565600263796,0.08884698314321551,0.8013473287828285,0.24001511415538995,0.8382789317507419,Medium,1,1,-0.8306717539323939,-0.757769627897982,-0.503845360041065,0.07462985430502912,-0.5057691992016595,-1.227352741346146,0.5449355687024037,-1.0237043227479328,-0.005344142276702737,-0.08499874626512376,0.026908565600264143,0.08884698314321533,0.8013473287828284,0.2400151141554274,0.6238864343529594,0.36524832997139145,0.6114319153500704
Goshen College,Yes,440,396,221,26,51,910,166,9420,3730,600,1230,51.0,56,9.9,46,10270,72,-1.263605384551175,-1.1411548019433886,-0.7890800311109731,0.13682203138818058,-0.779755223689362,-0.4319194753659008,-0.13043846318155006,0.4488454168127673,0.0459272380456935,-1.340651655712002,-1.526458347733091,-1.0876837395145045,1.6425081021362922,0.5015955617515646,0.9,Medium,1,1,-1.2636053845511745,-1.1411548019433886,-0.789080031110973,0.1368220313881805,-0.7797552236893642,-0.43191947536590075,-0.13043846318155047,0.44884541681276535,0.04592723804569348,-1.3406516557120018,-1.5264583477330909,-1.087683739514505,1.6425081021362922,0.501595561751602,1.0486610524817082,0.36524832997139145,0.6114319153500704
Goucher College,Yes,1151,813,248,40,64,850,80,15588,6174,500,1200,78.0,90,9.2,34,16623,77,-0.30649876072968585,-0.37474278086938145,-0.6528676782753857,0.8637602612893264,-0.8619836036828212,-0.8467657264516159,1.242885810645051,-0.22262317064607157,-0.005344142276702718,0.259795832499163,0.700405830648109,-1.297108043156858,0.931790342010479,1.5100464898785153,0.7063423110338836,High,2,1,-0.3064987607296854,-0.37474278086938134,-0.6528676782753856,0.8637602612893263,-0.8619836036828235,-0.8467657264516157,1.2428858106450509,-0.22262317064607365,-0.005344142276702737,0.25979583249916327,0.7004058306481095,-1.2971080431568585,0.9317903420104788,1.5100464898785528,-0.2841232497288559,1.8301690512544988,0.6114319153500704
Grace College and Seminary,Yes,548,428,167,18,46,618,113,8958,3670,300,1000,53.0,59,15.3,26,9798,64,-1.039052005033972,-1.0565331045734354,-1.130347931306153,-0.42188701698591335,-1.2630122384173978,-0.6541542606230647,-0.2549346922063616,-2.023772875573782,-0.38201766038027757,-1.2442020010279624,-1.3928032882186436,0.36585103864898416,0.38265991480354933,0.3886138202593486,0.781021897810219,Medium,1,1,-1.0390520050339715,-1.0565331045734354,-1.1303479313061529,-0.42188701698591347,-1.2630122384174,-0.6541542606230646,-0.25493469220636206,-2.0237728755737847,-0.38201766038027757,-1.2442020010279622,-1.3928032882186434,0.365851038648984,0.3826599148035491,0.38861382025938607,0.22983403997362642,0.36524832997139145,0.6114319153500704
Graceland College,Yes,555,414,242,14,41,996,2281,9100,3100,550,880,51.0,61,23.6,24,5609,47,-1.0261790187164148,-1.0926938246532594,-0.6816086779201804,-0.7738575489017414,-0.6727691787538003,1.3246474810819677,-0.2162302559538272,0.12646725882300056,-0.6441381774643704,-1.340651655712002,-1.2975068699343983,2.246687224691259,0.2322748898408057,-1.188483460490829,0.745945945945946,Medium,1,1,-1.0261790187164144,-1.0926938246532594,-0.6816086779201803,-0.7738575489017415,-0.6727691787538025,1.3246474810819677,-0.21623025595382764,0.12646725882299856,-0.6441381774643704,-1.3406516557120018,-1.2975068699343981,2.2466872246912595,0.23227488984080544,-1.1884834604907915,-0.011564472418907134,0.36524832997139145,0.6114319153500704
Grand Valley State University,No,5165,3887,1561,20,60,8234,2619,6108,3800,500,1000,64.0,66,20.6,9,5063,57,1.0571136722459438,1.1679031962460016,1.2253763215409945,-0.2672791173259531,1.3096367914817577,1.430263711384539,-1.1354975554702589,-0.22262317064607157,-0.38201766038027757,-0.6503199235272579,-1.0368844883532395,1.6029118618370342,-1.1963666133652986,-1.5319793711162584,0.7525653436592449,Low,0,0,1.0571136722459442,1.1679031962460016,1.2253763215409947,-0.2672791173259532,1.3096367914817555,1.430263711384539,-1.1354975554702595,-0.22262317064607365,-0.38201766038027757,-0.6503199235272575,-1.0368844883532393,1.6029118618370344,-1.196366613365299,-1.5319793711162208,0.033991319398462214,-1.099672391311716,-1.635505074064474
Green Mountain College,Yes,780,628,198,7,20,545,42,11750,2700,400,850,77.0,83,14.0,24,6475,76,-0.6855248900652606,-0.6455180672826166,-0.921201393599865,-1.6324792946361477,-1.4290469138153845,-1.189312643816526,0.44301062852232226,-1.0237043227479306,-0.7149803023664479,0.18908533721226045,0.10571998260266878,0.03758108271501449,0.2322748898408057,-0.7371560508480249,0.8051282051282052,Medium,1,1,-0.6855248900652602,-0.6455180672826165,-0.9212013935998649,-1.6324792946361477,-1.4290469138153867,-1.189312643816526,0.443010628522322,-1.0237043227479328,-0.7149803023664479,0.18908533721226076,0.10571998260266914,0.0375810827150143,0.23227488984080544,-0.7371560508479875,0.39573764106068143,0.36524832997139145,0.6114319153500704
Greensboro College,Yes,608,494,176,10,31,649,314,8330,3770,550,1300,64.0,80,13.0,31,7949,39,-0.9340349961578097,-0.9015372240754977,-1.065292581520961,-1.2101701573606454,-1.1995941178829055,-0.04483234809595663,-0.4311089002820619,0.12646725882300056,0.16107890591759866,-0.6503199235272579,-0.12621201953217973,-0.22323711250244924,0.7345530092783118,-0.14899488641812403,0.8125,Low,0,1,-0.9340349961578093,-0.9015372240754976,-1.0652925815209608,-1.2101701573606454,-1.1995941178829077,-0.04483234809595656,-0.4311089002820624,0.12646725882299856,0.16107890591759863,-0.6503199235272575,-0.12621201953217942,-0.2232371125024495,0.7345530092783117,-0.1489948864180866,0.4464715547859638,-1.099672391311716,0.6114319153500704
Greenville College,Yes,510,387,194,20,46,771,53,10310,4530,400,800,57.0,61,14.3,16,8222,60,-1.1121667289379134,-1.166275558825803,-0.9459832635818,-0.2672791173259531,-0.981744279643955,-1.068112561140503,0.09854091475511663,-1.0237043227479306,-0.8385145305308968,-1.0406425497511826,-1.2975068699343983,0.11437254293617649,-0.44458151258091694,-0.05812158138672735,0.7588235294117647,Medium,1,1,-1.112166728937913,-1.166275558825803,-0.9459832635817998,-0.2672791173259532,-0.9817442796439573,-1.068112561140503,0.09854091475511628,-1.0237043227479328,-0.8385145305308968,-1.0406425497511824,-1.2975068699343981,0.11437254293617632,-0.44458151258091727,-0.0581215813866899,0.07706119065328004,0.36524832997139145,0.6114319153500704
Grinnell College,Yes,2039,1389,432,56,91,1333,30,15688,4618,400,400,88.0,92,9.5,54,18979,83,0.23096179875799827,0.17197862537048508,-0.02960632181083481,1.491573106355637,-0.34161288827890324,-1.3598474556511049,1.2618977956661035,-1.0237043227479306,-2.2253916621767957,1.0149446356388536,0.8844513618593768,-1.2066076511812729,2.0636844374922245,1.7454814888427197,0.6812162824914174,High,2,1,0.23096179875799872,0.17197862537048517,-0.029606321810834696,1.491573106355637,-0.3416128882789054,-1.3598474556511049,1.2618977956661033,-1.0237043227479328,-2.2253916621767957,1.0149446356388538,0.8844513618593772,-1.2066076511812733,2.0636844374922245,1.7454814888427572,-0.457044741238303,1.8301690512544988,0.6114319153500704
Grove City College,Yes,2491,1110,573,57,88,2213,35,5224,3048,525,350,65.0,65,18.4,18,4957,100,0.41380284457405925,-0.05446751477722952,0.26785285812419324,1.5261583022076808,0.1862092573096016,-1.282410150364289,-1.4629238226974215,-0.04444461100956184,-2.4872470654666343,-0.5910270561252143,-1.0916144806733752,1.1068607883955666,-0.2617966749661709,-1.6052903100195806,0.4456041750301084,Low,0,1,0.4138028445740597,-0.05446751477722942,0.26785285812419335,1.5261583022076808,0.18620925730959942,-1.282410150364289,-1.4629238226974222,-0.04444461100956388,-2.4872470654666343,-0.591027056125214,-1.091614480673375,1.1068607883955666,-0.2617966749661712,-1.605290310019543,-2.0785663028744334,-1.099672391311716,0.6114319153500704
Guilford College,Yes,1202,1054,326,18,44,1410,299,13404,5160,450,1050,78.0,86,15.6,30,9114,65,-0.26494138459139627,-0.10724247613196307,-0.33915046104444896,-0.42188701698591335,-0.2802027230487804,-0.07541518387070216,0.8060436352961916,-0.6036744589706652,-0.2815444273592318,0.259795832499163,0.3512859964873121,0.4400128730840295,0.6666429698449552,0.20926160888580286,0.8768718801996672,Medium,1,1,-0.2649413845913958,-0.10724247613196297,-0.33915046104444885,-0.42188701698591347,-0.2802027230487826,-0.07541518387070209,0.8060436352961915,-0.6036744589706673,-0.2815444273592318,0.25979583249916327,0.3512859964873125,0.44001287308402937,0.6666429698449551,0.2092616088858403,0.8894894999650294,0.36524832997139145,0.6114319153500704
Gustavus Adolphus College,Yes,1709,1385,634,36,72,2281,50,14125,3600,400,700,79.0,89,12.5,58,9907,80,0.06745953177513273,0.1690880716518941,0.3713010618176367,0.678301268324476,0.21590139761998745,-1.098729064362104,0.9551039500915918,-1.0237043227479306,-1.109331268357997,0.3313811845790514,0.6107698796775962,-0.3566226047221888,2.2620850408023525,0.41543393115501787,0.8104154476301931,Medium,1,1,0.06745953177513318,0.16908807165189418,0.37130106181763683,0.6783012683244759,0.21590139761998525,-1.098729064362104,0.9551039500915917,-1.0237043227479328,-1.109331268357997,0.3313811845790517,0.6107698796775967,-0.3566226047221891,2.2620850408023525,0.41543393115505534,0.43212531999174125,0.36524832997139145,0.6114319153500704
Gwynedd Mercy College,Yes,380,237,104,30,56,716,1108,11000,5550,500,500,36.0,41,7.8,22,7483,96,-1.4156430328227387,-1.7115968119172071,-1.7415505371870963,0.36924448019518263,-1.0743325352823323,0.7952140326580546,0.2672880450170566,-0.22262317064607157,-1.784000288095055,-1.950095590802649,-2.038931336080678,-1.735969821446969,0.07536745536606099,-0.315672434628839,0.6236842105263158,Medium,1,1,-1.4156430328227383,-1.7115968119172071,-1.741550537187096,0.3692444801951825,-1.0743325352823345,0.7952140326580547,0.2672880450170563,-0.22262317064607365,-1.784000288095055,-1.9500955908026487,-2.038931336080678,-1.7359698214469697,0.07536745536606074,-0.3156724346288015,-0.8529899928732737,0.36524832997139145,0.6114319153500704
Hamilton College,Yes,3140,1783,454,40,82,1646,24,19700,5050,300,800,91.0,96,9.6,60,17761,91,0.6218646240344352,0.4201201516958458,0.023638440724638703,0.8637602612893264,-0.1148381375282614,-1.4699099420701698,1.9669504732169976,-2.023772875573782,-0.8385145305308968,1.2584840840542526,1.2719213033900254,-1.1766935267803216,2.3586124311047754,1.6297256844152397,0.5678343949044586,High,2,1,0.6218646240344357,0.42012015169584593,0.023638440724638818,0.8637602612893263,-0.11483813752826359,-1.4699099420701698,1.9669504732169976,-2.0237728755737847,-0.8385145305308968,1.2584840840542528,1.271921303390026,-1.176693526780322,2.3586124311047754,1.6297256844152772,-1.2373576776244293,1.8301690512544988,0.6114319153500704
Hamline University,Yes,1006,825,328,34,73,1362,102,13252,4194,450,550,89.0,93,13.0,33,10296,65,-0.43642232135435594,-0.3595189925256983,-0.33228297999945683,0.5798146710452374,-0.3179881471510222,-0.7119472986272589,0.7739515812697052,-0.6036744589706652,-1.594008814109165,1.0952544342623864,0.9788813231015295,-0.22323711250244924,0.8670772597515548,0.5075881985047924,0.820079522862823,Medium,1,1,-0.4364223213543555,-0.3595189925256982,-0.3322829799994567,0.5798146710452373,-0.31798814715102436,-0.7119472986272588,0.7739515812697051,-0.6036744589706673,-1.594008814109165,1.0952544342623867,0.97888132310153,-0.2232371125024495,0.8670772597515547,0.5075881985048298,0.4986350869635274,0.36524832997139145,0.6114319153500704
Hampden - Sydney College,Yes,817,644,307,20,40,945,1,13218,4773,660,600,95.0,97,13.3,53,12263,69,-0.639799924594173,-0.6189228932018718,-0.4069182298106719,-0.2672791173259531,-0.7347841020403553,-2.8041190614953253,0.7667400947086126,0.8060529764293244,-1.419790908781924,1.5953726226723983,1.3728847638717647,-0.14418170109309456,2.0128990085607423,0.9031366681963305,0.7882496940024479,Medium,1,1,-0.6397999245941726,-0.6189228932018717,-0.40691822981067177,-0.2672791173259532,-0.7347841020403575,-2.8041190614953253,0.7667400947086125,0.8060529764293226,-1.419790908781924,1.5953726226723985,1.3728847638717654,-0.14418170109309478,2.0128990085607423,0.903136668196368,0.27957693092728975,0.36524832997139145,0.6114319153500704
Hampton University,Yes,7178,3755,1433,25,63,4623,740,7161,3518,600,2000,60.0,64,14.0,9,6791,70,1.3361996485141434,1.1355887879221191,1.1492411950876595,0.07462985430502922,0.8557315172390165,0.5150171683693431,-0.7838061014343256,0.4488454168127673,1.0679442535532966,-0.8786660394374439,-1.145029901800911,0.03758108271501449,-1.1963666133652986,-0.5947761742574996,0.5231262190025077,Low,0,1,1.3361996485141439,1.1355887879221191,1.1492411950876598,0.07462985430502912,0.8557315172390143,0.5150171683693432,-0.7838061014343262,0.44884541681276535,1.0679442535532966,-0.8786660394374436,-1.1450299018009107,0.0375810827150143,-1.196366613365299,-0.5947761742574622,-1.5450467517877304,-1.099672391311716,0.6114319153500704
Hanover College,Yes,1006,837,317,33,65,1024,15,8200,3485,500,1200,84.0,84,10.6,26,9248,64,-0.43642232135435594,-0.34452994279923077,-0.3706668880319285,0.5289610409990295,-0.6403460821207217,-1.6940772138902724,-0.46865780135826907,-0.22262317064607157,-0.005344142276702718,0.7024150564455859,0.18604632551126654,-0.8840535815404321,0.38265991480354933,0.2459890163312629,0.8320079522862823,Low,0,1,-0.4364223213543555,-0.34452994279923066,-0.3706668880319284,0.5289610409990294,-0.640346082120724,-1.6940772138902724,-0.46865780135826957,-0.22262317064607365,-0.005344142276702737,0.7024150564455862,0.1860463255112669,-0.8840535815404326,0.3826599148035491,0.24598901633130035,0.5807285146528084,-1.099672391311716,0.6114319153500704
Hardin-Simmons University,Yes,467,424,350,16,40,1365,334,6300,2980,700,2140,75.0,79,13.7,10,7054,38,-1.2023163048992909,-1.0667342931321455,-0.2597839928031475,-0.5897369692550372,-0.3155792661127175,-0.006045256376597549,-1.0685606611989047,1.0287304144592622,1.212107442004203,0.05029077019095683,-0.2005425892756753,-0.03986551937032104,-1.0747688529439479,-0.4837796575779439,0.9079229122055674,Low,0,1,-1.2023163048992904,-1.0667342931321455,-0.2597839928031474,-0.5897369692550373,-0.3155792661127197,-0.006045256376597482,-1.0685606611989054,1.0287304144592604,1.212107442004203,0.05029077019095713,-0.200542589275675,-0.03986551937032124,-1.0747688529439483,-0.4837796575779064,1.1031878470115153,-1.099672391311716,0.6114319153500704
Harding University,Yes,1721,1068,806,35,75,3128,213,5504,3528,700,910,71.0,77,17.7,37,6466,73,0.07398052086433594,-0.09377268860224104,0.610446949800461,0.6295768701744451,0.5142103036033904,-0.2833661905135646,-1.3555263817930923,1.0287304144592622,-0.5755576514358676,-0.2167793357746881,-0.3447982089823837,0.9441592619365367,1.120254670067823,-0.7413662828947492,0.620569436374201,Low,0,1,0.0739805208643364,-0.09377268860224094,0.6104469498004611,0.629576870174445,0.5142103036033882,-0.28336619051356454,-1.355526381793093,1.0287304144592604,-0.5755576514358676,-0.2167793357746878,-0.34479820898238345,0.9441592619365367,1.120254670067823,-0.7413662828947117,-0.8744263846686761,-1.099672391311716,0.6114319153500704
Hartwick College,Yes,2083,1725,430,22,49,1464,67,17480,4780,500,700,75.0,87,12.3,32,11625,73,0.25058809448362274,0.387500524925122,-0.03460119986196848,-0.12368771857670886,-0.2395259754289294,-0.9431854844287971,1.5898915711786312,-0.22262317064607157,-1.109331268357997,0.05029077019095683,0.43622029750213775,-0.4105671795649674,0.8013473287828285,0.7861074415750944,0.828132501200192,High,2,1,0.2505880944836232,0.3875005249251221,-0.03460119986196837,-0.12368771857670896,-0.2395259754289316,-0.943185484428797,1.5898915711786312,-0.22262317064607365,-1.109331268357997,0.05029077019095713,0.43622029750213814,-0.41056717956496774,0.8013473287828284,0.7861074415751318,0.5540570181627836,1.8301690512544988,0.6114319153500704
Harvard University,Yes,13865,2165,1606,90,100,6862,320,18485,6410,500,1920,97.0,97,9.9,52,37219,100,1.8743383860215637,0.6101199261108852,1.2504470952582887,2.476581028579491,1.172473462292999,-0.03296739868784896,1.7642593051552364,-0.22262317064607157,0.9811918369727732,1.7690253996954413,1.3728847638717647,-1.0876837395145045,1.9616126417020698,2.717345327938201,0.1561485755499459,High,2,1,1.874338386021564,0.6101199261108853,1.250447095258289,2.476581028579491,1.1724734622929969,-0.03296739868784889,1.7642593051552364,-0.22262317064607365,0.9811918369727732,1.7690253996954415,1.3728847638717654,-1.087683739514505,1.9616126417020698,2.7173453279382382,-4.070647697802201,1.8301690512544988,0.6114319153500704
Harvey Mudd College,Yes,1377,572,178,95,100,654,5,17230,6690,700,900,100.0,100,8.2,46,21569,100,-0.13552584491827957,-0.7446532217197601,-1.0513563085761375,2.596814115743834,-1.1897116264070888,-2.1798279998907972,1.5455001440018543,1.0287304144592622,-0.5981756735654908,2.036006861914174,1.68576474558277,-1.6076040063327555,1.6425081021362922,1.9576023436810455,0.4153957879448075,High,2,1,-0.13552584491827913,-0.74465322171976,-1.0513563085761373,2.596814115743834,-1.189711626407091,-2.1798279998907972,1.5455001440018543,1.0287304144592604,-0.5981756735654908,2.0360068619141742,1.6857647455827707,-1.6076040063327561,1.6425081021362922,1.957602343681083,-2.2864654279612444,1.8301690512544988,0.6114319153500704
Hastings College,Yes,817,708,262,22,52,935,37,9376,3272,500,1902,57.0,63,13.0,17,7335,52,-0.639799924594173,-0.5191762648653706,-0.5888122687425944,-0.12368771857670886,-0.7474230326899846,-1.2542093200372517,-0.14212032600926428,-0.22262317064607157,0.961199079722999,-1.0406425497511826,-1.1971425260127022,-0.22323711250244924,-0.3518428206385443,-0.37196739490485126,0.8665850673194615,Medium,1,1,-0.6397999245941726,-0.5191762648653705,-0.5888122687425943,-0.12368771857670896,-0.7474230326899868,-1.2542093200372517,-0.1421203260092647,-0.22262317064607365,0.961199079722999,-1.0406425497511824,-1.197142526012702,-0.2232371125024495,-0.3518428206385446,-0.3719673949048138,0.8186939493225014,0.36524832997139145,0.6114319153500704
Hendrix College,Yes,823,721,274,52,87,954,6,8800,3195,500,1200,82.0,99,13.1,26,8588,63,-0.632595166081054,-0.5000945099380536,-0.5369721117691422,1.3484974077177594,-0.7235477527175345,-2.1027572933500815,-0.2984760882930532,-0.22262317064607157,-0.005344142276702718,0.5513818552357662,1.5797966065761389,-0.19680572791589224,0.38265991480354933,0.056717318834700076,0.8760631834750912,Medium,1,1,-0.6325951660810536,-0.5000945099380535,-0.5369721117691421,1.3484974077177594,-0.7235477527175367,-2.1027572933500815,-0.29847608829305367,-0.22262317064607365,-0.005344142276702737,0.5513818552357665,1.5797966065761395,-0.1968057279158925,0.3826599148035491,0.056717318834737525,0.8839239151151933,0.36524832997139145,0.6114319153500704
Hillsdale College,Yes,920,745,347,35,66,1133,42,11090,4700,400,750,80.0,80,12.0,31,12639,79,-0.5233724833361058,-0.4658132970541847,-0.2693560593850095,0.6295768701744451,-0.5237115855717586,-1.189312643816526,0.28878167683621475,-1.0237043227479306,-0.9696251460136798,0.4038409378509051,-0.12621201953217973,-0.4921406487925007,0.7345530092783118,0.9678415983216837,0.8097826086956522,Medium,1,1,-0.5233724833361053,-0.4658132970541846,-0.2693560593850094,0.629576870174445,-0.5237115855717608,-1.189312643816526,0.2887816768362144,-1.0237043227479328,-0.9696251460136798,0.40384093785090536,-0.12621201953217942,-0.492140648792501,0.7345530092783117,0.9678415983217211,0.42777001759044403,0.36524832997139145,0.6114319153500704
Hiram College,Yes,922,729,244,37,66,1000,275,14067,4560,400,1000,75.0,95,10.6,34,12165,79,-0.5212527055565911,-0.4885336999021037,-0.6719379097061395,0.7260374574039264,-0.6680696889053509,-0.12735706723620963,0.9433001201290294,-1.0237043227479306,-0.38201766038027757,0.05029077019095683,1.1726062411645384,-0.8840535815404321,0.931790342010479,0.8857718569707274,0.7906724511930586,Medium,1,1,-0.5212527055565906,-0.4885336999021036,-0.6719379097061394,0.7260374574039263,-0.6680696889053531,-0.12735706723620957,0.9433001201290293,-1.0237043227479328,-0.38201766038027757,0.05029077019095713,1.172606241164539,-0.8840535815404326,0.9317903420104788,0.8857718569707648,0.2962507473347481,0.36524832997139145,0.6114319153500704
Hobart and William Smith Colleges,Yes,2688,2081,500,25,53,1792,5,19029,5841,600,600,99.0,99,12.1,37,13040,79,0.48259512680084277,0.5715926954098487,0.12594254180187528,0.07462985430502922,-0.026392640458533838,-2.1798279998907972,1.856059545568254,0.4488454168127673,-1.419790908781924,1.9461465517858045,1.5797966065761389,-0.46486060496924364,1.120254670067823,1.0336843573149164,0.7741815476190477,High,2,1,0.4825951268008432,0.5715926954098488,0.1259425418018754,0.07462985430502912,-0.026392640458536027,-2.1798279998907972,1.856059545568254,0.44884541681276535,-1.419790908781924,1.9461465517858048,1.5797966065761395,-0.464860604969244,1.120254670067823,1.033684357314954,0.1827576165943754,1.8301690512544988,0.6114319153500704
Hofstra University,Yes,7428,5860,1349,25,63,6534,1350,11600,5920,1000,1000,81.0,90,13.9,10,10093,60,1.364840025443752,1.5460828659312555,1.0948833379445542,0.07462985430502922,1.1346696558261797,0.9363937044198848,0.4084675557914268,2.414475888364001,-0.38201766038027757,0.4771746426778103,0.700405830648109,0.011839314538266496,-1.0747688529439479,0.46017446777529514,0.7889068389876144,Medium,1,1,1.3648400254437525,1.5460828659312555,1.0948833379445544,0.07462985430502912,1.1346696558261775,0.9363937044198849,0.4084675557914265,2.414475888363999,-0.38201766038027757,0.47717464267781057,0.7004058306481095,0.011839314538266303,-1.0747688529439483,0.4601744677753326,0.28409951159621155,0.36524832997139145,0.6114319153500704
Hollins College,Yes,602,498,215,26,58,795,74,13470,5515,500,850,78.0,91,11.1,48,13957,72,-0.9440240187440183,-0.8928662668472448,-0.8219632415120288,0.13682203138818058,-0.9438334786348854,-0.8893593986896108,0.8199040402292838,-0.22262317064607157,-0.7149803023664479,0.259795832499163,0.7916295867079878,-0.7418550947282283,1.7511561240319364,1.1732477139845925,0.8272425249169435,Medium,1,1,-0.9440240187440179,-0.8928662668472447,-0.8219632415120287,0.1368220313881805,-0.9438334786348876,-0.8893593986896107,0.8199040402292836,-0.22262317064607365,-0.7149803023664479,0.25979583249916327,0.7916295867079882,-0.7418550947282286,1.7511561240319364,1.17324771398463,0.5479320539231204,0.36524832997139145,0.6114319153500704
Hood College,Yes,699,565,176,36,64,710,399,13960,6040,450,690,82.0,88,14.4,34,12434,72,-0.7943317365637962,-0.7577696278979821,-1.065292581520961,0.678301268324476,-1.08495602849486,0.10696069639102251,0.9214400569829384,-0.6036744589706652,-1.1384086116776417,0.5513818552357662,0.5227114720482265,0.13982744087814877,0.931790342010479,0.932934254318406,0.8082975679542204,Medium,1,1,-0.7943317365637957,-0.757769627897982,-1.0652925815209608,0.6783012683244759,-1.0849560284948623,0.10696069639102258,0.9214400569829383,-0.6036744589706673,-1.1384086116776417,0.5513818552357665,0.522711472048227,0.1398274408781486,0.9317903420104788,0.9329342543184435,0.4175497211545519,0.36524832997139145,0.6114319153500704
Hope College,Yes,1712,1483,624,37,69,2505,208,12275,4341,465,1100,72.0,81,12.5,40,9284,72,0.06909438108271289,0.2374592216547793,0.35514919301153663,0.7260374574039264,0.30656228027918875,-0.29767604787116353,0.561682151510554,-0.4856274486994966,-0.18552421188393892,-0.15132790347030226,-0.05039854408423131,-0.3566226047221888,1.3009860204398638,0.2557177956009431,0.8662383177570093,Medium,1,1,0.06909438108271335,0.2374592216547794,0.35514919301153675,0.7260374574039263,0.3065622802791866,-0.2976760478711635,0.5616821515105538,-0.48562744869949875,-0.18552421188393894,-0.15132790347030195,-0.05039854408423098,-0.3566226047221891,1.3009860204398638,0.25571779560098057,0.8163075613814809,0.36524832997139145,0.6114319153500704
Houghton College,Yes,949,786,302,30,70,1210,26,9990,3550,500,1500,85.0,90,15.0,24,8187,67,-0.49310988099553443,-0.40989252623645,-0.42555812825348144,0.36924448019518263,-0.44927462348201685,-1.4307039499290133,0.017760891900357532,-0.22262317064607157,0.4602273976750806,0.7792401852307248,0.700405830648109,0.2911104741628506,0.2322748898408057,-0.06951272565155335,0.8282402528977871,Medium,1,1,-0.493109880995534,-0.4098925262364499,-0.4255581282534813,0.3692444801951825,-0.449274623482019,-1.4307039499290133,0.017760891900357154,-0.22262317064607365,0.4602273976750806,0.7792401852307251,0.7004058306481095,0.2911104741628504,0.23227488984080544,-0.06951272565151591,0.5547985831987914,0.36524832997139145,0.6114319153500704
Huntingdon College,Yes,608,520,127,26,47,538,126,8080,3920,500,1100,63.0,72,11.4,9,7703,44,-0.9340349961578097,-0.8464683323767977,-1.4782974892966354,0.13682203138818058,-1.4463833257238194,-0.5920714513761318,-0.5036664271339802,-0.22262317064607157,-0.18552421188393892,-0.7087308284652433,-0.6802485294455134,-0.6577544312976554,-1.1963666133652986,-0.2350637995672178,0.8552631578947368,Low,0,1,-0.9340349961578093,-0.8464683323767976,-1.4782974892966352,0.1368220313881805,-1.4463833257238217,-0.5920714513761317,-0.5036664271339807,-0.22262317064607365,-0.18552421188393894,-0.7087308284652429,-0.6802485294455132,-0.6577544312976558,-1.196366613365299,-0.23506379956718035,0.7407746927575681,-1.099672391311716,0.6114319153500704
Huntington College,Yes,450,430,125,20,46,488,43,9950,3920,300,1300,76.0,76,11.8,25,9466,47,-1.2404460305625125,-1.0514706357131942,-1.498919438469504,-0.2672791173259531,-1.5787955881788167,-1.1771769277831332,0.007544651904402423,-2.023772875573782,0.16107890591759866,0.11925016044057488,-0.41474500229721806,-0.5469725995435838,0.30823399686918296,0.3040338558973632,0.9555555555555556,Medium,1,1,-1.240446030562512,-1.0514706357131942,-1.4989194384695037,-0.2672791173259532,-1.578795588178819,-1.1771769277831332,0.007544651904402044,-2.0237728755737847,0.16107890591759863,0.11925016044057517,-0.4147450022972178,-0.5469725995435841,0.30823399686918274,0.3040338558974007,1.4310035907012286,0.36524832997139145,0.6114319153500704
Huron University,Yes,600,197,124,3,9,392,69,7260,3090,600,1840,31.0,35,12.9,4,9249,21,-0.9473774843539173,-1.9219554555035183,-1.5093735703739097,-2.4905159993455945,-1.886701215425546,-0.9273072334434315,-0.7525335432066566,0.4488454168127673,0.8909296058225455,-2.10824791909244,-2.1779631853302974,-0.24974921824366134,-1.9343125782540076,0.24626004131611878,0.3283333333333333,Low,0,1,-0.9473774843539169,-1.9219554555035183,-1.5093735703739095,-2.4905159993455945,-1.8867012154255483,-0.9273072334434314,-0.7525335432066571,0.44884541681276535,0.8909296058225455,-2.1082479190924395,-2.1779631853302974,-0.24974921824366159,-1.934312578254008,0.24626004131615623,-2.885643665797155,-1.099672391311716,0.6114319153500704
Husson College,Yes,723,652,361,10,30,951,706,7800,4000,350,1500,36.0,44,22.0,4,4923,84,-0.7607359636967234,-0.6058887786696093,-0.22547886351483376,-1.2101701573606454,-0.7272787856944398,0.483076995494579,-0.5867007137093613,-1.4924117130767802,0.4602273976750806,-1.950095590802649,-1.9560295316332357,1.9076642374665906,-1.9343125782540076,-1.6293146528684483,0.9017980636237898,Low,0,1,-0.7607359636967229,-0.6058887786696092,-0.22547886351483365,-1.2101701573606454,-0.727278785694442,0.48307699549457905,-0.5867007137093617,-1.4924117130767824,0.4602273976750806,-1.9500955908026487,-1.9560295316332355,1.9076642374665909,-1.934312578254008,-1.6293146528684108,1.0610356242581076,-1.099672391311716,0.6114319153500704
Illinois Benedictine College,Yes,607,558,269,22,47,1222,519,10500,4348,650,1500,81.0,91,11.6,29,8324,75,-0.9356924578115542,-0.771060793146635,-0.5582477867680236,-0.12368771857670886,-0.4381950237605593,0.27767862322311565,0.1457284663635697,0.7485437875764888,0.4602273976750806,0.4771746426778103,0.7916295867079878,-0.6021742165602336,0.5975616518085038,-0.025342925951762685,0.9192751235584844,Medium,1,1,-0.9356924578115537,-0.7710607931466349,-0.5582477867680234,-0.12368771857670896,-0.43819502376056146,0.2776786232231157,0.14572846636356934,0.7485437875764869,0.4602273976750806,0.47717464267781057,0.7916295867079882,-0.602174216560234,0.5975616518085037,-0.025342925951725236,1.1813156464669323,0.36524832997139145,0.6114319153500704
Illinois College,Yes,894,787,262,28,63,909,28,8050,3850,600,1000,75.0,75,15.6,30,7348,52,-0.5513890452009945,-0.408567822735896,-0.5888122687425944,0.2560970954071895,-0.7810709843113203,-1.3941322364265463,-0.512471794927167,0.4488454168127673,-0.38201766038027757,0.05029077019095683,-0.4832523787413146,0.4400128730840295,0.6666429698449552,-0.36695324608924007,0.8803131991051454,Low,0,1,-0.5513890452009941,-0.40856782273589587,-0.5888122687425943,0.2560970954071894,-0.7810709843113225,-1.3941322364265463,-0.5124717949271674,0.44884541681276535,-0.38201766038027757,0.05029077019095713,-0.4832523787413143,0.44001287308402937,0.6666429698449551,-0.3669532460892026,0.9131732268576095,-1.099672391311716,0.6114319153500704
Illinois State University,No,8681,6695,2408,10,35,15701,1823,7799,3403,537,2605,77.0,84,21.0,16,5569,54,1.4943232279109826,1.6665422078670702,1.5961680435749548,-1.2101701573606454,1.7534810188652568,1.156318982880453,-0.5870007405187048,0.03846068097030954,1.6337664262168272,0.18908533721226045,0.18604632551126654,1.6907997298349289,-0.44458151258091694,-1.2118889439972704,0.7712245133049188,Low,0,0,1.494323227910983,1.6665422078670702,1.596168043574955,-1.2101701573606454,1.7534810188652545,1.156318982880453,-0.5870007405187052,0.03846068097030751,1.6337664262168272,0.18908533721226076,0.1860463255112669,1.690799729834929,-0.44458151258091727,-1.211888943997233,0.16240681649958297,-1.099672391311716,-1.635505074064474
Illinois Wesleyan University,Yes,3050,1342,471,55,86,1818,23,14360,4090,400,650,77.0,92,12.9,34,9605,83,0.5959288481842102,0.13743929586920411,0.06278411307635073,1.4565293811770836,-0.011564252135919386,-1.490632474745239,1.002607161134231,-1.0237043227479306,-1.2588748045880092,0.18908533721226045,0.8844513618593768,-0.24974921824366134,0.931790342010479,0.33998876876702844,0.44,Medium,1,1,0.5959288481842107,0.1374392958692042,0.06278411307635084,1.4565293811770836,-0.011564252135921577,-1.490632474745239,1.0026071611342309,-1.0237043227479328,-1.2588748045880092,0.18908533721226076,0.8844513618593772,-0.24974921824366159,0.9317903420104788,0.3399887687670659,-2.1171351639759193,0.36524832997139145,0.6114319153500704
Immaculata College,Yes,268,253,103,16,44,494,1305,10000,5364,500,1000,56.0,64,11.2,33,7305,69,-1.7845325025909906,-1.6378874356979574,-1.7544862008761355,-0.5897369692550372,-1.5620512311955124,0.9119727468604736,0.020310758733517165,-0.22262317064607157,-0.38201766038027757,-1.0928632564596537,-1.145029901800911,-0.7137225520718277,0.8670772597515548,-0.383590506490724,0.9440298507462687,Medium,1,1,-1.7845325025909902,-1.6378874356979574,-1.7544862008761353,-0.5897369692550373,-1.5620512311955146,0.9119727468604737,0.020310758733516787,-0.22262317064607365,-0.38201766038027757,-1.0928632564596534,-1.1450299018009107,-0.713722552071828,0.8670772597515547,-0.38359050649068654,1.3516817805332981,0.36524832997139145,0.6114319153500704
Incarnate Word College,Yes,1163,927,386,16,49,1685,556,8840,4689,750,2775,67.0,69,11.4,21,6095,95,-0.2965449972011807,-0.23894298639174738,-0.15180169311865244,-0.5897369692550372,-0.09030188016966018,0.3231143540293116,-0.2874047951440182,1.2919414548995862,1.7701925475958724,-0.46979766094537384,-0.8646904686259159,-0.6577544312976554,-0.005802574972423054,-0.9231102597859804,0.7970765262252795,Medium,1,1,-0.29654499720118027,-0.2389429863917473,-0.15180169311865233,-0.5897369692550373,-0.09030188016966237,0.32311435402931166,-0.2874047951440186,1.2919414548995845,1.7701925475958724,-0.46979766094537356,-0.8646904686259157,-0.6577544312976558,-0.005802574972423321,-0.923110259785943,0.3403246527845644,0.36524832997139145,0.6114319153500704
Indiana State University,No,5659,4761,3147,10,31,8596,1949,6892,3706,600,2500,72.0,76,16.6,8,6996,40,1.1352582497663148,1.356073690154443,1.813142741297091,-1.2101701573606454,1.3412204622515074,1.2061297523072596,-0.8702368100876499,0.4488454168127673,1.545205764645304,-0.15132790347030226,-0.41474500229721806,0.6832329404588044,-1.3245972639117196,-0.5077090265243854,0.8413147199151794,Low,0,0,1.1352582497663153,1.356073690154443,1.8131427412970913,-1.2101701573606454,1.3412204622515052,1.2061297523072596,-0.8702368100876504,0.44884541681276535,1.545205764645304,-0.15132790347030195,-0.4147450022972178,0.6832329404588043,-1.32459726391172,-0.507709026524348,0.6447792314941401,-1.099672391311716,-1.635505074064474
Indiana University at Bloomington,No,16587,13243,5873,25,72,24763,2717,9766,3990,600,2000,77.0,88,21.3,24,8686,68,2.0163438666418463,2.2664760419935166,2.2857358407366375,0.07462985430502922,2.030984775119844,1.458581769650195,-0.03980024100004351,0.4488454168127673,1.0679442535532966,0.18908533721226045,0.5227114720482265,1.7562807917881225,0.2322748898408057,0.08620500874720276,0.7983963344788088,Medium,1,0,2.0163438666418467,2.2664760419935166,2.2857358407366375,0.07462985430502912,2.0309847751198418,1.458581769650195,-0.039800241000043896,0.44884541681276535,1.0679442535532966,0.18908533721226076,0.522711472048227,1.7562807917881227,0.23227488984080544,0.0862050087472402,0.3494077918616787,0.36524832997139145,-1.635505074064474
Indiana Wesleyan University,Yes,735,423,366,20,48,2448,707,9210,3782,700,1000,49.0,51,39.8,15,6562,34,-0.7443846611122861,-1.0693006566702936,-0.21028182738525236,-0.2672791173259531,0.28445805969061266,0.4840360479253138,-0.18651935180206058,1.0287304144592622,-0.38201766038027757,-1.4335405381377422,-1.7252730821208924,5.277219831946367,-0.5402591781850784,-0.6969130585369484,0.5755102040816327,Medium,1,1,-0.7443846611122856,-1.0693006566702936,-0.21028182738525225,-0.2672791173259532,0.2844580596906105,0.48403604792531385,-0.186519351802061,1.0287304144592604,-0.38201766038027757,-1.433540538137742,-1.7252730821208921,5.2772198319463675,-0.5402591781850787,-0.696913058536911,-1.1845314870780201,0.36524832997139145,0.6114319153500704
Iona College,Yes,4892,3530,913,13,33,3906,1446,10690,6790,570,1150,66.0,83,16.0,14,8107,66,1.0104030561240316,1.0776051252247203,0.7312169310076712,-0.8732912125649614,0.711983102672461,0.9861263472490305,0.19235930050465597,0.2583754172250177,-0.09357017425507218,-0.530852785233515,0.10571998260266878,0.5380217334827528,-0.6391619317856582,-0.09583128364930185,0.7215862632869992,Medium,1,1,1.010403056124032,1.0776051252247203,0.7312169310076713,-0.8732912125649616,0.7119831026724588,0.9861263472490306,0.19235930050465563,0.2583754172250157,-0.09357017425507219,-0.5308527852335146,0.10571998260266914,0.5380217334827527,-0.6391619317856585,-0.09583128364926441,-0.17921184458369488,0.36524832997139145,0.6114319153500704
Iowa State University,No,8427,7424,3441,26,59,18676,1715,7550,3224,640,2055,81.0,88,19.2,22,8420,65,1.4697719296187868,1.7592532598380595,1.8835904631328224,0.13682203138818058,1.8624490690107136,1.1110847712041598,-0.6625067969676823,0.690256121096628,1.125691609094707,0.4771746426778103,0.5227114720482265,1.289829944497057,0.07536745536606099,0.004951761596066485,0.8809778094220957,Low,0,0,1.4697719296187872,1.7592532598380595,1.8835904631328226,0.1368220313881805,1.8624490690107114,1.1110847712041598,-0.6625067969676828,0.6902561210966262,1.125691609094707,0.47717464267781057,0.522711472048227,1.289829944497057,0.07536745536606074,0.004951761596103933,0.9177471851767833,-1.099672391311716,-1.635505074064474
Ithaca College,Yes,7259,5526,1368,23,52,5612,166,14424,6192,634,1000,58.0,79,11.5,25,9812,75,1.3455949910541372,1.4926667064246337,1.1075138042850379,-0.05547969999806644,1.0146383539153292,-0.4319194753659008,1.01545576721241,0.654900346987851,-0.38201766038027757,-0.98753569322173,-0.2005425892756753,-0.6299164265370601,0.30823399686918296,0.3920840710880076,0.7612618818019011,Medium,1,1,1.3455949910541376,1.4926667064246337,1.107513804285038,-0.05547969999806654,1.014638353915327,-0.43191947536590075,1.0154557672124098,0.6549003469878492,-0.38201766038027757,-0.9875356932217296,-0.200542589275675,-0.6299164265370605,0.30823399686918274,0.39208407108804505,0.09384233580781136,0.36524832997139145,0.6114319153500704
James Madison University,No,11223,5285,2082,32,72,9652,742,7994,4544,500,732,77.0,81,17.9,29,5212,98,1.7044059333998924,1.4519355440808281,1.474464899327078,0.47695784935626834,1.4248069145973594,0.5168544543979191,-0.5289662355081365,-0.22262317064607157,-1.0188696664100971,0.18908533721226045,-0.05039854408423131,0.9909016514258804,0.5975616518085038,-1.432805052729862,0.47090795687427606,Low,0,0,1.7044059333998929,1.4519355440808281,1.4744648993270781,0.4769578493562682,1.4248069145973572,0.5168544543979192,-0.5289662355081369,-0.22262317064607365,-1.0188696664100971,0.18908533721226076,-0.05039854408423098,0.9909016514258804,0.5975616518085037,-1.4328050527298244,-1.9044214836910962,-1.099672391311716,-1.635505074064474
Jamestown College,Yes,472,410,262,14,41,9950,71,7620,3050,400,400,51.0,53,17.0,21,3186,54,-1.191385046406118,-1.1032657517514763,-0.5888122687425944,-0.7738575489017414,1.4463924354206041,-0.9118392296234108,-0.6411172021687311,-1.0237043227479306,-2.2253916621767957,-1.340651655712002,-1.6492630545847595,0.77888612464485,-0.005802574972423054,-3.3400417273827006,0.8686440677966102,Low,0,1,-1.1913850464061175,-1.1032657517514763,-0.5888122687425943,-0.7738575489017415,1.446392435420602,-0.9118392296234107,-0.6411172021687316,-1.0237043227479328,-2.2253916621767957,-1.3406516557120018,-1.6492630545847593,0.77888612464485,-0.005802574972423321,-3.3400417273826633,0.8328643317578095,-1.099672391311716,0.6114319153500704
Jersey City State College,No,2957,1423,691,10,30,3817,1394,3946,4800,400,1500,63.0,67,14.9,10,8367,26,0.568249955502577,0.19619509126363133,0.45808457316438383,-1.2101701573606454,0.691906354583948,0.9595713744540414,-2.0081110445955717,-1.0237043227479306,0.4602273976750806,-0.7087308284652433,-0.9808282263537185,0.2660655633694921,-1.0747688529439479,-0.01170776422103022,0.48123097734190057,Low,0,0,0.5682499555025774,0.1961950912636314,0.45808457316438395,-1.2101701573606454,0.6919063545839458,0.9595713744540415,-2.0081110445955725,-1.0237043227479328,0.4602273976750806,-0.7087308284652429,-0.9808282263537182,0.26606556336949194,-1.0747688529439483,-0.01170776422099277,-1.833376746432791,-1.099672391311716,-1.635505074064474
John Brown University,Yes,605,405,284,24,53,961,99,6398,3672,400,1350,68.0,68,13.3,19,8118,75,-0.9390162013110807,-1.1166366827091714,-0.4957327941422845,0.01057495289120002,-0.7148973822260629,-0.7286855166617391,-1.0349098106008456,-1.0237043227479306,0.23977239425227162,-0.4078622247453497,-0.9234340703527073,-0.14418170109309456,-0.17422905107118244,-0.0921889945760299,0.6694214876033058,Low,0,1,-0.9390162013110802,-1.1166366827091714,-0.4957327941422844,0.010574952891199925,-0.7148973822260651,-0.728685516661739,-1.0349098106008463,-1.0237043227479328,0.2397723942522716,-0.40786222474534944,-0.9234340703527071,-0.14418170109309478,-0.17422905107118275,-0.09218899457599246,-0.538218473913689,-1.099672391311716,0.6114319153500704
John Carroll University,Yes,2421,2109,820,27,57,3168,392,11700,5550,600,450,89.0,90,14.5,28,7738,89,0.3879402748504488,0.5846168843008507,0.6272686138975223,0.1972742770918786,0.5257862492827575,0.09562487607867001,0.43152857295147645,0.4488454168127673,-1.9930056256937965,1.0952544342623864,0.700405830648109,0.16521236126587632,0.5272487670727979,-0.2225635504820949,0.8711276332094176,Medium,1,1,0.38794027485044924,0.5846168843008508,0.6272686138975224,0.19727427709187853,0.5257862492827553,0.09562487607867008,0.4315285729514762,0.44884541681276535,-1.9930056256937965,1.0952544342623867,0.7004058306481095,0.16521236126587616,0.5272487670727978,-0.22256355048205745,0.8499566404256151,0.36524832997139145,0.6114319153500704
Johns Hopkins University,Yes,8474,3446,911,75,94,3566,1569,18800,6740,500,1040,96.0,97,3.3,38,56233,90,1.474374338386001,1.0549387999734718,0.7291120816439451,2.083490984924034,0.6320615860494239,1.0456603868200072,1.8176282397522452,-0.22262317064607157,-0.3012694939774331,1.681765281041989,1.3728847638717647,-3.432415594795834,1.1813122658270099,3.162917879072806,0.40665565258437575,High,2,1,1.4743743383860015,1.0549387999734718,0.7291120816439453,2.083490984924034,0.6320615860494216,1.0456603868200072,1.8176282397522452,-0.22262317064607365,-0.3012694939774331,1.6817652810419892,1.3728847638717654,-3.432415594795835,1.1813122658270099,3.162917879072843,-2.3466164876468585,1.8301690512544988,0.6114319153500704
Johnson State College,No,833,669,279,3,13,1224,345,7656,4690,500,624,80.0,91,14.4,15,6564,36,-0.6207117546705746,-0.5787496091010235,-0.5161394202810078,-2.4905159993455945,-0.43636132634716895,0.014402216380108926,-0.6301669901236225,-0.22262317064607157,-1.3410205757323654,0.4038409378509051,0.7916295867079878,0.13982744087814877,-0.5402591781850784,-0.6959975265221549,0.8031212484993998,Low,0,0,-0.6207117546705742,-0.5787496091010234,-0.5161394202810077,-2.4905159993455945,-0.4363613263471711,0.014402216380108992,-0.630166990123623,-0.22262317064607365,-1.3410205757323654,0.40384093785090536,0.7916295867079882,0.1398274408781486,-0.5402591781850787,-0.6959975265221174,0.38192543301271076,-1.099672391311716,-1.635505074064474
Judson College,Yes,313,228,137,10,30,552,67,9414,4554,500,1700,34.0,55,10.6,30,7840,56,-1.6193711976042475,-1.7554327577420916,-1.3805168196567532,-1.2101701573606454,-1.411979982158328,-0.9431854844287971,-0.1320293343537889,-0.22262317064607157,0.7235868128126894,-2.01607288003845,-1.5685821539281672,-0.8840535815404321,0.6666429698449552,-0.1866217967027,0.7284345047923323,Medium,1,1,-1.619371197604247,-1.7554327577420916,-1.380516819656753,-1.2101701573606454,-1.4119799821583303,-0.943185484428797,-0.13202933435378933,-0.22262317064607365,0.7235868128126894,-2.0160728800384495,-1.568582153928167,-0.8840535815404326,0.6666429698449551,-0.18662179670266255,-0.13208111187288674,0.36524832997139145,0.6114319153500704
Juniata College,Yes,1005,859,298,36,55,1075,43,14850,4460,450,420,97.0,97,12.7,37,12067,80,-0.43738680796059987,-0.3176369670676287,-0.4407280862896366,0.678301268324476,-0.5839792541880137,-1.1771769277831332,1.1000409154478574,-0.6036744589706652,-2.129289807445042,1.7690253996954413,1.3728847638717647,-0.303019110231878,1.120254670067823,0.8681919607576541,0.854726368159204,Medium,1,1,-0.4373868079605994,-0.31763696706762856,-0.4407280862896365,0.6783012683244759,-0.5839792541880159,-1.1771769277831332,1.1000409154478572,-0.6036744589706673,-2.129289807445042,1.7690253996954415,1.3728847638717654,-0.3030191102318783,1.120254670067823,0.8681919607576916,0.7370804168580395,0.36524832997139145,0.6114319153500704
Kansas State University,No,5880,4075,2833,25,55,14914,2246,6995,3120,600,2000,76.0,86,18.5,22,6122,54,1.167874640875515,1.2119576900386757,1.728989444461657,0.07462985430502922,1.7203805091338742,1.3129162481134051,-0.8368854935822834,0.4488454168127673,1.0679442535532966,0.11925016044057488,0.3512859964873121,1.1299020011263075,0.07536745536606099,-0.9093180092498141,0.6930272108843537,Low,0,0,1.1678746408755154,1.2119576900386757,1.7289894444616571,0.07462985430502912,1.720380509133872,1.3129162481134051,-0.8368854935822839,0.44884541681276535,1.0679442535532966,0.11925016044057517,0.3512859964873125,1.1299020011263075,0.07536745536606074,-0.9093180092497767,-0.37575997510958636,-1.099672391311716,-1.635505074064474
Kansas Wesleyan University,Yes,589,575,148,16,40,474,258,8400,3250,500,1400,63.0,55,12.4,14,6535,68,-0.9660388977732027,-0.7390843075573001,-1.2820407574412631,-0.5897369692550372,-1.6188618643705242,-0.16668709975276855,-0.4110492657654314,-0.22262317064607157,0.31574018896209594,-0.7087308284652433,-1.5685821539281672,-0.3835517785009084,-0.6391619317856582,-0.7093146180958124,0.9762308998302207,Low,0,1,-0.9660388977732023,-0.7390843075573,-1.282040757441263,-0.5897369692550373,-1.6188618643705264,-0.1666870997527685,-0.4110492657654319,-0.22262317064607365,0.31574018896209594,-0.7087308284652429,-1.568582153928167,-0.3835517785009087,-0.6391619317856585,-0.709314618095775,1.5732947356549105,-1.099672391311716,0.6114319153500704
Keene State College,No,3121,2446,822,5,19,3480,776,7870,4157,500,1150,73.0,73,16.1,13,6195,61,0.6164563901288352,0.7282789551344832,0.6296446599042796,-1.996211324615275,0.6103645200711686,0.5474231074995041,-0.565761217254832,-0.22262317064607157,-0.09357017425507218,-0.08499874626512405,-0.6159930277260232,0.5623716020246939,-0.7416251041701869,-0.8724887675480301,0.7837231656520346,Low,0,0,0.6164563901288357,0.7282789551344833,0.6296446599042798,-1.996211324615275,0.6103645200711664,0.5474231074995042,-0.5657612172548324,-0.22262317064607365,-0.09357017425507219,-0.08499874626512376,-0.6159930277260229,0.5623716020246938,-0.7416251041701872,-0.8724887675479926,0.24842461282853598,-1.099672391311716,-1.635505074064474
Kentucky Wesleyan College,Yes,584,497,175,20,49,662,121,8000,4150,500,1300,57.0,65,11.3,32,7058,62,-0.974645532720437,-0.8950270126380757,-1.0723293589618343,-0.2672791173259531,-1.1740897863384485,-0.6152331167599441,-0.5271953565598377,-0.22262317064607157,0.16107890591759866,-1.0406425497511826,-1.0916144806733752,-0.6856894063241084,0.8013473287828285,-0.4821404405083228,0.851027397260274,Low,0,1,-0.9746455327204365,-0.8950270126380756,-1.0723293589618341,-0.2672791173259532,-1.1740897863384507,-0.615233116759944,-0.5271953565598382,-0.22262317064607365,0.16107890591759863,-1.0406425497511824,-1.091614480673375,-0.6856894063241087,0.8013473287828284,-0.4821404405082853,0.7116234862566928,-1.099672391311716,0.6114319153500704
Kenyon College,Yes,2212,1538,408,44,75,1445,1,19240,3690,750,480,95.0,95,11.1,46,14067,88,0.3056582803494612,0.27374723164460024,-0.09137909637194691,1.036004475647191,-0.25362644081671126,-2.8041190614953253,1.8912024715251203,1.2919414548995862,-1.865106413761372,1.5953726226723983,1.1726062411645384,-0.7418550947282283,1.6425081021362922,1.1890492493033171,0.6952983725135624,High,2,1,0.30565828034946163,0.27374723164460035,-0.0913790963719468,1.036004475647191,-0.2536264408167134,-2.8041190614953253,1.8912024715251203,1.2919414548995845,-1.865106413761372,1.5953726226723985,1.172606241164539,-0.7418550947282286,1.6425081021362922,1.1890492493033546,-0.36012946447325445,1.8301690512544988,0.6114319153500704
Keuka College,Yes,461,381,174,10,43,738,55,9600,4550,600,750,55.0,94,13.3,43,7863,51,-1.2156010323760753,-1.1833719378672336,-1.0794126498630179,-1.2101701573606454,-1.036289062354991,-1.048559551570483,-0.08301816459418493,0.4488454168127673,-0.9696251460136798,-1.1441971717488406,1.074929591154588,-0.14418170109309456,1.4748350835114368,-0.17861586775988056,0.8264642082429501,Medium,1,1,-1.2156010323760749,-1.1833719378672336,-1.0794126498630177,-1.2101701573606454,-1.0362890623549932,-1.048559551570483,-0.08301816459418532,0.44884541681276535,-0.9696251460136798,-1.1441971717488404,1.0749295911545886,-0.14418170109309478,1.4748350835114368,-0.17861586775984312,0.5425755496150024,0.36524832997139145,0.6114319153500704
King's College,Yes,1456,1053,381,20,45,500,541,10910,5160,400,1795,66.0,72,15.6,37,7649,87,-0.08278822325093256,-0.10821190725164723,-0.16608864182704608,-0.2672791173259531,-1.5455531044732962,0.3050335001467856,0.24567877056213078,-1.0237043227479306,0.8385021312441598,-0.530852785233515,-0.6802485294455134,0.4400128730840295,1.120254670067823,-0.25452109863246714,0.7232142857142857,Medium,1,1,-0.0827882232509321,-0.10821190725164713,-0.16608864182704597,-0.2672791173259532,-1.5455531044732984,0.30503350014678565,0.24567877056213044,-1.0237043227479328,0.8385021312441598,-0.5308527852335146,-0.6802485294455132,0.44001287308402937,1.120254670067823,-0.25452109863242967,-0.16800752449540812,0.36524832997139145,0.6114319153500704
King College,Yes,355,300,142,34,65,509,44,8664,3350,600,3000,65.0,68,10.7,25,8954,65,-1.4867856374636481,-1.447177321248099,-1.334665501686768,0.5798146710452374,-1.5212534207797994,-1.1652934128860377,-0.33636722581032924,0.4488454168127673,1.939013004504672,-0.5910270561252143,-0.9234340703527073,-0.855404703879397,0.30823399686918296,0.1643121901013457,0.8450704225352113,Low,0,1,-1.4867856374636477,-1.447177321248099,-1.3346655016867677,0.5798146710452373,-1.5212534207798016,-1.1652934128860377,-0.3363672258103297,0.44884541681276535,1.939013004504672,-0.591027056125214,-0.9234340703527071,-0.8554047038793975,0.30823399686918274,0.16431219010138315,0.6706265991998726,-1.099672391311716,0.6114319153500704
Knox College,Yes,1040,845,286,48,77,967,24,15747,4062,400,800,88.0,95,12.7,33,13224,79,-0.4042288704125185,-0.33466422951413055,-0.4876858308923759,1.1970584702876572,-0.7075437232724697,-1.4699099420701698,1.273077611694269,-1.0237043227479306,-0.8385145305308968,1.0149446356388536,1.1726062411645384,-0.303019110231878,0.8670772597515548,1.0628706075214809,0.8125,High,2,1,-0.40422887041251804,-0.33466422951413044,-0.48768583089237577,1.1970584702876572,-0.707543723272472,-1.4699099420701698,1.2730776116942688,-1.0237043227479328,-0.8385145305308968,1.0149446356388538,1.172606241164539,-0.3030191102318783,0.8670772597515547,1.0628706075215184,0.4464715547859638,1.8301690512544988,0.6114319153500704
La Roche College,Yes,361,321,185,10,41,650,819,8842,4782,600,1100,57.0,73,14.2,14,7022,52,-1.4692311686146977,-1.3720644700189726,-1.003964331913671,-1.2101701573606454,-1.1976102065208547,0.5843966660193212,-0.28685209368045994,0.4488454168127673,-0.18552421188393892,-1.0406425497511826,-0.6159930277260232,0.08884698314321551,-0.6391619317856582,-0.4969447215894081,0.889196675900277,Medium,1,1,-1.4692311686146973,-1.3720644700189726,-1.0039643319136708,-1.2101701573606454,-1.197610206520857,0.5843966660193213,-0.2868520936804604,0.44884541681276535,-0.18552421188393894,-1.0406425497511824,-0.6159930277260229,0.08884698314321533,-0.6391619317856585,-0.49694472158937064,0.9743107860467761,0.36524832997139145,0.6114319153500704
La Salle University,Yes,2929,1834,622,20,56,2738,1662,12600,5610,450,3160,90.0,90,15.1,9,9084,84,0.5597329906444165,0.4478797443353711,0.35188300544179685,-0.2672791173259531,0.3909302536402648,1.087937657744243,0.6334853408195446,-0.6036744589706652,2.051883665195172,1.1764343828889745,0.700405830648109,0.31608928492044563,-1.1963666133652986,0.2009258252669585,0.6261522703994538,Medium,1,1,0.559732990644417,0.4478797443353712,0.35188300544179696,-0.2672791173259532,0.3909302536402626,1.087937657744243,0.6334853408195443,-0.6036744589706673,2.051883665195172,1.1764343828889747,0.7004058306481095,0.31608928492044547,-1.196366613365299,0.20092582526699596,-0.8360043958985544,0.36524832997139145,0.6114319153500704
Lafayette College,Yes,4010,2402,572,36,59,2018,226,18730,5740,600,1000,93.0,96,10.5,38,15365,92,0.8377702463044681,0.7107652522281896,0.266052585511243,0.678301268324476,0.09448539342681864,-0.24753319832585066,1.8058194538136152,0.4488454168127673,-0.38201766038027757,1.425191176895042,1.2719213033900254,-0.9128098000811495,1.1813122658270099,1.3622657880232765,0.599002493765586,High,2,1,0.8377702463044685,0.7107652522281898,0.2660525855112431,0.6783012683244759,0.09448539342681644,-0.2475331983258506,1.8058194538136152,0.44884541681276535,-0.38201766038027757,1.4251911768950423,1.271921303390026,-0.91280980008115,1.1813122658270099,1.362265788023314,-1.0228536570837026,1.8301690512544988,0.6114319153500704
LaGrange College,Yes,544,399,177,15,35,600,363,6987,3585,750,1500,77.0,83,12.5,12,9067,75,-1.0464875747632774,-1.1329165266791807,-1.0583017504119752,-0.6795322253656407,-1.3016437643242977,0.046625306910479405,-0.8394643053665204,1.2919414548995862,0.4602273976750806,0.18908533721226045,0.10571998260266878,-0.3566226047221888,-0.8480459248697001,0.19618351722320695,0.7334558823529411,Low,0,1,-1.046487574763277,-1.1329165266791807,-1.058301750411975,-0.6795322253656408,-1.3016437643243,0.046625306910479475,-0.839464305366521,1.2919414548995845,0.4602273976750806,0.18908533721226076,0.10571998260266914,-0.3566226047221891,-0.8480459248697004,0.1961835172232444,-0.09752315951901573,-1.099672391311716,0.6114319153500704
Lake Forest College,Yes,979,638,271,31,70,968,20,16880,3970,920,1320,91.0,94,10.7,19,15687,77,-0.4628319680747348,-0.6288125041927928,-0.5496832351813109,0.4237419326421896,-0.7063235241952073,-1.5580842419584755,1.4826367514297836,2.0849205145014107,0.1928962049080067,1.2584840840542526,1.074929591154588,-0.855404703879397,-0.17422905107118244,1.4018114161641497,0.651685393258427,High,2,1,-0.46283196807473437,-0.6288125041927927,-0.5496832351813108,0.4237419326421895,-0.7063235241952095,-1.5580842419584755,1.4826367514297834,2.084920514501409,0.19289620490800669,1.2584840840542528,1.0749295911545886,-0.8554047038793975,-0.17422905107118275,1.4018114161641873,-0.660281213852282,1.8301690512544988,0.6114319153500704
Lakeland College,Yes,497,452,231,24,47,887,1957,9400,4005,500,1000,49.0,65,17.2,25,4054,57,-1.138532392778782,-0.9973884230712587,-0.736498758026953,0.01057495289120002,-0.8104724707642428,1.209193237097751,-0.13574395481608972,-0.22262317064607157,-0.38201766038027757,-1.4335405381377422,-1.0916144806733752,0.8263778558007174,0.30823399686918296,-2.3445153011363096,0.9094567404426559,Medium,1,1,-1.1385323927787816,-0.9973884230712586,-0.7364987580269529,0.010574952891199925,-0.810472470764245,1.209193237097751,-0.13574395481609014,-0.22262317064607365,-0.38201766038027757,-1.433540538137742,-1.091614480673375,0.8263778558007174,0.30823399686918274,-2.3445153011362723,1.1137439070760164,0.36524832997139145,0.6114319153500704
Lamar University,No,2336,1725,1043,10,27,5438,4058,4752,3040,508,1463,48.0,82,18.4,12,5879,26,0.35543345633602225,0.387500524925122,0.8576743925061577,-1.2101701573606454,0.9892799099223781,1.7744843735706322,-1.6528565178822174,-0.16477495465418704,0.4078659479344087,-1.4786478771804488,0.026908565600263796,1.1068607883955666,-0.8480459248697001,-1.0369116641896894,0.7384417808219178,Low,0,0,0.3554334563360227,0.3875005249251221,0.8576743925061578,-1.2101701573606454,0.9892799099223759,1.7744843735706322,-1.6528565178822183,-0.1647749546541891,0.4078659479344087,-1.4786478771804485,0.026908565600264143,1.1068607883955666,-0.8480459248697004,-1.0369116641896519,-0.0632093801522152,-1.099672391311716,-1.635505074064474
Lambuth University,Yes,831,538,224,15,35,840,325,5170,3430,600,1590,61.0,61,16.1,10,5531,60,-0.6230761303451212,-0.810039984195311,-0.7730221702382035,-0.6795322253656407,-0.8763764750187829,-0.023232401891388733,-1.4840677975968843,0.4488454168127673,0.5826336393637062,-0.8229044689180576,-1.2975068699343983,0.5623716020246939,-1.0747688529439479,-1.2343633363718265,0.6474127557160048,Low,0,1,-0.6230761303451208,-0.8100399841953109,-0.7730221702382034,-0.6795322253656408,-0.8763764750187851,-0.023232401891388667,-1.484067797596885,0.44884541681276535,0.5826336393637062,-0.8229044689180572,-1.2975068699343981,0.5623716020246938,-1.0747688529439483,-1.234363336371789,-0.6896862133437932,-1.099672391311716,0.6114319153500704
Lander University,No,1166,1009,510,9,33,2074,341,4938,2987,528,1702,67.0,77,17.0,11,6119,51,-0.2940737968296393,-0.15186936030540785,0.1467477858220707,-1.3390590413944048,0.12189798766583722,0.007035793433228838,-1.5765944964348813,-0.02356423831776906,0.7260683985577808,-0.46979766094537384,-0.3447982089823837,0.77888612464485,-0.9589007319312817,-0.9108458879350955,0.8653516295025729,Low,0,0,-0.29407379682963886,-0.15186936030540776,0.14674778582207082,-1.3390590413944048,0.12189798766583503,0.007035793433228904,-1.5765944964348821,-0.0235642383177711,0.7260683985577808,-0.46979766094537356,-0.34479820898238345,0.77888612464485,-0.958900731931282,-0.910845887935058,0.8102052259008893,-1.099672391311716,-1.635505074064474
Lawrence University,Yes,1243,947,324,50,77,1129,74,17163,3891,525,975,76.0,92,10.1,57,13965,77,-0.2328836475814302,-0.21696769354906906,-0.3460666903092918,1.273895148987768,-0.5277460235029113,-0.8893593986896108,1.5335315459546968,-0.04444461100956184,-0.43406072923326133,0.11925016044057488,0.8844513618593768,-1.028937190590704,2.213170714112627,1.1744033262679487,0.7618664521319388,High,2,1,-0.23288364758142976,-0.21696769354906897,-0.3460666903092917,1.273895148987768,-0.5277460235029136,-0.8893593986896107,1.5335315459546968,-0.04444461100956388,-0.43406072923326133,0.11925016044057517,0.8844513618593772,-1.0289371905907045,2.213170714112627,1.1744033262679863,0.09800308898915018,1.8301690512544988,0.6114319153500704
Le Moyne College,Yes,1470,1199,425,21,76,1820,558,11040,4840,400,900,89.0,92,13.3,28,8118,94,-0.07376365717697533,0.023816109242946932,-0.04720648923285059,-0.19422217291531432,-0.010434331659009605,0.3254917671957304,0.2768549542350336,-1.0237043227479306,-0.5981756735654908,1.0952544342623864,0.8844513618593768,-0.14418170109309456,0.5272487670727979,-0.0921889945760299,0.8156462585034013,Medium,1,1,-0.07376365717697488,0.023816109242947026,-0.04720648923285048,-0.1942221729153144,-0.010434331659011796,0.3254917671957305,0.27685495423503326,-1.0237043227479328,-0.5981756735654908,1.0952544342623867,0.8844513618593772,-0.14418170109309478,0.5272487670727978,-0.09218899457599246,0.4681246271034976,0.36524832997139145,0.6114319153500704
Lebanon Valley College,Yes,1386,1060,320,28,56,965,502,13850,4755,400,1125,84.0,84,12.3,30,8196,85,-0.12935580822242052,-0.101446445486052,-0.36004800696402506,0.2560970954071895,-0.7099887449885577,0.2558140286510499,0.8988522424149886,-1.0237043227479306,-0.139061096643129,0.7024150564455859,0.18604632551126654,-0.4105671795649674,0.6666429698449552,-0.0665764759666888,0.7647907647907648,Medium,1,1,-0.12935580822242007,-0.1014464454860519,-0.36004800696402495,0.2560970954071894,-0.7099887449885599,0.25581402865104996,0.8988522424149885,-1.0237043227479328,-0.13906109664312902,0.7024150564455862,0.1860463255112669,-0.41056717956496774,0.6666429698449551,-0.06657647596665135,0.11812869323056414,0.36524832997139145,0.6114319153500704
Lehigh University,Yes,6397,4304,1092,40,84,4298,132,18700,5580,750,1130,96.0,99,12.5,43,14665,91,1.239296377928383,1.2627753422714065,0.9006925042704416,0.8637602612893264,0.7942087752389712,-0.565348664360025,1.800749684858574,1.2919414548995862,-0.1298864815091378,1.681765281041989,1.5797966065761389,-0.3566226047221888,1.4748350835114368,1.2717609438328052,0.6728153822104112,High,2,1,1.2392963779283834,1.2627753422714065,0.9006925042704417,0.8637602612893263,0.7942087752389689,-0.5653486643600248,1.800749684858574,1.2919414548995845,-0.12988648150913784,1.6817652810419892,1.5797966065761395,-0.3566226047221891,1.4748350835114368,1.2717609438328428,-0.5148611289001453,1.8301690512544988,0.6114319153500704
Lenoir-Rhyne College,Yes,979,743,259,25,46,1188,166,10100,4000,400,1000,88.0,92,12.0,20,8539,66,-0.4628319680747348,-0.4686246913466244,-0.6022008512940576,0.07462985430502922,-0.4699395946853884,-0.4319194753659008,0.04571793663676078,-1.0237043227479306,-0.38201766038027757,1.0149446356388536,0.8844513618593768,-0.4921406487925007,-0.08895267462994533,0.041779897258609096,0.7589376915219612,Medium,1,1,-0.46283196807473437,-0.46862469134662427,-0.6022008512940575,0.07462985430502912,-0.46993959468539054,-0.43191947536590075,0.0457179366367604,-1.0237043227479328,-0.38201766038027757,1.0149446356388538,0.8844513618593772,-0.492140648792501,-0.0889526746299456,0.041779897258646545,0.07784687321093885,0.36524832997139145,0.6114319153500704
Lesley College,Yes,244,198,82,12,33,1134,336,11700,5300,550,805,71.0,88,27.8,18,8694,58,-1.885292960390472,-1.9161582038759364,-2.0653673511789594,-0.9785370964802453,-0.5227056899880872,-0.0022827454974140133,0.43152857295147645,0.12646725882300056,-0.8258353534221278,-0.2167793357746881,0.5227114720482265,3.095798672511155,-0.2617966749661709,0.08858972038303284,0.8114754098360656,Medium,1,1,-1.8852929603904716,-1.9161582038759364,-2.0653673511789594,-0.9785370964802454,-0.5227056899880894,-0.0022827454974139465,0.4315285729514762,0.12646725882299856,-0.8258353534221278,-0.2167793357746878,0.522711472048227,3.095798672511156,-0.2617966749661712,0.08858972038307028,0.4394201555155219,0.36524832997139145,0.6114319153500704
LeTourneau University,Yes,477,417,204,29,54,1532,77,8840,4240,600,1400,58.0,70,20.8,23,6863,56,-1.1805775143980812,-1.0848362391400546,-0.8850908958079048,0.3133903214820356,-0.19083237886005583,-0.8676878692937899,-0.2874047951440182,0.4488454168127673,0.31574018896209594,-0.98753569322173,-0.8045859405355701,1.646939546149369,0.15468771075919893,-0.5637440240747692,0.8742138364779874,Medium,1,1,-1.1805775143980808,-1.0848362391400546,-0.8850908958079047,0.3133903214820355,-0.19083237886005802,-0.8676878692937898,-0.2874047951440186,0.44884541681276535,0.31574018896209594,-0.9875356932217296,-0.8045859405355699,1.6469395461493692,0.15468771075919868,-0.5637440240747318,0.8711964026666102,0.36524832997139145,0.6114319153500704
Lewis University,Yes,1154,1050,395,12,31,2192,1423,10560,4520,500,1200,36.0,48,14.3,10,7701,61,-0.30399990124664616,-0.11112611228867517,-0.12661500419563052,-0.9785370964802453,0.17681403670118154,0.9744890317088215,0.16051334950331,-0.22262317064607157,-0.005344142276702718,-1.950095590802649,-1.8307562705848581,0.11437254293617649,-1.0747688529439479,-0.23578072056002883,0.9098786828422877,Medium,1,1,-0.3039999012466457,-0.11112611228867507,-0.1266150041956304,-0.9785370964802454,0.17681403670117934,0.9744890317088216,0.16051334950330964,-0.22262317064607365,-0.005344142276702737,-1.9500955908026487,-1.830756270584858,0.11437254293617632,-1.0747688529439483,-0.23578072055999139,1.1166477845810543,0.36524832997139145,0.6114319153500704
Lincoln Memorial University,Yes,787,562,363,21,55,925,605,5950,2890,600,1300,67.0,72,14.6,35,5177,53,-0.6766978297520748,-0.7634441803188218,-0.2193710992637914,-0.19422217291531432,-0.7602279190632341,0.3792562983440603,-1.1916237594794004,0.4488454168127673,0.16107890591759866,-0.46979766094537384,-0.6802485294455134,0.19052797710194921,0.9955307035299448,-1.4557086136021447,0.7141041931385006,Low,0,1,-0.6766978297520744,-0.7634441803188217,-0.21937109926379128,-0.1942221729153144,-0.7602279190632363,0.3792562983440604,-1.191623759479401,0.44884541681276535,0.16107890591759863,-0.46979766094537356,-0.6802485294455132,0.19052797710194908,0.9955307035299447,-1.4557086136021071,-0.2307046910345368,-1.099672391311716,0.6114319153500704
Lincoln University,No,1660,1091,326,15,41,1196,33,4818,3400,350,1400,71.0,72,12.6,8,10912,45,0.040311743443240046,-0.07204808040603095,-0.33915046104444896,-0.6795322253656407,-0.46237145097088317,-1.3121054041850462,-1.6255753296129372,-1.4924117130767802,0.31574018896209594,-0.2167793357746881,-0.6802485294455134,-0.32977869646566793,-1.3245972639117196,0.6431262914193826,0.6572289156626506,Low,0,0,0.040311743443240504,-0.07204808040603085,-0.33915046104444885,-0.6795322253656408,-0.46237145097088533,-1.3121054041850462,-1.625575329612938,-1.4924117130767824,0.31574018896209594,-0.2167793357746878,-0.6802485294455132,-0.3297786964656682,-1.32459726391172,0.64312629141942,-0.6221297741715446,-1.099672391311716,-1.635505074064474
Lindenwood College,Yes,810,484,356,6,33,2155,191,9200,4800,1000,4200,65.0,85,24.1,9,3480,100,-0.6482776815822454,-0.9235469891933896,-0.24092053751433645,-1.8031104107042748,0.15999039767192785,-0.34876991509047023,-0.18921069485173558,2.414475888364001,2.674995208750502,-0.5910270561252143,0.26789815935115474,2.3507470338170307,-1.1963666133652986,-2.9605567252585656,0.5975308641975309,Medium,1,1,-0.648277681582245,-0.9235469891933895,-0.24092053751433634,-1.8031104107042748,0.15999039767192566,-0.3487699150904702,-0.18921069485173603,2.414475888363999,2.674995208750502,-0.591027056125214,0.26789815935115513,2.350747033817031,-1.196366613365299,-2.9605567252585283,-1.0329816556023463,0.36524832997139145,0.6114319153500704
Linfield College,Yes,1561,1188,458,48,72,1548,840,13380,4210,500,900,89.0,91,17.8,34,8747,81,-0.01726624058512958,0.014483013485193675,0.03299949159254631,1.1970584702876572,-0.17975746734136272,0.6018205398174177,0.8009923922476911,-0.22262317064607157,-0.5981756735654908,1.0952544342623864,0.7916295867079878,0.9675564808473687,0.931790342010479,0.10430416934593327,0.7610506085842409,Medium,1,1,-0.01726624058512912,0.01448301348519377,0.03299949159254642,1.1970584702876572,-0.1797574673413649,0.6018205398174178,0.800992392247691,-0.22262317064607365,-0.5981756735654908,1.0952544342623867,0.7916295867079882,0.9675564808473687,0.9317903420104788,0.10430416934597071,0.092388318518447,0.36524832997139145,0.6114319153500704
Livingstone College,Yes,900,473,217,22,47,621,11,4400,3400,800,900,53.0,93,10.4,16,9268,92,-0.5448466748527416,-0.9483259445596641,-0.8108858447267193,-0.12368771857670886,-1.2567071081419319,-1.8365004457432288,-1.8027196816720257,1.5402401052701242,-0.5981756735654908,-1.2442020010279624,0.9788813231015295,-0.9416747897833104,-0.44458151258091694,0.25140102299907474,0.5255555555555556,Low,0,1,-0.5448466748527412,-0.948325944559664,-0.8108858447267192,-0.12368771857670896,-1.256707108141934,-1.8365004457432288,-1.8027196816720266,1.5402401052701227,-0.5981756735654908,-1.2442020010279622,0.97888132310153,-0.9416747897833109,-0.44458151258091727,0.2514010229991122,-1.5283276551178582,-1.099672391311716,0.6114319153500704
Lock Haven University of Pennsylvania,No,3570,2215,651,17,41,3390,325,7352,3620,225,500,47.0,55,16.1,14,6374,63,0.7356566559034914,0.6323019612461342,0.3980963724371022,-0.5039903742110078,0.5869465770515717,-0.023232401891388733,-0.7237219086721083,-2.98821959693631,-1.784000288095055,-1.5228628172045766,-1.5685821539281672,0.5623716020246939,-0.6391619317856582,-0.7849240182678582,0.6204481792717087,Low,0,0,0.7356566559034918,0.6323019612461344,0.39809637243710233,-0.5039903742110079,0.5869465770515695,-0.023232401891388667,-0.7237219086721087,-2.988219596936313,-1.784000288095055,-1.5228628172045764,-1.568582153928167,0.5623716020246938,-0.6391619317856585,-0.7849240182678208,-0.8752608961388691,-1.099672391311716,-1.635505074064474
Longwood College,No,2747,1870,724,12,47,2874,118,7920,3962,550,2200,74.0,80,18.4,23,5553,62,0.5021473183220763,0.46698274279435203,0.5046362831216911,-0.9785370964802453,0.4362264586264233,-0.629548416569673,-0.5508791045000928,0.12646725882300056,1.2711621900847665,-0.017792359075214106,-0.12621201953217973,1.1068607883955666,0.15468771075919893,-1.221323199738974,0.6807426283218057,Low,0,0,0.5021473183220767,0.46698274279435215,0.5046362831216912,-0.9785370964802454,0.4362264586264211,-0.6295484165696729,-0.5508791045000933,0.12646725882299856,1.2711621900847665,-0.01779235907521381,-0.12621201953217942,1.1068607883955666,0.15468771075919868,-1.2213231997389364,-0.4603045077123602,-1.099672391311716,-1.635505074064474
Loras College,Yes,1641,1283,527,20,39,1663,170,11200,4000,500,1200,61.0,62,14.2,24,7578,70,0.029552574275480824,0.09220502368640243,0.1810595229873349,-0.2672791173259531,-0.10405659243666432,-0.41788619696648244,0.31489688371580865,-0.22262317064607157,-0.005344142276702718,-0.8229044689180576,-1.2479642050627717,0.08884698314321551,0.2322748898408057,-0.28042560572281955,0.7818403412553321,Medium,1,1,0.029552574275481282,0.09220502368640253,0.18105952298733502,-0.2672791173259532,-0.10405659243666651,-0.4178861969664824,0.3148968837158083,-0.22262317064607365,-0.005344142276702737,-0.8229044689180572,-1.2479642050627715,0.08884698314321533,0.23227488984080544,-0.2804256057227821,0.23546670336911224,0.36524832997139145,0.6114319153500704
Louisiana College,Yes,2013,1053,212,33,61,912,158,5150,3036,500,1655,64.0,74,10.5,11,7547,59,0.21914934102610006,-0.10821190725164723,-0.8388040570840823,0.5289610409990295,-0.7771289851661951,-0.46092683417277663,-1.4919356475821814,-0.22262317064607157,0.6670040154756647,-0.6503199235272579,-0.5503313595284204,-0.9128098000811495,-0.9589007319312817,-0.2918526560910503,0.5230998509687034,Low,0,1,0.2191493410261005,-0.10821190725164713,-0.8388040570840822,0.5289610409990294,-0.7771289851661973,-0.4609268341727766,-1.4919356475821821,-0.22262317064607365,0.6670040154756647,-0.6503199235272575,-0.5503313595284202,-0.91280980008115,-0.958900731931282,-0.29185265609101285,-1.545228220965237,-1.099672391311716,0.6114319153500704
Louisiana State University at Baton Rouge,No,5996,4993,3079,29,57,16269,3757,5925,2980,600,2242,83.0,87,15.9,11,6741,37,1.1844714247355084,1.3998402465953887,1.795765124896746,0.3133903214820356,1.7761379195176563,1.7128359313830182,-1.2005937336766925,0.4488454168127673,1.3115955787927402,0.6264621373681686,0.43622029750213775,0.5136114615269335,-0.9589007319312817,-0.6166236707742156,0.8327218145430287,Low,0,0,1.1844714247355088,1.3998402465953887,1.7957651248967461,0.3133903214820355,1.776137919517654,1.7128359313830182,-1.2005937336766932,0.44884541681276535,1.3115955787927402,0.6264621373681689,0.43622029750213814,0.5136114615269334,-0.958900731931282,-0.6166236707741782,0.585641432982112,-1.099672391311716,-1.635505074064474
Louisiana Tech University,No,2397,2144,1525,22,45,6720,1822,3957,2325,618,1656,66.0,77,20.0,13,4546,45,0.37888767850962035,0.600639763096081,1.2047121036197275,-0.12368771857670886,1.1563836934161145,1.1559113737234528,-2.0029561431100276,0.5591683428667525,0.6682772333964722,-0.530852785233515,-0.3447982089823837,1.4698007823756916,-0.7416251041701869,-1.9138599024718312,0.8944513975803087,Low,0,0,0.3788876785096208,0.6006397630960811,1.2047121036197277,-0.12368771857670896,1.1563836934161122,1.1559113737234528,-2.0029561431100285,0.5591683428667507,0.6682772333964722,-0.5308527852335146,-0.34479820898238345,1.4698007823756916,-0.7416251041701872,-1.9138599024717937,1.0104746512928244,-1.099672391311716,-1.635505074064474
Loyola College,Yes,4076,3137,738,25,54,3010,184,12990,6300,600,900,86.0,88,14.7,27,9448,80,0.8520422412164231,0.9661636008873997,0.5236517561023535,0.07462985430502922,0.47898087476535756,-0.37101126916369426,0.7180635502087066,0.4488454168127673,-0.5981756735654908,0.8569371017481758,0.5227114720482265,0.21577495035720026,0.45563871675750844,0.2993187959008009,0.7696270853778214,Medium,1,1,0.8520422412164236,0.9661636008873998,0.5236517561023536,0.07462985430502912,0.4789808747653554,-0.3710112691636942,0.7180635502087064,0.44884541681276535,-0.5981756735654908,0.8569371017481762,0.522711472048227,0.21577495035720012,0.4556387167575082,0.2993187959008384,0.15141305283073808,0.36524832997139145,0.6114319153500704
Loyola Marymount University,Yes,3768,2662,753,42,64,3558,436,13592,5916,545,1328,84.0,88,14.2,10,11677,84,0.7831913744445844,0.8096396925846944,0.543569362742401,0.9513952875026418,0.6300703075898832,0.16405119445779334,0.8454079864769031,0.09283591516479822,0.20549485836823822,0.7024150564455859,0.5227114720482265,0.08884698314321551,-1.0747688529439479,0.7960103209127901,0.7064755838641189,Medium,1,1,0.7831913744445849,0.8096396925846945,0.5435693627424011,0.9513952875026417,0.630070307589881,0.1640511944577934,0.845407986476903,0.0928359151647962,0.2054948583682382,0.7024150564455862,0.522711472048227,0.08884698314321533,-1.0747688529439483,0.7960103209128275,-0.283206044029474,0.36524832997139145,0.6114319153500704
Loyola University,Yes,1891,1698,719,24,80,2740,761,11100,5870,600,750,77.0,88,11.7,14,9456,53,0.1614405643703596,0.3719135826077372,0.4977420701110184,0.01057495289120002,0.39161611934738316,0.5340891069151911,0.2911627873620437,0.4488454168127673,-0.9696251460136798,0.18908533721226045,0.5227114720482265,-0.574526650128418,-0.6391619317856582,0.3014160712970572,0.8979375991538868,Medium,1,1,0.16144056437036006,0.3719135826077373,0.4977420701110185,0.010574952891199925,0.391616119347381,0.5340891069151912,0.2911627873620434,0.44884541681276535,-0.9696251460136798,0.18908533721226076,0.522711472048227,-0.5745266501284183,-0.6391619317856585,0.3014160712970947,1.034467268143786,0.36524832997139145,0.6114319153500704
Luther College,Yes,1549,1392,587,38,72,2269,85,13240,3560,600,400,73.0,85,13.8,38,8949,77,-0.024510900126319506,0.17414071107921025,0.2926827788998663,0.7728313953160668,0.21074067505465605,-0.8134203963195425,0.7714077377672819,0.4488454168127673,-2.2253916621767957,-0.08499874626512405,0.26789815935115474,-0.013975971157088379,1.1813122658270099,0.16288776236660474,0.8986442866365397,Medium,1,1,-0.024510900126319048,0.17414071107921034,0.29268277889986644,0.7728313953160667,0.21074067505465385,-0.8134203963195424,0.7714077377672818,0.44884541681276535,-2.2253916621767957,-0.08499874626512376,0.26789815935115513,-0.013975971157088578,1.1813122658270099,0.16288776236664218,1.0393308084890047,0.36524832997139145,0.6114319153500704
Lycoming College,Yes,1286,1005,363,16,37,1363,74,13900,4300,500,900,75.0,81,14.0,32,8024,72,-0.20046048978620265,-0.15593867284819843,-0.2193710992637914,-0.5897369692550372,-0.3171844683470733,-0.8893593986896108,0.9091339611846172,-0.22262317064607157,-0.5981756735654908,0.05029077019095683,-0.05039854408423131,0.03758108271501449,0.8013473287828285,-0.12355957025916235,0.78149300155521,Medium,1,1,-0.2004604897862022,-0.15593867284819835,-0.21937109926379128,-0.5897369692550373,-0.3171844683470755,-0.8893593986896107,0.9091339611846171,-0.22262317064607365,-0.5981756735654908,0.05029077019095713,-0.05039854408423098,0.0375810827150143,0.8013473287828284,-0.12355957025912491,0.2330762540028684,0.36524832997139145,0.6114319153500704
Lynchburg College,Yes,1756,1500,366,3,21,1524,280,12450,5400,450,870,62.0,66,12.4,24,8832,70,0.09272457450947898,0.24882696724881512,-0.21028182738525236,-2.4905159993455945,-0.19642287059829866,-0.1162072291285293,0.6004982292397623,-0.6036744589706652,-0.6674934365924078,-0.7662592027979903,-1.0368844883532395,-0.3835517785009084,0.2322748898408057,0.1292051201794451,0.8542141230068337,Medium,1,1,0.09272457450947943,0.2488269672488152,-0.21028182738525225,-2.4905159993455945,-0.19642287059830085,-0.11620722912852922,0.600498229239762,-0.6036744589706673,-0.6674934365924078,-0.76625920279799,-1.0368844883532393,-0.3835517785009087,0.23227488984080544,0.12920512017948255,0.7335550608465775,0.36524832997139145,0.6114319153500704
Lyndon State College,No,535,502,223,6,20,959,150,7320,4640,500,600,48.0,65,12.6,15,7114,51,-1.063434648011646,-0.8842693935282312,-0.7783470989673844,-1.8031104107042748,-0.7173610550676991,-0.49129196730678515,-0.7337163878787926,-0.22262317064607157,-1.419790908781924,-1.4786478771804488,-1.0916144806733752,-0.32977869646566793,-0.5402591781850784,-0.4593394732611362,0.9383177570093458,Low,0,0,-1.0634346480116457,-0.8842693935282311,-0.7783470989673843,-1.8031104107042748,-0.7173610550677013,-0.4912919673067851,-0.733716387878793,-0.22262317064607365,-1.419790908781924,-1.4786478771804485,-1.091614480673375,-0.3297786964656682,-0.5402591781850787,-0.45933947326109875,1.3123702050106858,-1.099672391311716,-1.635505074064474
Macalester College,Yes,2939,1496,452,56,86,1723,113,15909,4772,500,700,85.0,91,11.9,37,14213,77,0.5627847686573655,0.246164630300095,0.018922187649837174,1.491573106355637,-0.06705206082031913,-0.6541542606230647,1.3036341431179117,-0.22262317064607157,-1.109331268357997,0.7792401852307248,0.7916295867079878,-0.5195109599719552,1.120254670067823,1.209732930837347,0.5090166723375298,High,2,1,0.5627847686573659,0.24616463030009508,0.018922187649837288,1.491573106355637,-0.06705206082032132,-0.6541542606230646,1.3036341431179115,-0.22262317064607365,-1.109331268357997,0.7792401852307251,0.7916295867079882,-0.5195109599719555,1.120254670067823,1.2097329308373845,-1.6421509897179898,1.8301690512544988,0.6114319153500704
MacMurray College,Yes,740,558,177,12,29,628,63,9620,3750,550,950,49.0,55,10.8,33,10642,59,-0.7376560987291245,-0.771060793146635,-1.0583017504119752,-0.9785370964802453,-1.2421385085638867,-0.9762693780604241,-0.07778534811509312,0.12646725882300056,-0.4873892780078052,-1.4335405381377422,-1.5685821539281672,-0.8268617687914147,0.8670772597515548,0.5851950525826123,0.754054054054054,Medium,1,1,-0.7376560987291241,-0.7710607931466349,-1.058301750411975,-0.9785370964802454,-1.242138508563889,-0.976269378060424,-0.07778534811509351,0.12646725882299856,-0.4873892780078052,-1.433540538137742,-1.568582153928167,-0.8268617687914152,0.8670772597515547,0.5851950525826497,0.04423687099691417,0.36524832997139145,0.6114319153500704
Malone College,Yes,874,758,428,21,46,1605,246,9858,3700,450,1200,42.0,45,17.6,16,4796,55,-0.573542704472815,-0.4477335081595293,-0.039622935168092274,-0.19422217291531432,-0.1414091926134067,-0.19588410726402072,-0.016055350053842243,-0.6036744589706652,-0.005344142276702718,-1.7305240109865998,-1.926317759522825,0.9207095836031439,-0.44458151258091694,-1.72134351627298,0.8672768878718535,Medium,1,1,-0.5735427044728145,-0.44773350815952917,-0.03962293516809216,-0.1942221729153144,-0.1414091926134089,-0.19588410726402067,-0.016055350053842628,-0.6036744589706673,-0.005344142276702737,-1.7305240109865996,-1.9263177595228247,0.9207095836031439,-0.44458151258091727,-1.7213435162729425,0.8234551729903934,0.36524832997139145,0.6114319153500704
Manchester College,Yes,1004,802,239,23,63,909,51,10440,3850,525,1450,63.0,72,11.8,20,7940,64,-0.4383523263393058,-0.3889102949641852,-0.6962889555267313,-0.05547969999806644,-0.7810709843113203,-1.0883435012480294,0.13088807169041586,-0.04444461100956184,0.38916914456285195,-0.7087308284652433,-0.6802485294455134,-0.5469725995435838,-0.08895267462994533,-0.1520717728641468,0.798804780876494,Medium,1,1,-0.4383523263393054,-0.3889102949641851,-0.6962889555267312,-0.05547969999806654,-0.7810709843113225,-1.0883435012480294,0.1308880716904155,-0.04444461100956388,0.38916914456285195,-0.7087308284652429,-0.6802485294455132,-0.5469725995435841,-0.0889526746299456,-0.15207177286410936,0.35221878764519526,0.36524832997139145,0.6114319153500704
Manhattan College,Yes,2432,1730,563,20,63,2578,254,12370,6800,500,1800,92.0,92,13.6,25,10062,79,0.39205720615873935,0.3903583820399644,0.24968501486168213,-0.2672791173259531,0.3339915441209464,-0.17628063685173395,0.5827984353512972,-0.22262317064607157,0.8443887826691915,1.341403144864573,0.8844513618593768,-0.06583008815144414,0.30823399686918296,0.4528055602418352,0.7113486842105263,Medium,1,1,0.3920572061587398,0.39035838203996454,0.24968501486168224,-0.2672791173259532,0.33399154412094423,-0.1762806368517339,0.5827984353512969,-0.22262317064607365,0.8443887826691915,1.3414031448645731,0.8844513618593772,-0.06583008815144435,0.30823399686918274,0.4528055602418727,-0.24966856003148497,0.36524832997139145,0.6114319153500704
Manhattanville College,Yes,962,750,212,21,54,830,150,14700,6550,450,400,97.0,97,11.3,24,11291,70,-0.4798649570737001,-0.4588199375520753,-0.8388040570840823,-0.19422217291531432,-0.8909798627776473,-0.49129196730678515,1.0704411408320977,-0.6036744589706652,-2.2253916621767957,1.7690253996954413,1.3728847638717647,-0.6856894063241084,0.2322748898408057,0.720847332367547,0.7796257796257796,Medium,1,1,-0.47986495707369964,-0.4588199375520752,-0.8388040570840822,-0.1942221729153144,-0.8909798627776495,-0.4912919673067851,1.0704411408320975,-0.6036744589706673,-2.2253916621767957,1.7690253996954415,1.3728847638717654,-0.6856894063241087,0.23227488984080544,0.7208473323675844,0.22022572330835258,0.36524832997139145,0.6114319153500704
Mankato State University,No,3073,2672,1547,9,29,9649,1792,4300,2643,450,1660,57.0,68,19.0,11,5801,68,0.6026343520350133,0.8132337891996496,1.2174061664662854,-1.3390590413944048,1.424585493420583,1.1435881879474052,-1.8467216639194428,-0.6036744589706652,0.6733628005194167,-1.0406425497511826,-0.9234340703527073,1.2443756067489222,-0.9589007319312817,-1.0795900083195058,0.8695086234949561,Low,0,0,0.6026343520350137,0.8132337891996497,1.2174061664662856,-1.3390590413944048,1.4245854934205808,1.1435881879474052,-1.8467216639194437,-0.6036744589706673,0.6733628005194167,-1.0406425497511824,-0.9234340703527071,1.2443756067489222,-0.958900731931282,-1.0795900083194683,0.8388143473202883,-1.099672391311716,-1.635505074064474
Marian College of Fond du Lac,Yes,824,670,337,15,41,1160,653,9400,3400,500,1100,37.0,37,8.4,21,5352,59,-0.631399861864038,-0.5771761980301713,-0.30196575714344803,-0.6795322253656407,-0.49692586633427605,0.4304041054018675,-0.13574395481608972,-0.22262317064607157,-0.18552421188393892,-1.9157519864380357,-2.1354499945433987,-1.5443537442451534,-0.005802574972423054,-1.3434902659041053,0.8131067961165048,Medium,1,1,-0.6313998618640375,-0.5771761980301712,-0.3019657571434479,-0.6795322253656408,-0.4969258663342782,0.4304041054018676,-0.13574395481609014,-0.22262317064607365,-0.18552421188393894,-1.9157519864380355,-2.1354499945433987,-1.544353744245154,-0.005802574972423321,-1.3434902659040677,0.4506476261985554,0.36524832997139145,0.6114319153500704
Marietta College,Yes,1611,960,342,27,60,1089,210,13850,3920,470,810,80.0,97,13.2,30,10223,96,0.012288874200994553,-0.20294799820536533,-0.28552348744643513,0.1972742770918786,-0.5690746805985696,-0.2919152202825975,0.8988522424149886,-0.4470175510183751,-0.8132308855367879,0.4038409378509051,1.3728847638717647,-0.17045420531183852,0.6666429698449552,0.49070367127801917,0.595903165735568,Medium,1,1,0.01228887420099501,-0.20294799820536524,-0.285523487446435,0.19727427709187853,-0.5690746805985718,-0.2919152202825974,0.8988522424149885,-0.44701755101837726,-0.8132308855367879,0.40384093785090536,1.3728847638717654,-0.17045420531183875,0.6666429698449551,0.49070367127805664,-1.0441837461075985,0.36524832997139145,0.6114319153500704
Marist College,Yes,4731,3171,830,12,31,3557,658,10700,5925,550,1200,74.0,81,17.6,34,8408,69,0.9815234670730355,0.9763791423772197,0.6390826300734143,-0.9785370964802453,0.6298210138485707,0.4355350152738717,0.19479844561691814,0.12646725882300056,-0.005344142276702718,-0.017792359075214106,-0.05039854408423131,0.9207095836031439,0.931790342010479,0.0011938503815128413,0.6702599873176919,Medium,1,1,0.981523467073036,0.9763791423772198,0.6390826300734144,-0.9785370964802454,0.6298210138485685,0.43553501527387173,0.1947984456169178,0.12646725882299856,-0.005344142276702737,-0.01779235907521381,-0.05039854408423098,0.9207095836031439,0.9317903420104788,0.00119385038155029,-0.532447779949984,0.36524832997139145,0.6114319153500704
Marshall University,Yes,4226,3666,2007,14,60,7703,2339,5094,4010,700,1560,77.0,86,16.6,10,6203,50,0.8835756969907924,1.1131084808065626,1.4433405912451807,-0.7738575489017414,1.2601083737941903,1.3437346591245152,-1.5140727833764296,1.0287304144592622,0.5425807513093608,0.18908533721226045,0.3512859964873121,0.6832329404588044,-1.0747688529439479,-0.868492999507146,0.8674869853289162,Low,0,1,0.8835756969907929,1.1131084808065626,1.4433405912451809,-0.7738575489017415,1.260108373794188,1.3437346591245152,-1.5140727833764305,1.0287304144592604,0.5425807513093608,0.18908533721226076,0.3512859964873125,0.6832329404588043,-1.0747688529439483,-0.8684929995071086,0.824901098500516,-1.099672391311716,0.6114319153500704
Mary Baldwin College,Yes,499,441,199,26,52,846,377,11200,7400,600,1300,66.0,79,6.8,50,10819,90,-1.134428227928182,-1.0240692222107588,-0.9150960485959462,0.13682203138818058,-0.8677158442374838,0.07070507551992554,0.31489688371580865,0.4488454168127673,0.16107890591759866,-0.530852785233515,-0.2005425892756753,-2.068872026591639,1.8574782421444587,0.6234217737741007,0.8837675350701403,Medium,1,1,-1.1344282279281817,-1.0240692222107588,-0.9150960485959461,0.1368220313881805,-0.867715844237486,0.07070507551992561,0.3148968837158083,0.44884541681276535,0.16107890591759863,-0.5308527852335146,-0.200542589275675,-2.0688720265916394,1.8574782421444587,0.6234217737741381,0.9369465393105537,0.36524832997139145,0.6114319153500704
Mary Washington College,No,4350,2178,756,39,78,2997,736,6490,4942,650,2102,75.0,80,17.6,30,5358,84,0.9087484014661997,0.6159394992973428,0.5474979915729887,0.8187257600747313,0.4749968421987529,0.5113291060800422,-1.0036254752068963,0.7485437875764888,1.1738857601611474,0.05029077019095683,-0.12621201953217973,0.9207095836031439,0.6666429698449552,-1.339742360351153,0.5006896551724138,Low,0,0,0.9087484014662002,0.6159394992973429,0.5474979915729888,0.8187257600747312,0.4749968421987507,0.5113291060800423,-1.003625475206897,0.7485437875764869,1.1738857601611474,0.05029077019095713,-0.12621201953217942,0.9207095836031439,0.6666429698449551,-1.3397423603511154,-1.699458901534733,-1.099672391311716,-1.635505074064474
Marymount College Tarrytown,Yes,478,327,117,9,34,731,370,11510,6450,575,1075,71.0,93,10.3,30,10502,77,-1.1784306182126145,-1.3515655172821455,-1.5853862666253253,-1.3390590413944048,-1.048242106623865,0.058768031010185864,0.38760090246377515,0.29071968978274854,-0.23300311500402573,-0.2167793357746881,0.9788813231015295,-0.9706500139500978,0.6666429698449552,0.5542642888171955,0.6841004184100419,Medium,1,1,-1.178430618212614,-1.3515655172821455,-1.5853862666253251,-1.3390590413944048,-1.0482421066238672,0.058768031010185934,0.3876009024637749,0.29071968978274654,-0.23300311500402576,-0.2167793357746878,0.97888132310153,-0.9706500139500982,0.6666429698449551,0.5542642888172329,-0.4371956399797577,0.36524832997139145,0.6114319153500704
Marymount Manhattan College,Yes,695,535,239,21,30,988,785,10200,7000,350,1100,63.0,76,11.7,20,10622,68,-0.8000513849932521,-0.8160201293038144,-0.6962889555267313,-0.19422217291531432,-0.6822375936921283,0.5553122223864758,0.07096066925858707,-1.4924117130767802,-0.18552421188393892,-0.7087308284652433,-0.41474500229721806,-0.574526650128418,-0.08895267462994533,0.5808145403958985,0.7697841726618705,Medium,1,1,-0.8000513849932517,-0.8160201293038143,-0.6962889555267312,-0.1942221729153144,-0.6822375936921306,0.5553122223864759,0.07096066925858671,-1.4924117130767824,-0.18552421188393894,-0.7087308284652429,-0.4147450022972178,-0.5745266501284183,-0.0889526746299456,0.5808145403959359,0.15249415354703402,0.36524832997139145,0.6114319153500704
Marymount University,Yes,941,772,214,10,30,1247,776,11390,5280,500,750,77.0,82,10.6,17,8575,55,-0.5013578706057893,-0.42862973636892127,-0.8275465827390958,-1.2101701573606454,-0.4155329260995927,0.5474231074995041,0.3596115734529056,-0.22262317064607157,-0.9696251460136798,0.18908533721226045,0.026908565600263796,-0.8840535815404321,-0.3518428206385443,0.052767043817932006,0.820403825717322,Medium,1,1,-0.5013578706057888,-0.42862973636892115,-0.8275465827390956,-1.2101701573606454,-0.41553292609959486,0.5474231074995042,0.3596115734529053,-0.22262317064607365,-0.9696251460136798,0.18908533721226076,0.026908565600264143,-0.8840535815404326,-0.3518428206385446,0.052767043817969456,0.5008669929412645,0.36524832997139145,0.6114319153500704
Maryville College,Yes,1464,888,176,26,52,624,128,11200,4208,500,1642,80.0,90,11.1,43,8317,51,-0.07761997084297954,-0.28329020114298203,-1.065292581520961,0.13682203138818058,-1.2504390196595148,-0.583038533058474,0.31489688371580865,-0.22262317064607157,0.6503852381444826,0.4038409378509051,0.700405830648109,-0.7418550947282283,1.4748350835114368,-0.02757279338019084,0.6065573770491803,Medium,1,1,-0.07761997084297909,-0.2832902011429819,-1.0652925815209608,0.1368220313881805,-1.250439019659517,-0.5830385330584739,0.3148968837158083,-0.22262317064607365,0.6503852381444826,0.40384093785090536,0.7004058306481095,-0.7418550947282286,1.4748350835114368,-0.02757279338015339,-0.9708596985728725,0.36524832997139145,0.6114319153500704
Maryville University,Yes,549,397,169,26,51,1343,1751,9250,4550,425,1350,52.0,58,13.1,13,5925,61,-1.0372022238473344,-1.1384013237229593,-1.115547391645249,0.13682203138818058,-0.3333962010679142,1.1264417436248466,-0.17577310286114306,-0.8082879390325629,0.23977239425227162,-1.2928715697940627,-1.4385813164973549,-0.19680572791589224,-0.7416251041701869,-1.0121457529895594,0.7231329690346083,Medium,1,1,-1.037202223847334,-1.1384013237229593,-1.1155473916452487,0.1368220313881805,-0.33339620106791634,1.1264417436248466,-0.17577310286114348,-0.8082879390325651,0.2397723942522716,-1.2928715697940625,-1.4385813164973547,-0.1968057279158925,-0.7416251041701872,-1.012145752989522,-0.16856715935814184,0.36524832997139145,0.6114319153500704
Marywood College,Yes,1107,859,323,13,51,1452,402,11040,4500,600,700,65.0,76,11.8,30,9034,66,-0.3439743213694631,-0.3176369670676287,-0.34954328820751296,-0.8732912125649614,-0.24840536182357564,0.11176402007992105,0.2768549542350336,0.4488454168127673,-1.109331268357997,-0.5910270561252143,-0.41474500229721806,-0.5469725995435838,0.6666429698449552,0.18693896100281368,0.7759710930442638,Medium,1,1,-0.34397432136946265,-0.31763696706762856,-0.34954328820751285,-0.8732912125649616,-0.24840536182357784,0.11176402007992112,0.27685495423503326,0.44884541681276535,-1.109331268357997,-0.591027056125214,-0.4147450022972178,-0.5469725995435841,0.6666429698449551,0.18693896100285112,0.19507356471682827,0.36524832997139145,0.6114319153500704
Massachusetts Institute of Technology,Yes,6411,2140,1078,96,99,4481,28,20100,5975,725,1600,99.0,99,10.1,35,33541,94,1.2411431870042924,0.598822773691849,0.8886323128045512,2.6202977665312415,0.8295212081599812,-1.3941322364265463,2.0318809275526264,1.1623193406101442,0.5958249401869283,1.9461465517858045,1.5797966065761389,-1.028937190590704,0.9955307035299448,2.5888183164618064,0.33380127905163,High,2,1,1.2411431870042928,0.5988227736918491,0.8886323128045513,2.6202977665312415,0.829521208159979,-1.3941322364265463,2.0318809275526264,1.1623193406101424,0.5958249401869283,1.9461465517858048,1.5797966065761395,-1.0289371905907045,0.9955307035299447,2.5888183164618437,-2.8480123573911134,1.8301690512544988,0.6114319153500704
Mayville State University,No,233,233,153,5,12,658,58,4486,2516,600,1900,68.0,68,15.7,11,6971,51,-1.9350948987344077,-1.7308559796489842,-1.2400319784229923,-1.996211324615275,-1.1818717494093376,-1.0204014454435597,-1.765399599324844,0.4488454168127673,0.9589665605710901,-0.4078622247453497,-0.9234340703527073,0.4646075746731009,-0.9589007319312817,-0.518117125074456,1.0,Low,0,0,-1.9350948987344072,-1.7308559796489842,-1.240031978422992,-1.996211324615275,-1.1818717494093398,-1.0204014454435597,-1.7653995993248448,0.44884541681276535,0.9589665605710901,-0.40786222474534944,-0.9234340703527071,0.46460757467310076,-0.958900731931282,-0.5181171250744185,1.7368776212768444,-1.099672391311716,-1.635505074064474
McKendree College,Yes,1002,555,119,16,43,836,684,7680,3740,500,800,70.0,74,17.7,21,6652,52,-0.44028646695290913,-0.7768116295426138,-1.5631441070803018,-0.5897369692550372,-0.8821922554301973,0.4616613332926518,-0.6228855962978093,-0.22262317064607157,-0.8385145305308968,-0.28135254105451407,-0.5503313595284204,0.9441592619365367,-0.005802574972423054,-0.6561314156186032,0.5538922155688623,Low,0,1,-0.4402864669529087,-0.7768116295426137,-1.5631441070803016,-0.5897369692550373,-0.8821922554301995,0.46166133329265185,-0.6228855962978097,-0.22262317064607365,-0.8385145305308968,-0.2813525410545138,-0.5503313595284202,0.9441592619365367,-0.005802574972423321,-0.6561314156185658,-1.3333100658631354,-1.099672391311716,0.6114319153500704
McMurry University,Yes,578,411,187,25,50,880,477,6930,3452,400,1525,57.0,64,11.0,11,6383,32,-0.9850786209709096,-1.1006124732713902,-0.99080262890958,0.07462985430502922,-0.8200145091572347,0.22241367791809363,-0.8578946296168922,-1.0237043227479306,0.49491554103953467,-1.0406425497511826,-1.145029901800911,-0.7700882870015457,-0.9589007319312817,-0.7806206401695042,0.7110726643598616,Low,0,1,-0.9850786209709091,-1.1006124732713902,-0.9908026289095799,0.07462985430502912,-0.820014509157237,0.2224136779180937,-0.8578946296168928,-1.0237043227479328,0.49491554103953467,-1.0406425497511824,-1.1450299018009107,-0.7700882870015462,-0.958900731931282,-0.7806206401694668,-0.2515681743769232,-1.099672391311716,0.6114319153500704
McPherson College,Yes,420,293,93,11,32,336,80,7950,3750,600,2740,54.0,54,9.8,45,9754,48,-1.311669934742589,-1.4734701386671663,-1.8923956305520417,-1.0904651799155018,-2.1124337606034396,-0.8467657264516159,-0.5419793928241239,0.4488454168127673,1.7427675183041043,-1.1946436419810287,-1.6095128438728132,-1.1172333203849842,1.587264639182266,0.37765780844262015,0.6976190476190476,Low,0,1,-1.3116699347425886,-1.4734701386671663,-1.8923956305520415,-1.0904651799155018,-2.112433760603442,-0.8467657264516157,-0.5419793928241243,0.44884541681276535,1.7427675183041043,-1.1946436419810285,-1.609512843872813,-1.1172333203849847,1.587264639182266,0.3776578084426576,-0.3441581938894015,-1.099672391311716,0.6114319153500704
Mercer University,Yes,2286,1668,564,37,70,2943,1260,11985,4081,400,1500,93.0,95,9.2,15,8995,91,0.3357124955133537,0.35428116604848453,0.251518478646541,0.7260374574039264,0.45821924227555205,0.8867792589518168,0.4965513416636966,-1.0237043227479306,0.4602273976750806,1.425191176895042,1.1726062411645384,-1.297108043156858,-0.5402591781850784,0.17594682513753476,0.7296587926509186,Medium,1,1,0.33571249551335414,0.35428116604848464,0.2515184786465411,0.7260374574039263,0.4582192422755499,0.8867792589518169,0.4965513416636963,-1.0237043227479328,0.4602273976750806,1.4251911768950423,1.172606241164539,-1.2971080431568585,-0.5402591781850787,0.1759468251375722,-0.12365535998034864,0.36524832997139145,0.6114319153500704
Mercyhurst College,Yes,1557,1074,397,15,40,1805,433,9813,4050,425,1000,45.0,63,16.7,29,7307,78,-0.019674458066958174,-0.08805755971099145,-0.12110778065434473,-0.6795322253656407,-0.018945881546020883,0.1595885734800844,-0.02765145704225051,-0.8082879390325629,-0.38201766038027757,-1.608612408481828,-1.1971425260127022,0.7072311119742073,0.5975616518085038,-0.3828133643973191,0.6897880539499036,Medium,1,1,-0.019674458066957716,-0.08805755971099136,-0.12110778065434462,-0.6795322253656408,-0.01894588154602307,0.15958857348008446,-0.027651457042250898,-0.8082879390325651,-0.38201766038027757,-1.6086124084818278,-1.197142526012702,0.7072311119742072,0.5975616518085037,-0.38281336439728164,-0.3980523898217485,0.36524832997139145,0.6114319153500704
Meredith College,Yes,857,772,376,25,58,1721,470,6720,3250,450,1520,77.0,82,13.9,33,6881,82,-0.5928059359810691,-0.42862973636892127,-0.18059341253570796,0.07462985430502922,-0.06826008499019719,0.21277835652120777,-0.9266667032879427,-0.6036744589706652,0.4880214144735612,0.18908533721226045,0.026908565600263796,0.011839314538266496,0.8670772597515548,-0.556063610047287,0.9008168028004667,Low,0,1,-0.5928059359810687,-0.42862973636892115,-0.18059341253570785,0.07462985430502912,-0.06826008499019938,0.21277835652120783,-0.9266667032879432,-0.6036744589706673,0.4880214144735612,0.18908533721226076,0.026908565600264143,0.011839314538266303,0.8670772597515547,-0.5560636100472496,1.0542824246889027,-1.099672391311716,0.6114319153500704
Merrimack College,Yes,1981,1541,514,18,36,1927,1084,12500,6200,375,1000,73.0,75,16.8,22,8707,80,0.20438382278420475,0.2756865363521547,0.15493856031942396,-0.42188701698591335,0.04789996906121431,0.7797299836183118,0.6115227523862421,-1.2512257451727178,-0.38201766038027757,-0.08499874626512405,-0.4832523787413146,0.7311723860406061,0.07536745536606099,0.09245773371337099,0.7778899545683998,Medium,1,1,0.2043838227842052,0.2756865363521548,0.15493856031942407,-0.42188701698591347,0.04789996906121212,0.7797299836183119,0.6115227523862419,-1.25122574517272,-0.38201766038027757,-0.08499874626512376,-0.4832523787413143,0.731172386040606,0.07536745536606074,0.09245773371340843,0.20827948765816717,0.36524832997139145,0.6114319153500704
Mesa State College,No,1584,1456,891,6,18,3471,911,5016,3798,540,2256,48.0,48,28.8,12,3871,59,-0.003546425217813151,0.219115318447225,0.7077659589847427,-1.8031104107042748,0.6080561437140838,0.6579517512353936,-1.5451742306114287,0.0589338371736782,1.324913345796994,-1.4786478771804488,-1.8307562705848581,3.290275884828241,-0.8480459248697001,-2.5256883084338577,0.9191919191919192,Low,0,0,-0.003546425217812694,0.2191153184472251,0.7077659589847428,-1.8031104107042748,0.6080561437140816,0.6579517512353937,-1.5451742306114296,0.05893383717367618,1.324913345796994,-1.4786478771804485,-1.830756270584858,3.290275884828242,-0.8480459248697004,-2.5256883084338204,1.1807430202302698,-1.099672391311716,-1.635505074064474
Messiah College,Yes,1742,1382,607,30,64,2258,53,10300,5080,475,1200,68.0,75,14.1,30,7762,89,0.08527554480146583,0.16691429773394276,0.3269940122895714,0.36924448019518263,0.20598068404242947,-1.068112561140503,0.09604161765176664,-0.4087649589901799,-0.005344142276702718,-0.4078622247453497,-0.4832523787413146,0.06325006563784952,0.6666429698449552,-0.2140417727731383,0.7933409873708381,Medium,1,1,0.08527554480146629,0.16691429773394284,0.32699401228957153,0.3692444801951825,0.20598068404242728,-1.068112561140503,0.09604161765176629,-0.40876495899018206,-0.005344142276702737,-0.40786222474534944,-0.4832523787413143,0.06325006563784934,0.6666429698449551,-0.21404177277310085,0.31461605545451915,0.36524832997139145,0.6114319153500704
Miami University at Oxford,No,9239,7788,3290,35,39,13606,807,8856,3960,500,1382,81.0,89,17.6,20,7846,85,1.5456514281611284,1.8019679230198047,1.8483146908158532,0.6295768701744451,1.6603602125368226,0.574258201511255,-0.2829854772433897,-0.22262317064607157,0.28869358764624653,0.4771746426778103,0.6107698796775962,0.9207095836031439,-0.08895267462994533,-0.1845298364961164,0.8429483710358264,Medium,1,0,1.5456514281611289,1.8019679230198047,1.8483146908158534,0.629576870174445,1.6603602125368204,0.5742582015112551,-0.2829854772433901,-0.22262317064607365,0.28869358764624653,0.47717464267781057,0.6107698796775967,0.9207095836031439,-0.0889526746299456,-0.18452983649607896,0.6560222891827405,0.36524832997139145,-1.635505074064474
Michigan State University,No,18114,15096,6180,23,57,26640,4120,10658,3734,504,600,93.0,95,14.0,9,10520,71,2.0854188177369166,2.378497156655015,2.3223755192081903,-0.05547969999806644,2.0729570946760325,1.7866677063969734,0.18454396583783583,-0.19359875388376846,-1.419790908781924,1.425191176895042,1.1726062411645384,0.03758108271501449,-1.1963666133652986,0.5582763104729087,0.8333885392514078,Medium,1,0,2.085418817736917,2.378497156655015,2.3223755192081903,-0.05547969999806654,2.0729570946760303,1.7866677063969734,0.18454396583783547,-0.19359875388377054,-1.419790908781924,1.4251911768950423,1.172606241164539,0.0375810827150143,-1.196366613365299,0.5582763104729461,0.5902299428934276,0.36524832997139145,-1.635505074064474
Michigan Technological University,No,2618,2288,1032,42,77,5524,414,8127,3978,900,1200,82.0,82,17.0,25,7473,65,0.45879055143297526,0.6637451413422537,0.8476966679133631,0.9513952875026418,1.0019351553264788,0.130659227120309,-0.4899143569868338,1.9986270438701197,-0.005344142276702718,0.5513818552357662,0.026908565600263796,0.77888612464485,0.30823399686918296,-0.31942240853052983,0.8739495798319328,Low,0,0,0.4587905514329757,0.6637451413422538,0.8476966679133632,0.9513952875026417,1.0019351553264766,0.13065922712030906,-0.4899143569868343,1.9986270438701181,-0.005344142276702737,0.5513818552357665,0.026908565600264143,0.77888612464485,0.30823399686918274,-0.31942240853049236,0.8693777446443197,-1.099672391311716,-1.635505074064474
MidAmerica Nazarene College,Yes,331,331,225,15,36,1100,166,6840,3720,1100,4913,33.0,33,15.4,20,5524,49,-1.5603399982952395,-1.3381215430667692,-0.7677245789965299,-0.6795322253656407,-0.5575269513534405,-0.4319194753659008,-0.8871986438338211,2.79544521235413,3.022100265842323,-2.047704451760586,-2.2168051697845104,0.3906351739622576,-0.08895267462994533,-1.2385291045565183,1.0,Low,0,1,-1.560339998295239,-1.3381215430667692,-0.7677245789965298,-0.6795322253656408,-0.5575269513534428,-0.43191947536590075,-0.8871986438338216,2.795445212354128,3.022100265842323,-2.0477044517605854,-2.2168051697845104,0.3906351739622575,-0.0889526746299456,-1.2385291045564808,1.7368776212768444,-1.099672391311716,0.6114319153500704
Millersville University of Penn.,No,6011,3075,960,22,60,5146,1532,7844,3830,450,1258,72.0,74,16.8,20,7832,71,1.186592336611275,0.9472270717384349,0.7792044247140011,-0.12368771857670886,0.944417775394137,1.028208436553418,-0.5735244312740722,-0.6036744589706652,0.09271815291295113,-0.15132790347030226,-0.5503313595284204,0.7311723860406061,-0.08895267462994533,-0.18941488556210942,0.5115621360838463,Low,0,0,1.1865923366112754,0.947227071738435,0.7792044247140012,-0.12368771857670896,0.9444177753941347,1.028208436553418,-0.5735244312740726,-0.6036744589706673,0.09271815291295112,-0.15132790347030195,-0.5503313595284202,0.731172386040606,-0.0889526746299456,-0.18941488556207198,-1.6246326864631664,-1.099672391311716,-1.635505074064474
Milligan College,Yes,610,461,189,26,52,685,49,8200,3300,550,1000,63.0,69,12.0,16,8128,64,-0.9307288429849484,-0.9760695667312836,-0.977802230341426,0.13682203138818058,-1.1304294646179283,-1.1093038945974432,-0.46865780135826907,0.12646725882300056,-0.38201766038027757,-0.7087308284652433,-0.8646904686259159,-0.4921406487925007,-0.44458151258091694,-0.08888436091273558,0.7557377049180328,Low,0,1,-0.930728842984948,-0.9760695667312835,-0.9778022303414259,0.1368220313881805,-1.1304294646179305,-1.1093038945974432,-0.46865780135826957,0.12646725882299856,-0.38201766038027757,-0.7087308284652429,-0.8646904686259157,-0.492140648792501,-0.44458151258091727,-0.08888436091269813,0.055824035203478825,-1.099672391311716,0.6114319153500704
Millikin University,Yes,1444,1261,456,29,62,1788,95,11910,4378,450,965,60.0,77,11.4,25,8149,75,-0.09059809429291268,0.07476645122834293,0.028330800355100598,0.3133903214820356,-0.028697216234196243,-0.7517303120580598,0.47953927547493436,-0.6036744589706652,-0.4552342613960241,-0.8786660394374439,-0.3447982089823837,-0.6577544312976554,0.30823399686918296,-0.08196481063575946,0.8732686980609419,Medium,1,1,-0.09059809429291223,0.07476645122834302,0.028330800355100712,0.3133903214820355,-0.028697216234198433,-0.7517303120580597,0.4795392754749341,-0.6036744589706673,-0.4552342613960241,-0.8786660394374436,-0.34479820898238345,-0.6577544312976558,0.30823399686918274,-0.08196481063572202,0.8646918034824544,0.36524832997139145,0.6114319153500704
Millsaps College,Yes,905,834,319,32,61,1073,179,11320,4402,550,1350,82.0,89,12.7,38,11218,58,-0.5394304003666963,-0.34825558148530666,-0.3635748352141644,0.47695784935626834,-0.5861277992840656,-0.3873706460209204,0.3431950624105466,0.12646725882300056,0.23977239425227162,0.5513818552357662,0.6107698796775962,-0.303019110231878,1.1813122658270099,0.7061898268697215,0.9215469613259668,Medium,1,1,-0.5394304003666959,-0.34825558148530655,-0.3635748352141643,0.4769578493562682,-0.5861277992840678,-0.38737064602092036,0.34319506241054626,0.12646725882299856,0.2397723942522716,0.5513818552357665,0.6107698796775967,-0.3030191102318783,1.1813122658270099,0.706189826869759,1.196950810398892,0.36524832997139145,0.6114319153500704
Milwaukee School of Engineering,Yes,1217,1088,496,36,69,1773,884,11505,3255,1000,2075,35.0,46,16.7,23,7140,67,-0.25307850390522135,-0.07485383410027606,0.11748571825394899,0.678301268324476,-0.03739571343476303,0.6370875631742103,0.3864385111621904,2.414475888364001,1.1463266355940998,-1.9835362356217738,-1.8955440257679914,0.7072311119742073,0.15468771075919893,-0.44884631026412014,0.8940016433853739,Medium,1,1,-0.2530785039052209,-0.07485383410027596,0.1174857182539491,0.6783012683244759,-0.03739571343476522,0.6370875631742104,0.38643851116219013,2.414475888363999,1.1463266355940998,-1.9835362356217736,-1.8955440257679912,0.7072311119742072,0.15468771075919868,-0.44884631026408267,1.0073793684044323,0.36524832997139145,0.6114319153500704
Mississippi College,Yes,594,385,307,36,57,1695,721,5580,2830,600,700,77.0,79,16.5,18,6170,61,-0.9575104145057066,-1.171942700798295,-0.4069182298106719,0.678301268324476,-0.08412195386810908,0.49733573679573906,-1.3269963967299838,0.4488454168127673,-1.109331268357997,0.18908533721226045,-0.2005425892756753,0.6591773922895536,-0.2617966749661709,-0.8850265309524502,0.6481481481481481,Low,0,1,-0.9575104145057062,-1.171942700798295,-0.40691822981067177,0.6783012683244759,-0.08412195386811128,0.4973357367957391,-1.3269963967299845,0.44884541681276535,-1.109331268357997,0.18908533721226076,-0.200542589275675,0.6591773922895535,-0.2617966749661712,-0.8850265309524128,-0.684625120780117,-1.099672391311716,0.6114319153500704
Mississippi State University,No,4255,3277,1609,18,57,10094,1621,9866,3084,480,1479,77.0,77,15.9,20,6223,53,0.8895333148095571,1.0074922029921862,1.252089606236415,-0.42188701698591335,1.4565423462800773,1.0695695908011855,-0.013997456420211758,-0.37086265662921475,0.43066159696432665,0.18908533721226045,-0.3447982089823837,0.5136114615269335,-0.08895267462994533,-0.8585379410721806,0.7701527614571093,Medium,1,0,0.8895333148095576,1.0074922029921862,1.2520896062364153,-0.42188701698591347,1.456542346280075,1.0695695908011855,-0.013997456420212143,-0.37086265662921686,0.43066159696432665,0.18908533721226076,-0.34479820898238345,0.5136114615269334,-0.0889526746299456,-0.8585379410721432,0.15503084270658996,0.36524832997139145,-1.635505074064474
Mississippi University for Women,No,480,405,380,19,46,1673,1014,4386,2217,600,1500,49.0,54,15.8,8,5704,63,-1.174151267318383,-1.1166366827091714,-0.16897197285953322,-0.3430819714331799,-0.09777710639013962,0.7327317070920213,-1.8088402035356244,0.4488454168127673,0.4602273976750806,-1.4335405381377422,-1.6095128438728132,0.4891402549986991,-1.3245972639117196,-1.133903838644776,0.84375,Low,0,0,-1.1741512673183825,-1.1166366827091714,-0.1689719728595331,-0.34308197143318003,-0.09777710639014181,0.7327317070920214,-1.8088402035356252,0.44884541681276535,0.4602273976750806,-1.433540538137742,-1.609512843872813,0.489140254998699,-1.32459726391172,-1.1339038386447384,0.6615392325344439,-1.099672391311716,-1.635505074064474
Missouri Southern State College,No,1576,1326,913,13,50,3689,2200,3840,2852,200,400,52.0,54,20.3,9,4172,100,-0.00829411531785407,0.1253855437727408,0.7312169310076712,-0.8732912125649614,0.6620084461611176,1.297244440432385,-2.058275501032189,-3.3731020436386134,-2.2253916621767957,-1.2928715697940627,-1.6095128438728132,1.536551279845882,-1.1963666133652986,-2.2341851262856607,0.8413705583756346,Low,0,0,-0.008294115317853613,0.1253855437727409,0.7312169310076713,-0.8732912125649616,0.6620084461611154,1.297244440432385,-2.05827550103219,-3.3731020436386165,-2.2253916621767957,-1.2928715697940625,-1.609512843872813,1.5365512798458822,-1.196366613365299,-2.2341851262856234,0.6451635210307529,-1.099672391311716,-1.635505074064474
Missouri Valley College,Yes,1310,983,316,5,35,1057,175,8550,5050,400,900,35.0,67,17.4,16,4333,27,-0.18286655646866717,-0.17863371694163044,-0.3742322866881044,-1.996211324615275,-0.6034939219827451,-0.400757970990651,-0.36843058176594556,-1.0237043227479306,-0.5981756735654908,-1.9835362356217738,-0.9808282263537185,0.8736511761798803,-0.44458151258091694,-2.091116012697209,0.750381679389313,Low,0,1,-0.18286655646866673,-0.17863371694163035,-0.37423228668810427,-1.996211324615275,-0.6034939219827473,-0.40075797099065097,-0.368430581765946,-1.0237043227479328,-0.5981756735654908,-1.9835362356217736,-0.9808282263537182,0.8736511761798803,-0.44458151258091727,-2.0911160126971717,0.018962980085931638,-1.099672391311716,0.6114319153500704
Monmouth College IL,Yes,601,503,204,28,57,671,11,13000,4100,400,460,91.0,91,11.6,43,11087,56,-0.945699252619917,-0.8821316076843518,-0.8850908958079048,0.2560970954071895,-1.1567881328084293,-1.8365004457432288,0.7202101842770937,-1.0237043227479306,-1.94949391731636,1.2584840840542526,0.7916295867079878,-0.6021742165602336,1.4748350835114368,0.6795177315012579,0.8369384359400999,Medium,1,1,-0.9456992526199166,-0.8821316076843517,-0.8850908958079047,0.2560970954071894,-1.1567881328084315,-1.8365004457432288,0.7202101842770935,-1.0237043227479328,-1.94949391731636,1.2584840840542528,0.7916295867079882,-0.602174216560234,1.4748350835114368,0.6795177315012954,0.6146609200801165,0.36524832997139145,0.6114319153500704
Monmouth College,Yes,2707,1881,478,14,34,1893,847,12480,5290,530,1740,70.0,85,14.2,15,9492,54,0.48894152386478584,0.47274149053648856,0.07843201328729771,-0.7738575489017414,0.02980097974196418,0.6075411542850327,0.6071164197777245,-0.009701516013621186,0.7726987956741829,-0.28135254105451407,0.26789815935115474,0.08884698314321551,-0.5402591781850784,0.31082036312234196,0.6948651643886221,Medium,1,1,0.4889415238647863,0.4727414905364887,0.07843201328729782,-0.7738575489017415,0.02980097974196199,0.6075411542850329,0.6071164197777242,-0.009701516013623221,0.7726987956741829,-0.2813525410545138,0.26789815935115513,0.08884698314321533,-0.5402591781850787,0.31082036312237943,-0.36311087456646035,0.36524832997139145,0.6114319153500704
Montana College of Mineral Sci. & Tech.,No,572,544,320,45,72,1470,416,6073,3400,550,1400,71.0,71,16.4,31,6112,74,-0.9956287384204499,-0.7981858402822523,-0.36004800696402506,1.0772490038094669,-0.23511950594191502,0.13376024002359643,-1.1478477311635151,0.12646725882300056,0.31574018896209594,-0.2167793357746881,-0.7431090750720101,0.6350639812933067,0.7345530092783118,-0.9144153937296898,0.951048951048951,Low,0,0,-0.9956287384204494,-0.7981858402822521,-0.36004800696402495,1.0772490038094669,-0.23511950594191722,0.1337602400235965,-1.1478477311635158,0.12646725882299856,0.31574018896209594,-0.2167793357746878,-0.7431090750720099,0.6350639812933065,0.7345530092783117,-0.9144153937296524,1.3999883917967078,-1.099672391311716,-1.635505074064474
Montana State University,No,3500,2836,1779,15,42,8730,993,5552,3710,550,2300,75.0,83,17.6,8,6324,37,0.7181700803214826,0.8702085100908433,1.3397987537981872,-0.6795322253656407,1.3525026844080852,0.7180604720405727,-1.3374776210545585,0.12646725882300056,1.3662631205517808,0.05029077019095683,0.10571998260266878,0.9207095836031439,-1.3245972639117196,-0.8090018595675238,0.8102857142857143,Low,0,0,0.718170080321483,0.8702085100908434,1.3397987537981875,-0.6795322253656408,1.352502684408083,0.7180604720405728,-1.3374776210545591,0.12646725882299856,1.3662631205517808,0.05029077019095713,0.10571998260266914,0.9207095836031439,-1.32459726391172,-0.8090018595674864,0.4312324736197857,-1.099672391311716,-1.635505074064474
Montclair State University,No,5220,2128,865,19,53,6411,3186,3648,4834,700,950,82.0,87,21.5,9,6717,58,1.0662028432630755,0.5933499586928469,0.6791750820466615,-0.3430819714331799,1.1198919396848113,1.582506063558404,-2.1515029589972094,1.0287304144592622,-0.4873892780078052,0.5513818552357662,0.43622029750213775,1.7997318423114523,-1.1963666133652986,-0.6271986378081351,0.4076628352490421,Low,0,0,1.066202843263076,0.593349958692847,0.6791750820466617,-0.34308197143318003,1.119891939684809,1.582506063558404,-2.1515029589972103,1.0287304144592604,-0.4873892780078052,0.5513818552357665,0.43622029750213814,1.7997318423114526,-1.196366613365299,-0.6271986378080977,-2.339684889670592,-1.099672391311716,-1.635505074064474
Montreat-Anderson College,Yes,263,223,103,10,24,316,20,8438,3372,500,2958,42.0,50,11.1,4,11989,15,-1.804702425741432,-1.7805921648930623,-1.7544862008761355,-1.2101701573606454,-2.2044491896570495,-1.5580842419584755,-0.40020563155130623,-0.22262317064607157,1.9084353895342094,-1.7305240109865998,-1.7615586768024587,-0.7418550947282283,-1.9343125782540076,0.8540431213126236,0.8479087452471483,Low,0,1,-1.8047024257414315,-1.7805921648930623,-1.7544862008761353,-1.2101701573606454,-2.2044491896570517,-1.5580842419584755,-0.40020563155130673,-0.22262317064607365,1.9084353895342094,-1.7305240109865996,-1.7615586768024585,-0.7418550947282286,-1.934312578254008,0.854043121312661,0.6901604063792989,-1.099672391311716,0.6114319153500704
Moravian College,Yes,1232,955,303,23,58,1241,485,14990,4730,550,1250,86.0,92,15.2,28,9566,74,-0.24137170649915612,-0.2083160497923238,-0.4218018172315787,-0.05547969999806644,-0.42092097770179393,0.23327036944748294,1.1274909771070223,0.12646725882300056,0.0794512520083775,0.8569371017481758,0.8844513618593768,0.34100260612554617,0.5272487670727979,0.3299813135854524,0.7751623376623377,Medium,1,1,-0.24137170649915568,-0.2083160497923237,-0.4218018172315786,-0.05547969999806654,-0.4209209777017961,0.233270369447483,1.127490977107022,0.12646725882299856,0.07945125200837748,0.8569371017481762,0.8844513618593772,0.341002606125546,0.5272487670727978,0.3299813135854899,0.1895075761773901,0.36524832997139145,0.6114319153500704
Morehouse College,Yes,3708,1678,722,41,66,2852,153,7050,5490,250,600,71.0,74,17.8,10,8122,83,0.7690759105373487,0.36019602204939694,0.5018852047335655,0.9079719150807959,0.42907851514959006,-0.4797374261999973,-0.8192083100611475,-2.639054061775204,-1.419790908781924,-0.2167793357746881,-0.5503313595284204,0.9675564808473687,-1.0747688529439479,-0.09086639504838598,0.4525350593311758,Low,0,1,0.7690759105373491,0.36019602204939705,0.5018852047335656,0.9079719150807958,0.4290785151495879,-0.47973742619999726,-0.819208310061148,-2.6390540617752065,-1.419790908781924,-0.2167793357746878,-0.5503313595284202,0.9675564808473687,-1.0747688529439483,-0.09086639504834854,-2.0308668087504667,-1.099672391311716,0.6114319153500704
Morningside College,Yes,586,533,239,16,36,950,228,10520,3678,500,1000,48.0,68,13.0,32,8111,56,-0.9711934121096534,-0.8200268283849007,-0.6962889555267313,-0.5897369692550372,-0.7285256546102598,-0.24218646724179846,0.15066290278645775,-0.22262317064607157,-0.38201766038027757,-1.4786478771804488,-0.9234340703527073,-0.22323711250244924,0.8013473287828285,-0.09450594159294941,0.909556313993174,Medium,1,1,-0.9711934121096529,-0.8200268283849006,-0.6962889555267312,-0.5897369692550373,-0.728525654610262,-0.2421864672417984,0.1506629027864574,-0.22262317064607365,-0.38201766038027757,-1.4786478771804485,-0.9234340703527071,-0.2232371125024495,0.8013473287828284,-0.09450594159291197,1.11442918874882,0.36524832997139145,0.6114319153500704
Morris College,Yes,882,730,330,2,13,926,12,4515,2550,850,2100,53.0,60,18.6,34,6990,60,-0.5646165093718912,-0.48709813532161345,-0.3254636094586506,-2.8383149903647413,-0.7589398492569086,-1.7969766464625703,-1.7529207889768257,1.7753282863046347,1.171855927186336,-1.2442020010279624,-1.3457825326608568,1.1528938948554421,0.931790342010479,-0.5102017817617768,0.8276643990929705,Low,0,1,-0.5646165093718908,-0.48709813532161333,-0.3254636094586505,-2.8383149903647413,-0.7589398492569108,-1.7969766464625703,-1.7529207889768266,1.7753282863046331,1.171855927186336,-1.2442020010279622,-1.3457825326608566,1.1528938948554421,0.9317903420104788,-0.5102017817617394,0.5508354619020063,-1.099672391311716,0.6114319153500704
Mount Holyoke College,Yes,1800,1314,526,47,79,1891,40,19300,5700,750,750,79.0,91,9.0,51,18359,84,0.1157269230152889,0.11624281628756766,0.17907672243581044,1.1577515980780555,0.028724004978975592,-1.2143877164458847,1.9011495302699035,1.2919414548995862,-0.9696251460136798,0.3313811845790514,0.7916295867079878,-1.3580925541311246,1.909810801634363,1.6880245911088168,0.73,High,2,1,0.11572692301528936,0.11624281628756776,0.17907672243581055,1.1577515980780555,0.028724004978973403,-1.2143877164458847,1.9011495302699035,1.2919414548995845,-0.9696251460136798,0.3313811845790517,0.7916295867079882,-1.358092554131125,1.909810801634363,1.6880245911088543,-0.12130711447002389,1.8301690512544988,0.6114319153500704
Mount Marty College,Yes,279,276,126,17,37,600,435,6844,2980,500,500,45.0,55,11.7,38,5073,44,-1.7415467950056256,-1.5402239222336391,-1.4885612889738644,-0.5039903742110078,-1.3016437643242977,0.16256674306522592,-0.8858908910367614,-0.22262317064607157,-1.784000288095055,-1.608612408481828,-1.5685821539281672,-0.574526650128418,1.1813122658270099,-1.5251843113854822,0.989247311827957,Low,0,1,-1.7415467950056251,-1.5402239222336391,-1.4885612889738642,-0.5039903742110079,-1.3016437643243,0.16256674306522598,-0.885890891036762,-0.22262317064607365,-1.784000288095055,-1.6086124084818278,-1.568582153928167,-0.5745266501284183,1.1813122658270099,-1.5251843113854446,1.6628758396859697,-1.099672391311716,0.6114319153500704
Mount Mary College,Yes,235,217,121,12,32,931,487,8950,3119,550,1125,51.0,51,10.7,26,7016,78,-1.9258545191111445,-1.8115911670528848,-1.5413288205895574,-0.9785370964802453,-0.7525248511610764,0.23595926714925472,-0.25712716039969324,0.12646725882300056,-0.139061096643129,-1.340651655712002,-1.7252730821208924,-0.855404703879397,0.38265991480354933,-0.49942338087140936,0.9234042553191489,Medium,1,1,-1.925854519111144,-1.8115911670528848,-1.5413288205895572,-0.9785370964802454,-0.7525248511610786,0.23595926714925478,-0.2571271603996937,0.12646725882299856,-0.13906109664312902,-1.3406516557120018,-1.7252730821208921,-0.8554047038793975,0.3826599148035491,-0.4994233808713719,1.209733015391208,0.36524832997139145,0.6114319153500704
Mount Mercy College,Yes,368,317,159,20,49,806,542,10500,3555,500,2285,44.0,50,11.3,30,6695,64,-1.449142967316321,-1.385959146323402,-1.1916631026146554,-0.2672791173259531,-0.9269213117562445,0.3062528859318003,0.1457284663635697,-0.22262317064607157,1.3522518091533426,-1.6501454700619755,-1.7615586768024587,-0.6856894063241084,0.6666429698449552,-0.636943204354335,0.8614130434782609,Medium,1,1,-1.4491429673163205,-1.385959146323402,-1.1916631026146551,-0.2672791173259532,-0.9269213117562467,0.30625288593180033,0.14572846636356934,-0.22262317064607365,1.3522518091533426,-1.6501454700619753,-1.7615586768024585,-0.6856894063241087,0.6666429698449551,-0.6369432043542976,0.783099224305324,0.36524832997139145,0.6114319153500704
Mount Saint Clare College,Yes,325,284,95,16,33,364,88,9900,3650,500,1200,32.0,37,13.6,43,6525,21,-1.5796255534660728,-1.508278860128063,-1.8634860182640391,-0.5897369692550372,-1.9942683283539127,-0.794253861383627,-0.005263596412139545,-0.22262317064607157,-0.005344142276702718,-2.078429845143442,-2.1354499945433987,-0.06583008815144414,1.4748350835114368,-0.7139276767124346,0.8738461538461538,Medium,1,1,-1.5796255534660724,-1.508278860128063,-1.863486018264039,-0.5897369692550373,-1.9942683283539149,-0.7942538613836269,-0.005263596412139927,-0.22262317064607365,-0.005344142276702737,-2.0784298451434418,-2.1354499945433987,-0.06583008815144435,1.4748350835114368,-0.7139276767123972,0.8686659498737492,0.36524832997139145,0.6114319153500704
Mount Saint Mary's College,Yes,1321,1159,328,15,36,1243,79,12850,6200,550,900,77.0,82,12.8,36,8536,80,-0.1749180829163891,-0.010571873081404707,-0.33228297999945683,-0.6795322253656407,-0.41912143660350565,-0.8536598756387256,0.6878962159335482,0.12646725882300056,-0.5981756735654908,0.18908533721226045,0.026908565600263796,-0.27634292029735635,1.0583393926787488,0.040861106806402994,0.8773656320968963,Medium,1,1,-0.17491808291638866,-0.010571873081404611,-0.3322829799994567,-0.6795322253656408,-0.4191214366035078,-0.8536598756387255,0.687896215933548,0.12646725882299856,-0.5981756735654908,0.18908533721226076,0.026908565600264143,-0.27634292029735663,1.0583393926787488,0.04086110680644044,0.8928875823305004,0.36524832997139145,0.6114319153500704
Mount Saint Mary College,Yes,1170,695,238,14,48,1170,429,7470,4600,250,1400,74.0,75,15.3,23,6898,88,-0.29078946972449266,-0.5386360386918125,-0.7012296521591672,-0.7738575489017414,-0.48719756614788734,0.15359478484785077,-0.6871119096960047,-2.639054061775204,0.31574018896209594,-0.017792359075214106,-0.4832523787413146,0.36585103864898416,0.15468771075919893,-0.5488380225520461,0.594017094017094,Low,0,1,-0.2907894697244922,-0.5386360386918124,-0.7012296521591671,-0.7738575489017415,-0.4871975661478895,0.15359478484785083,-0.6871119096960051,-2.6390540617752065,0.31574018896209594,-0.01779235907521381,-0.4832523787413143,0.365851038648984,0.15468771075919868,-0.5488380225520086,-1.0571640041734955,-1.099672391311716,0.6114319153500704
Mount St. Mary's College,Yes,657,537,113,37,90,1039,466,12474,5678,630,1278,53.0,71,11.9,19,10613,72,-0.8562202322738313,-0.8120293992533335,-1.6312155532484005,0.7260374574039264,-0.6234181853435865,0.207214125833888,0.6057936170259929,0.6311670248859246,0.12553741756504289,-1.2442020010279624,-0.7431090750720101,-0.5195109599719552,-0.17422905107118244,0.5788391956972186,0.817351598173516,Medium,1,1,-0.8562202322738308,-0.8120293992533334,-1.6312155532484003,0.7260374574039263,-0.6234181853435887,0.20721412583388807,0.6057936170259927,0.6311670248859227,0.12553741756504286,-1.2442020010279622,-0.7431090750720099,-0.5195109599719555,-0.17422905107118275,0.5788391956972561,0.47986105726746303,0.36524832997139145,0.6114319153500704
Mount Union College,Yes,1310,1086,458,26,61,1365,144,12250,3530,400,1150,85.0,87,16.7,35,7215,81,-0.18286655646866717,-0.07672893187842396,0.03299949159254631,0.13682203138818058,-0.3155792661127175,-0.5150410159119568,0.5561074319531636,-1.0237043227479306,-0.09357017425507218,0.7792401852307248,0.43622029750213775,0.7072311119742073,0.9955307035299448,-0.418901931138408,0.8290076335877863,Medium,1,1,-0.18286655646866673,-0.07672893187842386,0.03299949159254642,0.1368220313881805,-0.3155792661127197,-0.5150410159119567,0.5561074319531634,-1.0237043227479328,-0.09357017425507219,0.7792401852307251,0.43622029750213814,0.7072311119742072,0.9955307035299447,-0.41890193113837054,0.5600798242531,0.36524832997139145,0.6114319153500704
Mount Vernon Nazarene College,Yes,510,485,334,18,36,1114,94,7400,3346,600,600,57.0,57,19.8,7,6869,58,-1.1121667289379134,-0.9213242523741818,-0.31196670944240235,-0.42188701698591335,-0.5430319064121215,-0.7576282802236347,-0.7087835423307627,0.4488454168127673,-1.419790908781924,-1.0406425497511826,-1.4831288843506425,1.4250797976781568,-1.4606269881872134,-0.5611804691577443,0.9509803921568627,Low,0,1,-1.112166728937913,-0.9213242523741817,-0.31196670944240223,-0.42188701698591347,-0.5430319064121237,-0.7576282802236346,-0.7087835423307631,0.44884541681276535,-1.419790908781924,-1.0406425497511824,-1.4831288843506423,1.4250797976781568,-1.4606269881872138,-0.5611804691577069,1.3995165581419733,-1.099672391311716,0.6114319153500704
Muhlenberg College,Yes,2519,1836,462,30,61,1656,352,16975,4565,600,850,76.0,86,12.8,39,10888,83,0.42392994423434677,0.4489514914024788,0.042266753695296005,0.36924448019518263,-0.10847969952781525,0.02710986212917709,1.4997835473562724,0.4488454168127673,-0.7149803023664479,0.11925016044057488,0.3512859964873121,-0.27634292029735635,1.2415456071859763,0.6380658837371419,0.7288606589916634,High,2,1,0.4239299442343472,0.4489514914024789,0.042266753695296116,0.3692444801951825,-0.10847969952781744,0.027109862129177157,1.4997835473562722,0.44884541681276535,-0.7149803023664479,0.11925016044057517,0.3512859964873125,-0.27634292029735663,1.2415456071859763,0.6380658837371793,-0.12914824806447373,1.8301690512544988,0.6114319153500704
Murray State University,No,2225,1910,1190,29,55,5968,955,4738,3110,700,940,72.0,76,20.2,27,5972,52,0.3110155901609349,0.48775285367060883,0.9804144307920974,0.3133903214820356,1.0636550655573793,0.6907854564026715,-1.6586753357459636,1.0287304144592622,-0.509095433815335,-0.15132790347030226,-0.41474500229721806,1.5143448365116055,0.45563871675750844,-0.9871430817618547,0.8584269662921349,Low,0,0,0.31101559016093533,0.48775285367060894,0.9804144307920976,0.3133903214820355,1.063655065557377,0.6907854564026716,-1.6586753357459645,1.0287304144592604,-0.509095433815335,-0.15132790347030195,-0.4147450022972178,1.5143448365116057,0.4556387167575082,-0.9871430817618173,0.7625485463533933,-1.099672391311716,-1.635505074064474
Muskingum College,Yes,1109,922,375,24,46,1115,70,13240,3914,600,800,73.0,85,13.4,27,9333,73,-0.34223641536702337,-0.2445159794742715,-0.18352105371693328,0.01057495289120002,-0.5420050562083172,-0.9195233503002779,0.7714077377672819,0.4488454168127673,-0.8385145305308968,-0.08499874626512405,0.26789815935115474,-0.11798738684027212,0.45563871675750844,0.2688674979709531,0.8313796212804329,Medium,1,1,-0.34223641536702293,-0.24451597947427142,-0.18352105371693317,0.010574952891199925,-0.5420050562083194,-0.9195233503002778,0.7714077377672818,0.44884541681276535,-0.8385145305308968,-0.08499874626512376,0.26789815935115513,-0.11798738684027234,0.4556387167575082,0.2688674979709906,0.5764042365636751,0.36524832997139145,0.6114319153500704
National-Louis University,Yes,513,347,279,23,48,2508,505,9090,4500,650,500,62.0,65,18.3,2,7905,71,-1.1061848908974024,-1.2860285548768429,-0.5161394202810078,-0.05547969999806644,0.3077086311809569,0.25972058857474645,-0.21894290222764973,0.7485437875764888,-1.784000288095055,-0.7662592027979903,-1.0916144806733752,1.0837698819653523,-2.3433079627073257,-0.16408828861784738,0.6764132553606238,Medium,1,1,-1.106184890897402,-1.2860285548768429,-0.5161394202810077,-0.05547969999806654,0.30770863118095476,0.2597205885747465,-0.21894290222765017,0.7485437875764869,-1.784000288095055,-0.76625920279799,-1.091614480673375,1.0837698819653523,-2.3433079627073266,-0.16408828861780994,-0.49009996975615033,0.36524832997139145,0.6114319153500704
Nazareth College of Rochester,Yes,947,798,266,36,68,1274,471,10850,5150,550,800,77.0,93,13.6,24,8797,61,-0.4951648547092357,-0.39411365347945665,-0.5712332347448356,0.678301268324476,-0.39167206890873757,0.21416273190898097,0.23120756093044995,0.12646725882300056,-0.8385145305308968,0.18908533721226045,0.9788813231015295,-0.06583008815144414,0.2322748898408057,0.1189963194275377,0.8426610348468849,Medium,1,1,-0.49516485470923527,-0.39411365347945654,-0.5712332347448354,0.6783012683244759,-0.39167206890873973,0.21416273190898102,0.2312075609304496,0.12646725882299856,-0.8385145305308968,0.18908533721226076,0.97888132310153,-0.06583008815144435,0.23227488984080544,0.11899631942757515,0.6540447939223006,0.36524832997139145,0.6114319153500704
New Jersey Institute of Technology,No,1879,1216,483,27,62,3311,1646,8832,5376,700,1850,92.0,98,13.5,19,12529,72,0.15554932927499623,0.03806155368201497,0.08944820054643415,0.1972742770918786,0.5657570965494945,1.0808188323627916,-0.28961642144337896,1.0287304144592622,0.9024143541005786,1.341403144864573,1.4755065650850636,-0.09187044892763131,-0.17422905107118244,0.9492193301201088,0.6471527408195848,Medium,1,0,0.15554932927499668,0.03806155368201507,0.08944820054643426,0.19727427709187853,0.5657570965494922,1.0808188323627916,-0.2896164214433794,1.0287304144592604,0.9024143541005786,1.3414031448645731,1.4755065650850643,-0.09187044892763152,-0.17422905107118275,0.9492193301201463,-0.6914756789422906,0.36524832997139145,-1.635505074064474
New Mexico Institute of Mining and Tech.,No,787,601,233,40,73,1017,411,5376,3214,600,1100,99.0,100,13.7,11,9241,34,-0.6766978297520748,-0.6920823985913589,-0.7262974348845792,0.8637602612893264,-0.6483495979997056,0.12598225128249196,-1.4041666580017889,0.4488454168127673,-0.18552421188393892,1.9461465517858045,1.68576474558277,-0.03986551937032104,-0.9589007319312817,0.2440905867514434,0.7636594663278272,Low,0,0,-0.6766978297520744,-0.6920823985913588,-0.7262974348845791,0.8637602612893263,-0.6483495979997078,0.12598225128249202,-1.4041666580017895,0.44884541681276535,-0.18552421188393894,1.9461465517858048,1.6857647455827707,-0.03986551937032124,-0.958900731931282,0.24409058675148085,0.11034290976610302,-1.099672391311716,-1.635505074064474
New York University,Yes,13594,7244,2505,70,86,12408,2814,17748,7262,450,1000,87.0,98,7.8,16,21227,71,1.8585844753663407,1.7372961218407617,1.6287439152222776,1.9395785645076098,1.5988613061263781,1.485716841845372,1.6370191593092038,-0.6036744589706652,-0.38201766038027757,0.9355053891588669,1.4755065650850636,-1.735969821446969,-0.44458151258091694,1.931876109548497,0.5328821538914227,High,2,1,1.8585844753663412,1.7372961218407617,1.6287439152222778,1.9395785645076098,1.598861306126376,1.485716841845372,1.6370191593092038,-0.6036744589706673,-0.38201766038027757,0.9355053891588673,1.4755065650850643,-1.7359698214469697,-0.44458151258091727,1.9318761095485346,-1.477904791441352,1.8301690512544988,0.6114319153500704
Newberry College,Yes,872,722,154,14,36,601,36,10194,2600,500,1500,57.0,63,11.4,32,5788,83,-0.5757879735309135,-0.49864193469338475,-1.2318201571010006,-0.7738575489017414,-1.2994606728404392,-1.2681328859432672,0.06945069379583269,-0.22262317064607157,0.4602273976750806,-1.0406425497511826,-1.1971425260127022,-0.6577544312976554,0.8013473287828285,-1.0867883896020099,0.8279816513761468,Medium,1,1,-0.575787973530913,-0.49864193469338464,-1.2318201571010003,-0.7738575489017415,-1.2994606728404414,-1.2681328859432672,0.06945069379583232,-0.22262317064607365,0.4602273976750806,-1.0406425497511824,-1.197142526012702,-0.6577544312976558,0.8013473287828284,-1.0867883896019723,0.5530188446797061,0.36524832997139145,0.6114319153500704
Niagara University,Yes,2220,1796,467,65,99,1919,334,10320,4762,450,650,68.0,100,14.2,20,7788,65,0.3089590765725639,0.4272759242464465,0.053721586541378576,1.7878723347042178,0.04367661342570847,-0.006045256376597549,0.10103862255292767,-0.6036744589706652,-1.2588748045880092,-0.4078622247453497,1.68576474558277,0.08884698314321551,-0.08895267462994533,-0.20485516612021865,0.809009009009009,Medium,1,1,0.30895907657256433,0.4272759242464466,0.05372158654137869,1.7878723347042178,0.04367661342570628,-0.006045256376597482,0.10103862255292732,-0.6036744589706673,-1.2588748045880092,-0.40786222474534944,1.6857647455827707,0.08884698314321533,-0.0889526746299456,-0.2048551661201812,0.42244597637081793,0.36524832997139145,0.6114319153500704
North Adams State College,No,1563,1005,240,1,19,1380,136,5542,4330,500,1000,65.0,71,14.2,17,6562,57,-0.016064617223895343,-0.15593867284819843,-0.6913720356675835,-3.3535143539738352,-0.3036309665957093,-0.5481363508543965,-1.341229315594094,-0.22262317064607157,-0.38201766038027757,-0.5910270561252143,-0.7431090750720101,0.08884698314321551,-0.3518428206385443,-0.6969130585369484,0.6429942418426103,Low,0,0,-0.016064617223894885,-0.15593867284819835,-0.6913720356675834,-3.3535143539738352,-0.3036309665957115,-0.5481363508543964,-1.3412293155940946,-0.22262317064607365,-0.38201766038027757,-0.591027056125214,-0.7431090750720099,0.08884698314321533,-0.3518428206385446,-0.696913058536911,-0.7200951579150054,-1.099672391311716,-1.635505074064474
North Carolina A. & T. State University,No,4809,3089,1429,12,33,6162,871,6806,1780,600,1651,72.0,72,16.7,9,7090,44,0.9956445459798929,0.951538492669343,1.1467369092124107,-0.9785370964802453,1.0888888012751115,0.6268358402123032,-0.8983348458393731,0.4488454168127673,0.6619038133551929,-0.15132790347030226,-0.6802485294455134,0.7072311119742073,-1.1963666133652986,-0.46907761625244515,0.6423372842586816,Low,0,0,0.9956445459798934,0.9515384926693431,1.146736909212411,-0.9785370964802454,1.0888888012751092,0.6268358402123033,-0.8983348458393736,0.44884541681276535,0.6619038133551929,-0.15132790347030195,-0.6802485294455132,0.7072311119742072,-1.196366613365299,-0.4690776162524077,-0.7246164488575589,-1.099672391311716,-1.635505074064474
North Carolina State University at Raleigh,No,10634,7064,3176,39,78,16505,5481,8400,6540,600,1300,92.0,98,17.5,21,9670,62,1.660642009893321,1.7147482429025205,1.8204225623534587,0.8187257600747313,1.785269712331086,2.0193914423015165,-0.4110492657654314,0.4488454168127673,0.16107890591759866,1.341403144864573,1.4755065650850636,0.8972070291531553,-0.005802574972423054,0.3565306178358406,0.6642843708858379,Low,0,0,1.6606420098933214,1.7147482429025205,1.820422562353459,0.8187257600747312,1.7852697123310837,2.0193914423015165,-0.4110492657654319,0.44884541681276535,0.16107890591759863,1.3414031448645731,1.4755065650850643,0.8972070291531553,-0.005802574972423321,0.3565306178358781,-0.5735729623216478,-1.099672391311716,-1.635505074064474
North Carolina Wesleyan College,Yes,812,689,195,7,24,646,84,8242,4230,600,1295,77.0,77,12.7,11,10090,52,-0.645847456409803,-0.5477490268752467,-0.9397329282862531,-1.6324792946361477,-1.205568294635369,-0.8199451233468634,-0.456484197807251,0.4488454168127673,0.15305182261516076,0.18908533721226045,-0.3447982089823837,-0.303019110231878,-0.9589007319312817,0.45946285995062985,0.8485221674876847,Low,0,1,-0.6458474564098026,-0.5477490268752466,-0.939732928286253,-1.6324792946361477,-1.2055682946353712,-0.8199451233468633,-0.4564841978072515,0.44884541681276535,0.15305182261516073,0.18908533721226076,-0.34479820898238345,-0.3030191102318783,-0.958900731931282,0.4594628599506673,0.6943820798753447,-1.099672391311716,0.6114319153500704
North Central College,Yes,1127,884,308,30,64,1310,766,11718,7398,450,1800,73.0,87,16.4,33,8871,76,-0.3267451737775233,-0.2879558547440329,-0.4032322506553515,0.36924448019518263,-0.3607999936931507,0.5385599384557029,0.43566581344488753,-0.6036744589706652,0.8443887826691915,-0.08499874626512405,0.43622029750213775,0.6350639812933067,0.8670772597515548,0.1405080674516131,0.7843833185448092,Medium,1,1,-0.3267451737775229,-0.2879558547440328,-0.4032322506553514,0.3692444801951825,-0.36079999369315285,0.538559938455703,0.43566581344488725,-0.6036744589706673,0.8443887826691915,-0.08499874626512376,0.43622029750213814,0.6350639812933065,0.8670772597515547,0.14050806745165054,0.25296789441599155,0.36524832997139145,0.6114319153500704
North Dakota State University,No,2968,2297,1610,13,47,7368,1128,5834,2744,600,2000,79.0,83,17.0,24,6310,42,0.5715722225364769,0.6675473175774671,1.2526363254021113,-0.8732912125649614,1.2266674121113537,0.8078877807994068,-1.233455647816476,0.4488454168127673,1.0679442535532966,0.3313811845790514,0.10571998260266878,0.77888612464485,0.2322748898408057,-0.8157958487350622,0.773921832884097,Low,0,0,0.5715722225364773,0.6675473175774672,1.2526363254021116,-0.8732912125649616,1.2266674121113514,0.8078877807994069,-1.2334556478164767,0.44884541681276535,1.0679442535532966,0.3313811845790517,0.10571998260266914,0.77888612464485,0.23227488984080544,-0.8157958487350248,0.18097021675684247,-1.099672391311716,-1.635505074064474
North Park College,Yes,465,361,176,19,39,879,156,12580,4345,400,970,76.0,79,13.1,24,10889,74,-1.2067240678066107,-1.2425100965392026,-1.065292581520961,-0.3430819714331799,-0.8213852133303092,-0.46838566706945606,0.6291019926148267,-1.0237043227479306,-0.44462153433286433,0.11925016044057488,-0.2005425892756753,-0.19680572791589224,0.2322748898408057,0.6382770742750749,0.7763440860215054,Medium,1,1,-1.2067240678066102,-1.2425100965392026,-1.0652925815209608,-0.34308197143318003,-0.8213852133303114,-0.468385667069456,0.6291019926148265,-1.0237043227479328,-0.44462153433286433,0.11925016044057517,-0.200542589275675,-0.1968057279158925,0.23227488984080544,0.6382770742751123,0.1976405641866471,0.36524832997139145,0.6114319153500704
Northeast Missouri State University,No,6040,4577,1620,36,72,5640,266,4856,3416,400,1100,69.0,72,15.7,13,6601,76,1.1906766876491663,1.319710248967901,1.2580820774845458,0.678301268324476,1.018629414039475,-0.14789628285036605,-1.609979018399073,-1.0237043227479306,-0.18552421188393892,-0.3450470097695861,-0.6802485294455134,0.4646075746731009,-0.7416251041701869,-0.6791367097189289,0.7577814569536424,Low,0,0,1.1906766876491668,1.319710248967901,1.258082077484546,0.6783012683244759,1.0186294140394727,-0.147896282850366,-1.6099790183990739,-1.0237043227479328,-0.18552421188393894,-0.3450470097695858,-0.6802485294455132,0.46460757467310076,-0.7416251041701872,-0.6791367097188915,0.06988947533763183,-1.099672391311716,-1.635505074064474
Northeastern University,Yes,11901,8492,2517,16,42,11160,10221,13380,7425,600,1750,73.0,82,12.9,17,9563,46,1.7518252932829914,1.878841326653243,1.6326726169169903,-0.5897369692550372,1.5265736038932565,2.550446218997043,0.8009923922476911,0.4488454168127673,0.7848088938700473,-0.08499874626512405,0.026908565600263796,-0.24974921824366134,-0.3518428206385443,0.3292089271583419,0.7135534829005966,Medium,1,1,1.7518252932829919,1.878841326653243,1.6326726169169905,-0.5897369692550373,1.5265736038932542,2.550446218997043,0.800992392247691,0.44884541681276535,0.7848088938700473,-0.08499874626512376,0.026908565600264143,-0.24974921824366159,-0.3518428206385446,0.32920892715837935,-0.23449477013784314,0.36524832997139145,0.6114319153500704
Northern Arizona University,No,5891,4931,1973,23,48,11249,2682,6746,3728,620,2342,78.0,83,21.7,7,6157,41,1.169463508395645,1.388360150461088,1.428786044284871,-0.05547969999806644,1.5320488540001715,1.4485756403470802,-0.9180763049185406,0.5712524924058295,1.405037162441737,0.259795832499163,0.10571998260266878,1.8430229583309448,-1.4606269881872134,-0.8915768911861204,0.8370395518587677,Low,0,0,1.1694635083956455,1.388360150461088,1.4287860442848712,-0.05547969999806654,1.5320488540001693,1.4485756403470802,-0.9180763049185412,0.5712524924058276,1.405037162441737,0.25979583249916327,0.10571998260266914,1.843022958330945,-1.4606269881872138,-0.891576891186083,0.6153568165860777,-1.099672391311716,-1.635505074064474
Northern Illinois University,No,10706,7219,2397,12,37,14826,1979,7799,3296,470,1750,73.0,78,17.3,11,6086,56,1.6661296941537898,1.7342004890179008,1.5923785805447699,-0.9785370964802453,1.7165471937883985,1.2175598859783414,-0.5870007405187048,-0.4470175510183751,0.7848088938700473,-0.08499874626512405,-0.273401038284349,0.8500415964523291,-0.9589007319312817,-0.9277284422208483,0.6742947879693629,Low,0,0,1.6661296941537902,1.7342004890179008,1.59237858054477,-0.9785370964802454,1.7165471937883963,1.2175598859783414,-0.5870007405187052,-0.44701755101837726,0.7848088938700473,-0.08499874626512376,-0.2734010382843487,0.8500415964523291,-0.958900731931282,-0.9277284422208109,-0.5046796133473297,-1.099672391311716,-1.635505074064474
Northwest Missouri State University,No,2729,2535,1257,8,29,4787,472,3735,3136,250,1630,62.0,65,21.7,23,5284,54,0.4962304556228591,0.7626978427943216,1.0306804307176949,-1.47898716331229,0.8848070817059113,0.2155444559730804,-2.108870220792123,-2.639054061775204,0.6349333393467562,-0.7662592027979903,-1.0916144806733752,1.8430229583309448,0.15468771075919893,-1.386420065814291,0.9289116892634665,Low,0,0,0.49623045562285956,0.7626978427943217,1.030680430717695,-1.47898716331229,0.884807081705909,0.21554445597308045,-2.1088702207921237,-2.6390540617752065,0.6349333393467562,-0.76625920279799,-1.091614480673375,1.843022958330945,0.15468771075919868,-1.3864200658142534,1.2476360883114488,-1.099672391311716,-1.635505074064474
Northwest Nazarene College,Yes,616,514,385,29,52,1115,60,9840,2820,450,822,59.0,59,14.8,20,6261,58,-0.9208798336359263,-0.8589112652736167,-0.15464195008808357,0.3133903214820356,-0.5420050562083172,-1.0023512352399828,-0.020689618521818783,-0.6036744589706652,-0.7832796405356567,-0.9335433168574541,-1.3928032882186436,0.2409539322252467,-0.08895267462994533,-0.8397573651879455,0.8344155844155844,Medium,1,1,-0.9208798336359258,-0.8589112652736166,-0.15464195008808346,0.3133903214820355,-0.5420050562083194,-1.0023512352399828,-0.020689618521819168,-0.6036744589706673,-0.7832796405356567,-0.9335433168574537,-1.3928032882186434,0.24095393222524655,-0.0889526746299456,-0.8397573651879081,0.5972982378823003,0.36524832997139145,0.6114319153500704
Northwestern College,Yes,860,811,366,22,56,1040,52,9900,3075,300,1800,68.0,68,14.9,34,6357,68,-0.5893768683113925,-0.37730340314764244,-0.21028182738525236,-0.12368771857670886,-0.6223002695358492,-1.078140204568705,-0.005263596412139545,-2.023772875573782,0.8443887826691915,-0.4078622247453497,-0.9234340703527073,0.2660655633694921,0.931790342010479,-0.7930780087387741,0.9430232558139535,Medium,1,1,-0.589376868311392,-0.3773034031476423,-0.21028182738525225,-0.12368771857670896,-0.6223002695358514,-1.078140204568705,-0.005263596412139927,-2.0237728755737847,0.8443887826691915,-0.40786222474534944,-0.9234340703527071,0.26606556336949194,0.9317903420104788,-0.7930780087387367,1.344754227428453,0.36524832997139145,0.6114319153500704
Northwestern University,Yes,12289,5200,1902,85,98,7450,45,16404,5520,759,1585,96.0,100,6.8,25,26385,92,1.7776733949262622,1.4370944830023855,1.3974378465604917,2.3513156977051644,1.2350219917338168,-1.1536513012220255,1.3957554046703193,1.3376821040924285,0.5760083595929801,1.681765281041989,1.68576474558277,-2.068872026591639,0.30823399686918296,2.264033629935929,0.4231426478964928,High,2,1,1.7776733949262626,1.4370944830023855,1.397437846560492,2.3513156977051644,1.2350219917338146,-1.1536513012220255,1.395755404670319,1.3376821040924267,0.5760083595929801,1.6817652810419892,1.6857647455827707,-2.0688720265916394,0.30823399686918274,2.2640336299359665,-2.2331502542123913,1.8301690512544988,0.6114319153500704
Norwich University,Yes,1743,1625,626,8,29,1862,382,14134,5270,500,800,71.0,74,13.1,22,9209,63,0.08580974820478225,0.3284082084083342,0.35840333318338335,-1.47898716331229,0.01294997928640275,0.07910961731028572,0.9569327283371598,-0.22262317064607157,-0.8385145305308968,-0.2167793357746881,-0.5503313595284204,-0.19680572791589224,0.07536745536606099,0.2353839876687392,0.9323006310958118,Medium,1,1,0.08580974820478271,0.3284082084083343,0.35840333318338347,-1.47898716331229,0.01294997928640056,0.07910961731028579,0.9569327283371597,-0.22262317064607365,-0.8385145305308968,-0.2167793357746878,-0.5503313595284202,-0.1968057279158925,0.07536745536606074,0.23538398766877663,1.2709593475084793,0.36524832997139145,0.6114319153500704
Notre Dame College,Yes,379,324,107,15,37,500,311,9990,4900,400,600,44.0,47,12.1,26,4948,33,-1.4183909820362035,-1.3617643021826984,-1.7035876954397993,-0.6795322253656407,-1.5455531044732962,-0.05084178833543355,0.017760891900357532,-1.0237043227479306,-1.419790908781924,-1.6501454700619755,-1.8636946987245966,-0.46486060496924364,0.38265991480354933,-1.611625139414339,0.8548812664907651,Medium,1,1,-1.418390982036203,-1.3617643021826984,-1.703587695439799,-0.6795322253656408,-1.5455531044732984,-0.05084178833543348,0.017760891900357154,-1.0237043227479328,-1.419790908781924,-1.6501454700619753,-1.8636946987245964,-0.464860604969244,0.3826599148035491,-1.6116251394143015,0.7381464528406304,0.36524832997139145,0.6114319153500704
Oakland University,No,3041,2581,1173,16,56,6441,3982,9114,4030,400,650,88.0,90,19.7,13,6637,53,0.5932901516496296,0.7799848431348677,0.9671400757286452,-0.5897369692550372,1.123527957945403,1.7593185691154942,-0.21243583352602616,-1.0237043227479306,-1.2588748045880092,1.0149446356388536,0.700405830648109,1.4026521772632392,-0.7416251041701869,-0.662869630695541,0.8487339690891155,Medium,1,0,0.5932901516496301,0.7799848431348678,0.9671400757286454,-0.5897369692550373,1.1235279579454007,1.7593185691154942,-0.2124358335260266,-1.0237043227479328,-1.2588748045880092,1.0149446356388538,0.7004058306481095,1.4026521772632392,-0.7416251041701872,-0.6628696306955035,0.6958397335893646,0.36524832997139145,-1.635505074064474
Oberlin College,Yes,4778,2767,678,50,89,2587,120,19670,5820,575,1119,77.0,96,10.1,47,16593,83,0.9900619984415977,0.8466777390941939,0.4390373493256633,1.273895148987768,0.33730756276956136,-0.6199689234986554,1.962045961729066,0.29071968978274854,-0.1501219846963757,0.18908533721226045,1.2719213033900254,-1.028937190590704,1.6971320500032134,1.5067227558722007,0.5791125994139807,High,2,1,0.9900619984415981,0.846677739094194,0.4390373493256634,1.273895148987768,0.3373075627695592,-0.6199689234986553,1.962045961729066,0.29071968978274654,-0.15012198469637572,0.18908533721226076,1.271921303390026,-1.0289371905907045,1.6971320500032134,1.5067227558722383,-1.159739205527298,1.8301690512544988,0.6114319153500704
Occidental College,Yes,2324,1319,370,52,81,1686,35,16560,5140,558,1152,91.0,93,10.5,30,16196,79,0.3507420778666479,0.12006308219916131,-0.1982955298792802,1.3484974077177594,-0.08968187698712116,-1.282410150364289,1.424409153291907,0.17972570340480307,-0.08997165830982899,1.2584840840542526,0.9788813231015295,-0.9128098000811495,0.6666429698449552,1.461856201107599,0.5675559380378657,High,2,1,0.35074207786664835,0.12006308219916141,-0.1982955298792801,1.3484974077177594,-0.08968187698712335,-1.282410150364289,1.4244091532919068,0.17972570340480107,-0.089971658309829,1.2584840840542528,0.97888132310153,-0.91280980008115,0.6666429698449551,1.4618562011076366,-1.2392740639172695,1.8301690512544988,0.6114319153500704
Oglethorpe University,Yes,792,649,186,56,87,769,377,12900,4340,600,4110,91.0,95,13.1,27,8568,67,-0.6704442834342262,-0.6107564482977954,-0.9973630842333701,1.491573106355637,-0.9849683485982671,0.07070507551992554,0.6986948952698492,0.4488454168127673,2.6272510343988684,1.2584840840542526,1.1726062411645384,-0.19680572791589224,0.45563871675750844,0.05063618005617066,0.8194444444444444,Medium,1,1,-0.6704442834342258,-0.6107564482977953,-0.99736308423337,1.491573106355637,-0.9849683485982693,0.07070507551992561,0.698694895269849,0.44884541681276535,2.6272510343988684,1.2584840840542528,1.172606241164539,-0.1968057279158925,0.4556387167575082,0.05063618005620811,0.4942643720634036,0.36524832997139145,0.6114319153500704
Ohio Northern University,Yes,2936,2342,669,35,62,2502,66,15990,4080,600,825,73.0,78,14.5,31,9979,83,0.561870408256591,0.6863225141924719,0.4256024444239014,0.6295768701744451,0.30541425369042574,-0.9512857554822645,1.3188359251270563,0.4488454168127673,-0.775856844618461,-0.08499874626512405,-0.273401038284349,0.16521236126587632,0.7345530092783118,0.43290396459054536,0.797683923705722,High,2,1,0.5618704082565914,0.686322514192472,0.4256024444239015,0.629576870174445,0.3054142536904236,-0.9512857554822644,1.318835925127056,0.44884541681276535,-0.775856844618461,-0.08499874626512376,-0.2734010382843487,0.16521236126587616,0.7345530092783117,0.43290396459058283,0.3445048628834145,1.8301690512544988,0.6114319153500704
Ohio University,No,11023,8298,3183,21,54,14861,1310,7629,4095,550,2300,79.0,87,20.4,13,8811,64,1.6898280542976987,1.8583572510873492,1.8221682817572238,-0.19422217291531432,1.7180751232339209,0.9147234115452432,-0.6383764738492579,0.12646725882300056,1.3662631205517808,0.3313811845790514,0.43622029750213775,1.5587144015835912,-0.7416251041701869,0.12308727528988446,0.7527896217000817,Low,0,0,1.6898280542976991,1.8583572510873492,1.822168281757224,-0.1942221729153144,1.7180751232339186,0.9147234115452433,-0.6383764738492583,0.12646725882299856,1.3662631205517808,0.3313811845790517,0.43622029750213814,1.5587144015835914,-0.7416251041701872,0.1230872752899219,0.0355348380356702,-1.099672391311716,-1.635505074064474
Ohio Wesleyan University,Yes,2190,1700,458,36,65,1780,48,16732,5650,550,550,93.0,93,12.1,32,12011,75,0.2965145272824359,0.3730772212310357,0.03299949159254631,0.678301268324476,-0.03332528961898265,-1.1200754113012605,1.4557972953480613,0.12646725882300056,-1.594008814109165,1.425191176895042,0.9788813231015295,-0.46486060496924364,0.8013473287828285,0.858048032215863,0.776255707762557,High,2,1,0.2965145272824363,0.3730772212310358,0.03299949159254642,0.6783012683244759,-0.033325289618984844,-1.1200754113012605,1.4557972953480611,0.12646725882299856,-1.594008814109165,1.4251911768950423,0.97888132310153,-0.464860604969244,0.8013473287828284,0.8580480322159004,0.1970323303653518,1.8301690512544988,0.6114319153500704
Oklahoma Baptist University,Yes,758,681,484,35,59,1707,705,5390,3140,515,1290,63.0,71,15.1,18,5511,50,-0.7138315018980289,-0.5600324372479969,0.09163566059495362,0.6295768701744451,-0.07676448055721619,0.4821167157344829,-1.398809882769234,-0.11480720595088588,0.14499519695836988,-0.7087308284652433,-0.7431090750720101,0.31608928492044563,-0.2617966749661709,-1.2462869723100156,0.8984168865435356,Low,0,1,-0.7138315018980285,-0.5600324372479968,0.09163566059495373,0.629576870174445,-0.07676448055721838,0.48211671573448295,-1.3988098827692346,-0.11480720595088795,0.14499519695836985,-0.7087308284652429,-0.7431090750720099,0.31608928492044547,-0.2617966749661712,-1.246286972309978,1.0377658033714945,-1.099672391311716,0.6114319153500704
Oklahoma Christian University,Yes,776,765,351,22,44,1419,228,6400,3150,500,1900,58.0,64,16.2,8,6578,45,-0.6906072256182303,-0.43813493670826437,-0.25661430744327984,-0.12368771857670886,-0.27329257747570396,-0.24218646724179846,-1.0342265898600445,-0.22262317064607157,0.9589665605710901,-0.98753569322173,-1.145029901800911,0.5866615904148242,-1.3245972639117196,-0.6896007166351492,0.9858247422680413,Low,0,1,-0.6906072256182298,-0.43813493670826426,-0.25661430744327973,-0.12368771857670896,-0.2732925774757061,-0.2421864672417984,-1.0342265898600451,-0.22262317064607365,0.9589665605710901,-0.9875356932217296,-1.1450299018009107,0.5866615904148241,-1.32459726391172,-0.6896007166351118,1.639321148896091,-1.099672391311716,0.6114319153500704
Oklahoma State University,No,4522,3913,2181,29,57,12830,1658,5336,3344,800,3100,84.0,92,15.3,14,6433,48,0.9424172573468819,1.1741298592075313,1.513625008115262,0.3133903214820356,1.621320969814377,1.0861637717051233,-1.419522319682642,1.5402401052701242,2.0102082551361864,0.7024150564455859,0.8844513618593768,0.36585103864898416,-0.6391619317856582,-0.7568807360380997,0.8653250773993808,Low,0,0,0.9424172573468823,1.1741298592075313,1.5136250081152622,0.3133903214820355,1.6213209698143747,1.0861637717051233,-1.4195223196826428,1.5402401052701227,2.0102082551361864,0.7024150564455862,0.8844513618593772,0.365851038648984,-0.6391619317856585,-0.7568807360380623,0.8100224899273574,-1.099672391311716,-1.635505074064474
Otterbein College,Yes,1496,1205,428,26,57,1648,936,12888,4440,420,840,62.0,68,13.9,30,8802,87,-0.057246169617917834,0.02886841274866206,-0.039622935168092274,0.13682203138818058,-0.11356268702811165,0.6767784451581037,0.6961057191049698,-0.8504685379140465,-0.7391238344802954,-0.7662592027979903,-0.9234340703527073,0.011839314538266496,0.6666429698449552,0.12045851645713411,0.80548128342246,Medium,1,1,-0.057246169617917377,0.028868412748662153,-0.03962293516809216,0.1368220313881805,-0.11356268702811384,0.6767784451581038,0.6961057191049695,-0.8504685379140488,-0.7391238344802954,-0.76625920279799,-0.9234340703527071,0.011839314538266303,0.6666429698449551,0.12045851645717155,0.39816758438256217,0.36524832997139145,0.6114319153500704
Ouachita Baptist University,Yes,910,773,450,31,73,1310,61,6530,2800,500,1500,63.0,67,13.3,10,6413,65,-0.5340461855082915,-0.4272793705197194,0.014181812931617677,0.4237419326421896,-0.3607999936931507,-0.9935289671254642,-0.9901142877272074,-0.22262317064607157,0.4602273976750806,-0.7087308284652433,-0.9808282263537185,-0.14418170109309456,-1.0747688529439479,-0.7663427535493572,0.8494505494505494,Low,0,1,-0.5340461855082911,-0.4272793705197193,0.014181812931617792,0.4237419326421895,-0.36079999369315285,-0.9935289671254641,-0.990114287727208,-0.22262317064607365,0.4602273976750806,-0.7087308284652429,-0.9808282263537182,-0.14418170109309478,-1.0747688529439483,-0.7663427535493198,0.7007713583654852,-1.099672391311716,0.6114319153500704
Our Lady of the Lake University,Yes,2308,1336,295,22,46,1202,942,8530,3644,616,1576,56.0,64,14.9,25,7114,37,0.34444625472534895,0.13293721900488642,-0.4522604490288969,-0.12368771857670886,-0.4567357478570666,0.681229233195372,-0.3740845920980586,0.5470499679982767,0.5640325868739536,-1.0928632564596537,-1.145029901800911,0.2660655633694921,0.30823399686918296,-0.4593394732611362,0.5788561525129983,Low,0,1,0.3444462547253494,0.1329372190048865,-0.4522604490288968,-0.12368771857670896,-0.4567357478570688,0.6812292331953721,-0.37408459209805905,0.5470499679982748,0.5640325868739536,-1.0928632564596534,-1.1450299018009107,0.26606556336949194,0.30823399686918274,-0.45933947326109875,-1.161504115590021,-1.099672391311716,0.6114319153500704
Pace University,Yes,8256,3750,1522,37,70,5809,4379,11000,5160,660,1115,90.0,95,13.8,10,10059,62,1.4527911487472613,1.1343410099377094,1.2029647464304931,0.7260374574039264,1.0422159803145912,1.8358360106080571,0.2672880450170566,0.8060529764293244,-0.15752730293451853,1.1764343828889745,1.1726062411645384,-0.013975971157088379,-1.0747688529439479,0.4520905990755362,0.45421511627906974,Medium,1,1,1.4527911487472618,1.1343410099377094,1.2029647464304933,0.7260374574039263,1.042215980314589,1.8358360106080571,0.2672880450170563,0.8060529764293226,-0.15752730293451855,1.1764343828889747,1.172606241164539,-0.013975971157088578,-1.0747688529439483,0.4520905990755737,-2.0193043784698665,0.36524832997139145,0.6114319153500704
Pacific Lutheran University,Yes,1603,1392,504,31,68,2580,302,13312,4488,600,1516,78.0,78,11.0,23,9431,83,0.007626844514728351,0.17414071107921025,0.13432172080676316,0.4237419326421896,0.3347296561097751,-0.06918947556837259,0.7866481902527459,0.4488454168127673,0.48249055999709517,0.259795832499163,-0.273401038284349,-0.7700882870015457,0.15468771075919893,0.2948530625674367,0.8683718028696195,Medium,1,1,0.007626844514728808,0.17414071107921034,0.13432172080676327,0.4237419326421895,0.33472965610977296,-0.06918947556837252,0.7866481902527458,0.44884541681276535,0.48249055999709517,0.25979583249916327,-0.2734010382843487,-0.7700882870015462,0.15468771075919868,0.2948530625674742,0.8309905594192414,0.36524832997139145,0.6114319153500704
Pacific Union College,Yes,940,668,385,20,48,1316,139,11925,3825,630,1926,48.0,87,12.3,12,9157,69,-0.5023941641627029,-0.5803255346281203,-0.15464195008808357,-0.2672791173259531,-0.35575527297031967,-0.5355245563722183,0.4829472975136304,0.6311670248859246,0.9878164751887591,-1.4786478771804488,0.43622029750213775,-0.4105671795649674,-0.8480459248697001,0.22113671887936145,0.7106382978723405,Medium,1,1,-0.5023941641627024,-0.5803255346281202,-0.15464195008808346,-0.2672791173259532,-0.35575527297032183,-0.5355245563722182,0.48294729751363014,0.6311670248859227,0.9878164751887591,-1.4786478771804485,0.43622029750213814,-0.41056717956496774,-0.8480459248697004,0.2211367188793989,-0.2545575565133372,0.36524832997139145,0.6114319153500704
Pacific University,Yes,943,849,288,41,71,1041,35,14210,3994,450,1100,76.0,76,10.9,22,11216,42,-0.4992888289255927,-0.3297687236364479,-0.4797034865627229,0.9079719150807959,-0.6211836640127065,-1.282410150364289,0.9723453765191955,-0.6036744589706652,-0.18552421188393892,0.11925016044057488,-0.41474500229721806,-0.7984234089412169,0.07536745536606099,0.7057862008351163,0.9003181336161188,Medium,1,1,-0.49928882892559223,-0.32976872363644777,-0.47970348656272277,0.9079719150807958,-0.6211836640127087,-1.282410150364289,0.9723453765191954,-0.6036744589706673,-0.18552421188393894,0.11925016044057517,-0.4147450022972178,-0.7984234089412173,0.07536745536606074,0.7057862008351538,1.0508505007387448,0.36524832997139145,0.6114319153500704
Pembroke State University,No,944,774,440,14,34,2174,529,6360,2760,550,1498,77.0,77,15.0,5,6443,48,-0.4982560756046054,-0.4259308695597447,-0.0098901000750564,-0.7738575489017414,0.168673188085254,0.2902399163738863,-1.0479177029469184,0.12646725882300056,0.45742863131593875,0.18908533721226045,-0.3447982089823837,0.2911104741628506,-1.7628708902979693,-0.7521665660837105,0.8199152542372882,Low,0,0,-0.49825607560460494,-0.4259308695597446,-0.009890100075056285,-0.7738575489017415,0.1686731880852518,0.29023991637388635,-1.047917702946919,0.12646725882299856,0.45742863131593875,0.18908533721226076,-0.34479820898238345,0.2911104741628504,-1.7628708902979697,-0.752166566083673,0.49750456306526436,-1.099672391311716,-1.635505074064474
Pennsylvania State Univ. Main Campus,No,19315,10344,3450,48,93,28938,2025,10645,4060,512,2394,77.0,96,18.1,19,8992,63,2.1354870268995114,2.0523973538412905,1.8856363842090398,1.1970584702876572,2.1196830207665998,1.2347858080956724,0.1813645903631061,-0.13614882288157926,1.4521366784438305,0.18908533721226045,1.2719213033900254,1.037437464562729,-0.17422905107118244,0.17509825993523445,0.5355423246181724,Medium,1,0,2.135487026899512,2.0523973538412905,1.88563638420904,1.1970584702876572,2.1196830207665975,1.2347858080956724,0.18136459036310573,-0.1361488228815813,1.4521366784438305,0.18908533721226076,1.271921303390026,1.037437464562729,-0.17422905107118275,0.1750982599352719,-1.4595970557416222,0.36524832997139145,-1.635505074064474
Pepperdine University,Yes,3821,2037,680,86,96,2488,625,18200,6770,500,700,95.0,98,11.6,13,16185,66,0.7954605777167029,0.5507430802874694,0.44199496716360365,2.3767954019962607,0.30003450836686285,0.4009980202444784,1.7154567399265352,-0.22262317064607157,-1.109331268357997,1.5953726226723983,1.4755065650850636,-0.6021742165602336,-0.7416251041701869,1.4605891520555347,0.5331065166186862,High,2,1,0.7954605777167033,0.5507430802874695,0.44199496716360376,2.3767954019962607,0.3000345083668607,0.40099802024447845,1.7154567399265352,-0.22262317064607365,-1.109331268357997,1.5953726226723985,1.4755065650850643,-0.602174216560234,-0.7416251041701872,1.4605891520555723,-1.4763606899781234,1.8301690512544988,0.6114319153500704
Peru State College,No,701,501,458,10,40,959,457,2580,2624,500,900,48.0,100,20.1,24,4870,44,-0.7914850867399487,-0.8864117334877933,0.03299949159254631,-1.2101701573606454,-0.7173610550676991,0.19453522453866512,-2.7397747054693764,-0.22262317064607157,-0.5981756735654908,-1.4786478771804488,1.68576474558277,1.492094771805751,0.2322748898408057,-1.6672743673922323,0.7146932952924394,Low,0,0,-0.7914850867399482,-0.8864117334877932,0.03299949159254642,-1.2101701573606454,-0.7173610550677013,0.19453522453866517,-2.7397747054693773,-0.22262317064607365,-0.5981756735654908,-1.4786478771804485,1.6857647455827707,1.492094771805751,0.23227488984080544,-1.6672743673921948,-0.22665039240400087,-1.099672391311716,-1.635505074064474
Pfeiffer College,Yes,838,651,159,11,25,654,162,8640,3700,400,1915,62.0,62,12.2,13,7634,48,-0.6148274021335003,-0.6075086720122027,-1.1916631026146554,-1.0904651799155018,-1.1897116264070888,-0.44626146417114565,-0.3430943094075812,-1.0237043227479306,0.9756562415066791,-0.7662592027979903,-1.2479642050627717,-0.4376697884463484,-0.7416251041701869,-0.25996319579925403,0.7768496420047732,Low,0,1,-0.6148274021334998,-0.6075086720122026,-1.1916631026146551,-1.0904651799155018,-1.189711626407091,-0.4462614641711456,-0.3430943094075816,-1.0237043227479328,0.9756562415066791,-0.76625920279799,-1.2479642050627715,-0.43766978844634874,-0.7416251041701872,-0.25996319579921656,0.20111988422803162,-1.099672391311716,0.6114319153500704
Philadelphia Coll. of Textiles and Sci.,Yes,1538,1259,468,19,42,1664,1042,11690,5062,600,1664,48.0,80,12.9,15,8028,68,-0.03120501431480078,0.0731650358718273,0.05599558540708777,-0.3430819714331799,-0.10342657389599659,0.751872335470093,0.4292283020712403,0.4488454168127673,0.6784367215101241,-1.4786478771804488,-0.12621201953217973,-0.24974921824366134,-0.5402591781850784,-0.12221322762941955,0.8185955786736021,Medium,1,1,-0.03120501431480032,0.07316503587182739,0.05599558540708788,-0.34308197143318003,-0.10342657389599878,0.7518723354700931,0.42922830207124,0.44884541681276535,0.6784367215101241,-1.4786478771804485,-0.12621201953217942,-0.24974921824366159,-0.5402591781850787,-0.12221322762938211,0.4884223371816363,0.36524832997139145,0.6114319153500704
Phillips University,Yes,692,576,174,19,50,597,83,10500,3860,600,940,58.0,64,11.6,19,8990,39,-0.8043643834126871,-0.7372348976809905,-1.0794126498630179,-0.3430819714331799,-1.308219758517865,-0.8265403650882943,0.1457284663635697,0.4488454168127673,-0.509095433815335,-0.98753569322173,-1.145029901800911,-0.6021742165602336,-0.17422905107118244,0.1745323094252797,0.8323699421965318,Medium,1,1,-0.8043643834126867,-0.7372348976809904,-1.0794126498630177,-0.34308197143318003,-1.3082197585178672,-0.8265403650882942,0.14572846636356934,0.44884541681276535,-0.509095433815335,-0.9875356932217296,-1.1450299018009107,-0.602174216560234,-0.17422905107118275,0.17453230942531714,0.583219789192512,0.36524832997139145,0.6114319153500704
Piedmont College,Yes,663,562,127,20,40,641,63,5640,3620,600,750,89.0,89,13.2,17,7309,31,-0.8471228353482839,-0.7634441803188218,-1.4782974892966354,-0.2672791173259531,-1.2156008402024245,-0.9762693780604241,-1.3046522231410067,0.4488454168127673,-0.9696251460136798,1.0952544342623864,0.6107698796775962,-0.17045420531183852,-0.3518428206385443,-0.3820365472732442,0.8476621417797888,Low,0,1,-0.8471228353482835,-0.7634441803188217,-1.4782974892966352,-0.2672791173259532,-1.2156008402024268,-0.976269378060424,-1.3046522231410074,0.44884541681276535,-0.9696251460136798,1.0952544342623867,0.6107698796775967,-0.17045420531183875,-0.3518428206385446,-0.38203654727320674,0.6884632404577076,-1.099672391311716,0.6114319153500704
Pikeville College,Yes,404,400,169,28,48,797,100,6000,3000,500,500,48.0,57,13.4,14,5557,61,-1.351927167570899,-1.130185131350783,-1.115547391645249,0.2560970954071895,-0.9407373876260405,-0.7230558234327195,-1.1737576903269527,-0.22262317064607157,-1.784000288095055,-1.4786478771804488,-1.4831288843506425,-0.11798738684027212,-0.6391619317856582,-1.218960744892081,0.9900990099009901,Low,0,1,-1.3519271675708986,-1.130185131350783,-1.1155473916452487,0.2560970954071894,-0.9407373876260428,-0.7230558234327193,-1.1737576903269533,-0.22262317064607365,-1.784000288095055,-1.4786478771804485,-1.4831288843506423,-0.11798738684027234,-0.6391619317856585,-1.2189607448920434,1.6687373669406924,-1.099672391311716,0.6114319153500704
Pitzer College,Yes,1133,630,220,37,73,750,30,17688,5900,650,850,100.0,100,10.4,11,14820,73,-0.32164043632409145,-0.6421543262263429,-0.7944885751276375,0.7260374574039264,-1.0161164170021746,-1.3598474556511049,1.6265089684595586,0.7485437875764888,-0.7149803023664479,2.036006861914174,1.68576474558277,-0.9416747897833104,-0.9589007319312817,1.292363247146201,0.556045895851721,High,2,1,-0.321640436324091,-0.6421543262263428,-0.7944885751276374,0.7260374574039263,-1.0161164170021768,-1.3598474556511049,1.6265089684595586,0.7485437875764869,-0.7149803023664479,2.0360068619141742,1.6857647455827707,-0.9416747897833109,-0.958900731931282,1.2923632471462385,-1.3184880813176272,1.8301690512544988,0.6114319153500704
Point Loma Nazarene College,Yes,809,687,428,20,43,1889,217,10178,4190,800,750,71.0,71,16.1,19,7895,54,-0.6494952132466865,-0.5508055410956569,-0.039622935168092274,-0.2672791173259531,0.02764564004353419,-0.27213504550310685,0.06542124093909871,1.5402401052701242,-0.9696251460136798,-0.2167793357746881,-0.7431090750720101,0.5623716020246939,-0.17422905107118244,-0.16753652209132042,0.8491965389369592,Medium,1,1,-0.649495213246686,-0.5508055410956568,-0.03962293516809216,-0.2672791173259532,0.027645640043532,-0.2721350455031068,0.06542124093909835,1.5402401052701227,-0.9696251460136798,-0.2167793357746878,-0.7431090750720099,0.5623716020246938,-0.17422905107118275,-0.16753652209128297,0.6990232159244758,0.36524832997139145,0.6114319153500704
Point Park College,Yes,875,744,207,7,38,1173,1402,9700,4830,400,1200,45.0,90,14.5,10,7652,66,-0.5724221393685213,-0.46721798501742207,-0.867491952454588,-1.6324792946361477,-0.48429883628608106,0.9637143715302775,-0.056925136704793815,-1.0237043227479306,-0.005344142276702718,-1.608612408481828,0.700405830648109,0.16521236126587632,-1.0747688529439479,-0.2534346357879973,0.8502857142857143,Medium,1,1,-0.5724221393685208,-0.46721798501742196,-0.8674919524545879,-1.6324792946361477,-0.4842988362860832,0.9637143715302776,-0.05692513670479421,-1.0237043227479328,-0.005344142276702737,-1.6086124084818278,0.7004058306481095,0.16521236126587616,-1.0747688529439483,-0.2534346357879598,0.7065191011378404,0.36524832997139145,0.6114319153500704
Polytechnic University,Yes,1132,847,302,58,89,1379,214,16200,4200,436,2486,90.0,90,10.4,14,14329,62,-0.3224892057917833,-0.33221338936992717,-0.42555812825348144,1.5602988573354888,-0.30442258215768775,-0.2805406643010635,1.3580141822243967,-0.716996251782984,1.5331312419927687,1.1764343828889745,0.700405830648109,-0.9416747897833104,-0.6391619317856582,1.2259364835066981,0.7482332155477032,High,2,1,-0.32248920579178286,-0.33221338936992706,-0.4255581282534813,1.5602988573354888,-0.3044225821576899,-0.28054066430106345,1.3580141822243965,-0.7169962517829861,1.5331312419927687,1.1764343828889747,0.7004058306481095,-0.9416747897833109,-0.6391619317856585,1.2259364835067357,0.004176895953400313,1.8301690512544988,0.6114319153500704
Presbyterian College,Yes,1082,832,302,34,63,1133,30,11859,3635,554,1429,80.0,85,13.4,42,8354,85,-0.3659872609886327,-0.35074730294924994,-0.42555812825348144,0.5798146710452374,-0.5237115855717586,-1.3598474556511049,0.46793090089452366,0.15318049621231483,0.3586270324598283,0.4038409378509051,0.26789815935115474,-0.11798738684027212,1.4176039225723627,-0.015818710306040425,0.7689463955637708,Medium,1,1,-0.36598726098863227,-0.35074730294924983,-0.4255581282534813,0.5798146710452373,-0.5237115855717608,-1.3598474556511049,0.4679309008945234,0.15318049621231283,0.3586270324598283,0.40384093785090536,0.26789815935115513,-0.11798738684027234,1.4176039225723627,-0.015818710306002976,0.14672843274834055,0.36524832997139145,0.6114319153500704
Princeton University,Yes,13218,2042,1153,90,98,4540,146,19900,5910,675,1575,91.0,96,8.4,54,28320,99,1.836158552319807,0.553136462852398,0.9512362806414413,2.476581028579491,0.8405327429251394,-0.5070269890180874,1.9995226944559756,0.890904892434695,0.5626979311666032,1.2584840840542526,1.2719213033900254,-1.5443537442451534,2.0636844374922245,2.364133860029139,0.15448630655167198,High,2,1,1.8361585523198074,0.5531364628523981,0.9512362806414414,2.476581028579491,0.8405327429251371,-0.5070269890180873,1.9995226944559756,0.8909048924346932,0.5626979311666032,1.2584840840542528,1.271921303390026,-1.544353744245154,2.0636844374922245,2.364133860029176,-4.082087708466267,1.8301690512544988,0.6114319153500704
Providence College,Yes,5139,3346,973,20,55,3717,1358,14400,6200,450,1100,66.0,74,18.4,35,8135,96,1.052780703453173,1.0271727157430992,0.7920005957636826,-0.2672791173259531,0.6686556516990294,0.9406580736060802,1.010641929781442,-0.6036744589706652,-0.18552421188393892,-0.530852785233515,-0.5503313595284204,1.1068607883955666,0.9955307035299448,-0.08657481159162488,0.651099435687877,Medium,1,1,1.0527807034531735,1.0271727157430992,0.7920005957636828,-0.2672791173259532,0.6686556516990272,0.9406580736060803,1.0106419297814417,-0.6036744589706673,-0.18552421188393894,-0.5308527852335146,-0.5503313595284202,1.1068607883955666,0.9955307035299447,-0.08657481159158743,-0.6643138709389167,0.36524832997139145,0.6114319153500704
Purdue University at West Lafayette,No,21804,18744,5874,29,60,26213,4065,9556,3990,570,1060,86.0,86,18.2,15,8604,67,2.2293710967708535,2.5614573530385267,2.285858746702532,0.3133903214820356,2.0637325954524375,1.7758682952908638,-0.09455557944694047,0.2583754172250177,-0.26199729525327276,0.8569371017481758,0.3512859964873121,1.0606289022256872,-0.5402591781850784,0.061566670358230415,0.8596587782058338,Medium,1,0,2.229371096770854,2.5614573530385267,2.285858746702532,0.3133903214820355,2.0637325954524353,1.7758682952908638,-0.09455557944694087,0.2583754172250157,-0.26199729525327276,0.8569371017481762,0.3512859964873125,1.0606289022256872,-0.5402591781850787,0.061566670358267864,0.7710260800398617,0.36524832997139145,-1.635505074064474
Queens College,Yes,516,392,154,32,62,630,549,11020,4970,610,1900,73.0,75,14.0,36,9315,58,-1.1002405242654993,-1.1522434859738941,-1.2318201571010006,0.47695784935626834,-1.2380123975739465,0.3147321509419722,0.2720743463577268,0.5104873963237899,0.9589665605710901,-0.08499874626512405,-0.4832523787413146,0.03758108271501449,1.0583393926787488,0.26404927881293,0.7596899224806202,Medium,1,1,-1.100240524265499,-1.1522434859738941,-1.2318201571010003,0.4769578493562682,-1.2380123975739488,0.31473215094197227,0.2720743463577265,0.510487396323788,0.9589665605710901,-0.08499874626512376,-0.4832523787413143,0.0375810827150143,1.0583393926787488,0.26404927881296747,0.08302385130403624,0.36524832997139145,0.6114319153500704
Quincy University,Yes,1025,707,297,22,66,1070,72,10100,4140,450,1080,69.0,71,16.3,32,6880,80,-0.418290322605077,-0.5206595665895596,-0.4445572773141128,-0.12368771857670886,-0.5893597921088901,-0.9042522143750537,0.04571793663676078,-0.6036744589706652,-0.22342387932906113,-0.3450470097695861,-0.7431090750720101,0.6108922141841117,0.8013473287828285,-0.5564894940326764,0.6897560975609756,Medium,1,1,-0.41829032260507654,-0.5206595665895595,-0.4445572773141127,-0.12368771857670896,-0.5893597921088923,-0.9042522143750535,0.0457179366367604,-0.6036744589706673,-0.22342387932906116,-0.3450470097695858,-0.7431090750720099,0.6108922141841115,0.8013473287828284,-0.556489494032639,-0.39827231898514,0.36524832997139145,0.6114319153500704
Quinnipiac College,Yes,3712,2153,806,17,45,2677,714,12030,6140,1000,500,63.0,73,12.0,33,8847,86,0.7700245524988808,0.6047147831262061,0.610446949800461,-0.5039903742110078,0.36971291568415954,0.49071532533149576,0.5067250911008173,2.414475888364001,-1.784000288095055,-0.7087308284652433,-0.6159930277260232,-0.4921406487925007,0.8670772597515548,0.1335614173048419,0.580010775862069,Medium,1,1,0.7700245524988812,0.6047147831262062,0.6104469498004611,-0.5039903742110079,0.3697129156841574,0.4907153253314958,0.5067250911008171,2.414475888363999,-1.784000288095055,-0.7087308284652429,-0.6159930277260229,-0.492140648792501,0.8670772597515547,0.13356141730487933,-1.1535578063945393,0.36524832997139145,0.6114319153500704
Radford University,No,5702,4894,1742,15,37,8077,472,6684,4110,500,900,73.0,83,19.6,9,4519,62,1.1417104830886682,1.3814354173124739,1.3215562504069196,-0.6795322253656407,1.2954078348053675,0.2155444559730804,-0.9385971615068625,-0.22262317064607157,-0.5981756735654908,-0.08499874626512405,0.10571998260266878,1.3801793817007506,-1.1963666133652986,-1.9356203877257863,0.858295334970186,Low,0,0,1.1417104830886686,1.3814354173124739,1.3215562504069198,-0.6795322253656408,1.2954078348053653,0.21554445597308045,-0.938597161506863,-0.22262317064607365,-0.5981756735654908,-0.08499874626512376,0.10571998260266914,1.3801793817007506,-1.196366613365299,-1.9356203877257487,0.7616426377860167,-1.099672391311716,-1.635505074064474
Ramapo College of New Jersey,No,2088,957,362,6,29,2745,1938,4449,4860,600,1655,74.0,95,17.8,8,7333,47,0.25279012214057905,-0.2061652344217943,-0.22242011819135957,-1.8031104107042748,0.393328115550868,1.2018988694922428,-1.7813978900657004,0.4488454168127673,0.6670040154756647,-0.017792359075214106,1.1726062411645384,0.9675564808473687,-1.3245972639117196,-0.37274000780121636,0.4583333333333333,Low,0,0,0.2527901221405795,-0.2061652344217942,-0.22242011819135946,-1.8031104107042748,0.39332811555086583,1.2018988694922428,-1.7813978900657013,0.44884541681276535,0.6670040154756647,-0.01779235907521381,1.172606241164539,0.9675564808473687,-1.32459726391172,-0.3727400078011789,-1.9909621263634778,-1.099672391311716,-1.635505074064474
Randolph-Macon College,Yes,1771,1325,306,21,46,1071,27,13840,3735,400,900,77.0,80,10.7,38,11080,74,0.10063519125068598,0.12462703228100323,-0.41061807777626796,-0.19422217291531432,-0.5882812344302871,-1.412112269736272,0.8967929787091409,-1.0237043227479306,-0.5981756735654908,0.18908533721226045,-0.12621201953217973,-0.855404703879397,1.1813122658270099,0.6780789565557067,0.7481648785996612,Medium,1,1,0.10063519125068644,0.12462703228100333,-0.41061807777626785,-0.1942221729153144,-0.5882812344302893,-1.412112269736272,0.8967929787091408,-1.0237043227479328,-0.5981756735654908,0.18908533721226076,-0.12621201953217942,-0.8554047038793975,1.1813122658270099,0.6780789565557441,0.0037065897543664796,0.36524832997139145,0.6114319153500704
Randolph-Macon Woman's College,Yes,696,616,169,35,66,653,56,13970,6110,370,920,88.0,97,9.2,24,16358,68,-0.7986181629390051,-0.6659439274320826,-1.115547391645249,0.6295768701744451,-1.1916807368489486,-1.039022654354236,0.9234876986391474,-1.2983145927953708,-0.5531748877424094,1.0149446356388536,1.3728847638717647,-1.297108043156858,0.2322748898408057,1.4803653543119204,0.8850574712643678,Medium,1,1,-0.7986181629390047,-0.6659439274320825,-1.1155473916452487,0.629576870174445,-1.1916807368489508,-1.039022654354236,0.9234876986391473,-1.298314592795373,-0.5531748877424094,1.0149446356388538,1.3728847638717654,-1.2971080431568585,0.23227488984080544,1.480365354311958,0.9458240939261132,0.36524832997139145,0.6114319153500704
Reed College,Yes,1966,1436,327,47,80,1199,61,19960,5490,500,450,90.0,90,11.8,37,15886,68,0.197374015584676,0.2052913922236929,-0.33571066713993086,1.1577515980780555,-0.4595492997453388,-0.9935289671254642,2.009252471432994,-0.22262317064607157,-1.9930056256937965,1.1764343828889745,0.700405830648109,-0.5469725995435838,1.120254670067823,1.4256365037814527,0.7304170905391658,High,2,1,0.19737401558467643,0.20529139222369297,-0.33571066713993075,1.1577515980780555,-0.459549299745341,-0.9935289671254641,2.009252471432994,-0.22262317064607365,-1.9930056256937965,1.1764343828889747,0.7004058306481095,-0.5469725995435841,1.120254670067823,1.4256365037814902,-0.11843662827260766,1.8301690512544988,0.6114319153500704
Regis College,Yes,427,385,143,18,38,581,533,12700,5800,450,700,81.0,85,10.3,37,11758,84,-1.2945727434754684,-1.171942700798295,-1.3257186060566588,-0.42188701698591335,-1.3439857631230874,0.2952044800866554,0.655333910712897,-0.6036744589706652,-1.109331268357997,0.4771746426778103,0.26789815935115474,-0.9706500139500978,1.120254670067823,0.8113024550901266,0.9016393442622951,Medium,1,1,-1.294572743475468,-1.171942700798295,-1.3257186060566586,-0.42188701698591347,-1.3439857631230896,0.29520448008665545,0.6553339107128968,-0.6036744589706673,-1.109331268357997,0.47717464267781057,0.26789815935115513,-0.9706500139500982,1.120254670067823,0.811302455090164,1.0599432913144153,0.36524832997139145,0.6114319153500704
Rensselaer Polytechnic Institute,Yes,4996,4165,936,53,82,4291,16,17475,5976,1230,1100,94.0,98,15.4,21,15605,70,1.0285203692675846,1.2322851056172366,0.7550472667387147,1.385007259754036,0.7928217656654211,-1.6638982114824246,1.5890078369190097,3.247808892872639,-0.18552421188393892,1.509847796090948,1.4755065650850636,0.3906351739622576,-0.005802574972423054,1.3918592217630823,0.8336669335468375,High,2,1,1.028520369267585,1.2322851056172366,0.7550472667387148,1.385007259754036,0.7928217656654188,-1.6638982114824246,1.5890078369190097,3.2478088928726376,-0.18552421188393894,1.5098477960909482,1.4755065650850643,0.3906351739622575,-0.005802574972423321,1.3918592217631198,0.5921458985611556,1.8301690512544988,0.6114319153500704
Rhodes College,Yes,2302,1831,391,58,82,1345,59,15200,4768,550,1500,90.0,96,10.8,47,13388,77,0.342073221188544,0.44626978046781773,-0.13772653662048037,1.5602988573354888,-0.3317618170646874,-1.0113072786059736,1.1683525781431903,0.12646725882300056,0.4602273976750806,1.1764343828889745,1.2719213033900254,-0.8268617687914147,1.6971320500032134,1.0883662414308986,0.7953953084274544,Medium,1,1,0.34207322118854444,0.44626978046781784,-0.13772653662048026,1.5602988573354888,-0.33176181706468955,-1.0113072786059736,1.16835257814319,0.12646725882299856,0.4602273976750806,1.1764343828889747,1.271921303390026,-0.8268617687914152,1.6971320500032134,1.088366241430936,0.3287542333423998,0.36524832997139145,0.6114319153500704
Rider University,Yes,3586,2424,730,16,31,2748,1309,13250,5420,700,3100,84.0,92,12.3,23,11299,70,0.7396018592545934,0.719564555349196,0.512837236706981,-0.5897369692550372,0.394353488671557,0.914174037860139,0.7735277122919529,1.0287304144592622,2.0102082551361864,0.7024150564455859,0.8844513618593768,-0.4105671795649674,0.15468771075919893,0.7224448308684442,0.6759620747350809,Medium,1,1,0.7396018592545939,0.7195645553491961,0.5128372367069811,-0.5897369692550373,0.39435348867155484,0.9141740378601391,0.7735277122919528,1.0287304144592604,2.0102082551361864,0.7024150564455862,0.8844513618593772,-0.41056717956496774,0.15468771075919868,0.7224448308684817,-0.4932050695763304,0.36524832997139145,0.6114319153500704
Ripon College,Yes,587,501,211,28,52,735,28,15200,4100,350,650,87.0,90,9.4,49,12472,64,-0.9694720962752764,-0.8864117334877933,-0.8444788061575321,0.2560970954071895,-1.041394790986789,-1.3941322364265463,1.1683525781431903,-1.4924117130767802,-1.2588748045880092,0.9355053891588669,0.700405830648109,-1.2366468625543843,1.8045989566129816,0.9394710277072112,0.8534923339011925,Medium,1,1,-0.969472096275276,-0.8864117334877932,-0.844478806157532,0.2560970954071894,-1.0413947909867913,-1.3941322364265463,1.16835257814319,-1.4924117130767824,-1.2588748045880092,0.9355053891588673,0.7004058306481095,-1.2366468625543847,1.8045989566129816,0.9394710277072487,0.7285875886297962,0.36524832997139145,0.6114319153500704
Rivier College,Yes,484,386,141,6,28,590,1196,9870,4860,600,1100,59.0,59,12.2,19,6744,81,-1.1656497521349887,-1.169105208799565,-1.343685336639981,-1.8031104107042748,-1.3237217536320107,0.849511783264454,-0.012968919969066137,0.4488454168127673,-0.18552421188393892,-0.9335433168574541,-1.3928032882186436,-0.4376697884463484,-0.17422905107118244,-0.6153058447163986,0.7975206611570248,Medium,1,1,-1.1656497521349882,-1.169105208799565,-1.3436853366399808,-1.8031104107042748,-1.323721753632013,0.8495117832644541,-0.012968919969066522,0.44884541681276535,-0.18552421188393894,-0.9335433168574537,-1.3928032882186434,-0.43766978844634874,-0.17422905107118275,-0.6153058447163612,0.34338126297264276,0.36524832997139145,0.6114319153500704
Roanoke College,Yes,2227,1790,437,27,54,1460,239,13425,4425,450,1200,85.0,89,13.0,26,9405,72,0.3118368055416334,0.42398015919653065,-0.01723488459552434,0.1972742770918786,-0.24247587695737888,-0.21351519250442805,0.8104586095684444,-0.6036744589706652,-0.005344142276702718,0.7792401852307248,0.6107698796775962,-0.22323711250244924,0.38265991480354933,0.2879992729550742,0.8037718904355635,Medium,1,1,0.31183680554163384,0.42398015919653076,-0.017234884595524226,0.19727427709187853,-0.24247587695738107,-0.213515192504428,0.8104586095684443,-0.6036744589706673,-0.005344142276702737,0.7792401852307251,0.6107698796775967,-0.2232371125024495,0.3826599148035491,0.2879992729551117,0.3864032586209189,0.36524832997139145,0.6114319153500704
Rockhurst College,Yes,935,858,345,22,50,1127,754,9490,4100,500,1500,60.0,79,10.7,21,7519,79,-0.5075934638375698,-0.3188433356258999,-0.27579059947780343,-0.12368771857670886,-0.5297697857333046,0.5277851765730228,-0.1119272082404444,-0.22262317064607157,0.4602273976750806,-0.8786660394374439,-0.2005425892756753,-0.855404703879397,-0.005802574972423054,-0.30223568442977133,0.9176470588235294,Medium,1,1,-0.5075934638375693,-0.3188433356258998,-0.2757905994778033,-0.12368771857670896,-0.5297697857333068,0.5277851765730229,-0.1119272082404448,-0.22262317064607365,0.4602273976750806,-0.8786660394374436,-0.200542589275675,-0.8554047038793975,-0.005802574972423321,-0.30223568442973386,1.1701110352102613,0.36524832997139145,0.6114319153500704
Rocky Mountain College,Yes,560,392,270,11,31,743,118,8734,3362,600,625,56.0,78,11.3,27,6422,68,-1.0170903895069638,-1.1522434859738941,-0.5539563679578331,-1.0904651799155018,-1.027835517893975,-0.629548416569673,-0.3168161026175874,0.4488454168127673,-1.33780139681234,-1.0928632564596537,-0.273401038284349,-0.6856894063241084,0.45563871675750844,-0.7620792735547072,0.7,Low,0,1,-1.0170903895069634,-1.1522434859738941,-0.553956367957833,-1.0904651799155018,-1.0278355178939773,-0.6295484165696729,-0.31681610261758786,0.44884541681276535,-1.33780139681234,-1.0928632564596534,-0.2734010382843487,-0.6856894063241087,0.4556387167575082,-0.7620792735546698,-0.327772085108565,-1.099672391311716,0.6114319153500704
Roger Williams University,Yes,3304,2804,679,10,20,2111,1489,12520,6050,500,730,44.0,54,16.4,8,7957,61,0.6671339825638906,0.8593726270600107,0.44051741375462855,-1.2101701573606454,0.13951931470844922,1.0074417511543372,0.6159244637829437,-0.22262317064607157,-1.0244122237328346,-1.6501454700619755,-1.6095128438728132,0.6350639812933067,-1.3245972639117196,-0.14626434182335762,0.8486682808716707,Medium,1,1,0.667133982563891,0.8593726270600108,0.44051741375462866,-1.2101701573606454,0.13951931470844703,1.0074417511543372,0.6159244637829435,-0.22262317064607365,-1.0244122237328346,-1.6501454700619753,-1.609512843872813,0.6350639812933065,-1.32459726391172,-0.14626434182332018,0.6953876563931634,0.36524832997139145,0.6114319153500704
Rollins College,Yes,1777,1151,382,31,55,1668,1052,16425,5220,955,750,81.0,85,13.3,23,11561,90,0.10377929999508823,-0.017601530759254417,-0.1632140228596711,0.4237419326421896,-0.10091110979476524,0.7585958532248962,1.3996230198407376,2.232064738286049,-0.9696251460136798,0.4771746426778103,0.26789815935115474,-0.14418170109309456,0.15468771075919893,0.7738259607881035,0.6477208778840743,High,2,1,0.10377929999508868,-0.017601530759254323,-0.163214022859671,0.4237419326421895,-0.10091110979476743,0.7585958532248963,1.3996230198407373,2.2320647382860472,-0.9696251460136798,0.47717464267781057,0.26789815935115513,-0.14418170109309478,0.15468771075919868,0.7738259607881409,-0.687565665531008,1.8301690512544988,0.6114319153500704
Rosary College,Yes,434,321,141,28,53,624,269,10950,4600,550,950,79.0,82,12.9,30,9264,81,-1.27777410872646,-1.3720644700189726,-1.343685336639981,0.2560970954071895,-1.2504390196595148,-0.14098107357674963,0.25529727000593083,0.12646725882300056,-0.4873892780078052,0.3313811845790514,0.026908565600263796,-0.24974921824366134,0.6666429698449552,0.25032005011862873,0.7396313364055299,Medium,1,1,-1.2777741087264596,-1.3720644700189726,-1.3436853366399808,0.2560970954071894,-1.250439019659517,-0.14098107357674958,0.2552972700059305,0.12646725882299856,-0.4873892780078052,0.3313811845790517,0.026908565600264143,-0.24974921824366159,0.6666429698449551,0.2503200501186662,-0.05502266153076896,0.36524832997139145,0.6114319153500704
Rowan College of New Jersey,No,3820,1431,695,21,70,5303,3942,4356,4830,800,800,76.0,81,22.1,6,7252,51,0.7952307798847783,0.20180326539759508,0.4638622613130599,-0.19422217291531432,0.96891357334264,1.7512312847985538,-1.8219988843252974,1.5402401052701242,-0.8385145305308968,0.11925016044057488,-0.05039854408423131,1.9291335606921167,-1.6060058276198164,-0.4043039662685996,0.37460732984293194,Low,0,0,0.7952307798847787,0.20180326539759516,0.46386226131306,-0.1942221729153144,0.9689135733426378,1.7512312847985538,-1.8219988843252983,1.5402401052701227,-0.8385145305308968,0.11925016044057517,-0.05039854408423098,1.929133560692117,-1.6060058276198168,-0.40430396626856213,-2.5671783547744145,-1.099672391311716,-1.635505074064474
Rutgers at New Brunswick,No,48094,26330,4520,36,79,21401,3712,7410,4748,690,2009,90.0,95,19.5,19,10474,77,2.8216900664092597,2.8433208949758453,2.0928681067197212,0.678301268324476,1.9451195304164057,1.7032387174219117,-0.7056793869707767,0.9741246423110078,1.077496425599869,1.1764343828889745,1.1726062411645384,1.3576610888102838,-0.17422905107118244,0.5480024364493522,0.5474695388198112,Low,0,0,2.82169006640926,2.8433208949758453,2.0928681067197212,0.6783012683244759,1.9451195304164035,1.7032387174219117,-0.7056793869707771,0.974124642311006,1.077496425599869,1.1764343828889747,1.172606241164539,1.3576610888102838,-0.17422905107118275,0.5480024364493896,-1.3775119914102576,-1.099672391311716,-1.635505074064474
Rutgers State University at Camden,No,3366,1752,232,27,79,2585,1300,7411,4748,690,2009,90.0,95,18.6,12,10134,57,0.6836222657387303,0.4028289927272225,-0.7313854223451042,0.1972742770918786,0.3365718869474185,0.9092125499211005,-0.7053691225725994,0.9741246423110078,1.077496425599869,1.1764343828889745,1.1726062411645384,1.1528938948554421,-0.8480459248697001,0.46986749171294295,0.5204991087344029,Low,0,0,0.6836222657387307,0.4028289927272226,-0.7313854223451041,0.19727427709187853,0.33657188694741635,0.9092125499211006,-0.7053691225725999,0.974124642311006,1.077496425599869,1.1764343828889747,1.172606241164539,1.1528938948554421,-0.8480459248697004,0.4698674917129804,-1.563126959933346,-1.099672391311716,-1.635505074064474
Rutgers State University at Newark,No,5785,2690,499,26,62,4005,1886,7410,4748,690,2009,90.0,95,17.4,16,11878,58,1.1540182344431626,0.8196670989548317,0.12383566741242324,0.13682203138818058,0.7336702925798017,1.181600025024671,-0.7056793869707767,0.9741246423110078,1.077496425599869,1.1764343828889745,1.1726062411645384,0.8736511761798803,-0.44458151258091694,0.8336639361195515,0.46499567847882456,Low,0,0,1.154018234443163,0.8196670989548318,0.12383566741242336,0.1368220313881805,0.7336702925797994,1.181600025024671,-0.7056793869707771,0.974124642311006,1.077496425599869,1.1764343828889747,1.172606241164539,0.8736511761798803,-0.44458151258091727,0.8336639361195889,-1.9451107632018887,-1.099672391311716,-1.635505074064474
Sacred Heart University,Yes,2307,1896,509,19,51,1707,1889,11070,5780,400,600,71.0,73,14.8,16,7120,82,0.34405120979834586,0.48053661495156086,0.14468851576959385,-0.3430819714331799,-0.07676448055721619,1.182784766119111,0.28401522812197144,-1.0237043227479306,-1.419790908781924,-0.2167793357746881,-0.6159930277260232,0.2409539322252467,-0.44458151258091694,-0.45691277798715246,0.8218465539661899,Medium,1,1,0.3440512097983463,0.48053661495156097,0.14468851576959396,-0.34308197143318003,-0.07676448055721838,1.182784766119111,0.2840152281219711,-1.0237043227479328,-1.419790908781924,-0.2167793357746878,-0.6159930277260229,0.24095393222524655,-0.44458151258091727,-0.456912777987115,0.5107960877926615,0.36524832997139145,0.6114319153500704
Saint Ambrose University,Yes,897,718,276,12,48,1345,390,10450,4020,500,1500,56.0,56,14.1,16,7444,70,-0.54811198207246,-0.5044651832932455,-0.5285868462100607,-0.9785370964802453,-0.3317618170646874,0.09235249997478302,0.13336534813134787,-0.22262317064607157,0.4602273976750806,-1.0928632564596537,-1.526458347733091,0.06325006563784952,-0.44458151258091694,-0.33034083239849754,0.8004459308807135,Medium,1,1,-0.5481119820724596,-0.5044651832932454,-0.5285868462100606,-0.9785370964802454,-0.33176181706468955,0.09235249997478309,0.1333653481313475,-0.22262317064607365,0.4602273976750806,-1.0928632564596534,-1.5264583477330909,0.06325006563784934,-0.44458151258091727,-0.33034083239846007,0.3635134538930159,0.36524832997139145,0.6114319153500704
Saint Anselm College,Yes,2095,1553,514,15,40,1873,94,12950,5400,450,1120,70.0,82,14.5,29,6719,97,0.25586346032573787,0.2834036266997208,0.15493856031942396,-0.6795322253656407,0.01896827969516219,-0.7576282802236347,0.7094661597022409,-0.6036744589706652,-0.14827459064182857,-0.28135254105451407,0.026908565600263796,0.16521236126587632,0.5975616518085038,-0.6263151864810171,0.7412887828162291,Medium,1,1,0.2558634603257383,0.2834036266997209,0.15493856031942407,-0.6795322253656408,0.01896827969516,-0.7576282802236346,0.7094661597022407,-0.6036744589706673,-0.1482745906418286,-0.2813525410545138,0.026908565600264143,0.16521236126587616,0.5975616518085037,-0.6263151864809797,-0.04361584071343675,0.36524832997139145,0.6114319153500704
Saint Cloud State University,No,3971,3306,1921,10,34,11493,2206,4259,2625,350,1884,70.0,75,18.9,10,4629,58,0.8292176497028462,1.0158171518046468,1.405957397949604,-1.2101701573606454,1.5467926661383595,1.2993052759402672,-1.8649564797068328,-1.4924117130767802,0.9410254849406092,-0.28135254105451407,-0.4832523787413146,1.2215773371973018,-1.0747688529439479,-1.848185081635782,0.8325358851674641,Low,0,0,0.8292176497028466,1.0158171518046468,1.4059573979496043,-1.2101701573606454,1.5467926661383573,1.2993052759402672,-1.8649564797068336,-1.4924117130767824,0.9410254849406092,-0.2813525410545138,-0.4832523787413143,1.2215773371973018,-1.0747688529439483,-1.8481850816357446,0.584361836213219,-1.099672391311716,-1.635505074064474
Saint Francis College IN,Yes,213,166,85,13,36,513,247,8670,3820,450,1000,43.0,78,12.5,4,7440,48,-2.032477475441588,-2.119174231422313,-2.0156531867786365,-0.8732912125649614,-1.510621188763936,-0.19340245884724305,-0.3346873648946749,-0.6036744589706652,-0.38201766038027757,-1.690782951678961,-0.273401038284349,-0.3566226047221888,-1.9343125782540076,-0.3318519234842853,0.7793427230046949,Low,0,1,-2.0324774754415875,-2.119174231422313,-2.0156531867786365,-0.8732912125649616,-1.5106211887639382,-0.193402458847243,-0.3346873648946753,-0.6036744589706673,-0.38201766038027757,-1.6907829516789608,-0.2734010382843487,-0.3566226047221891,-1.934312578254008,-0.33185192348424786,0.2182776807429757,-1.099672391311716,0.6114319153500704
Saint Francis College,Yes,1046,824,284,21,45,1223,451,10880,5050,400,1235,64.0,64,19.3,24,7344,69,-0.3986652024503078,-0.36077857835039234,-0.4957327941422845,-0.19422217291531432,-0.4372777178754938,0.1859567719083836,0.2384497079493868,-1.0237043227479306,0.05435659961051839,-0.6503199235272579,-1.145029901800911,1.3124867024371512,0.2322748898408057,-0.36849461647185444,0.7877629063097514,Medium,1,1,-0.39866520245030734,-0.36077857835039223,-0.4957327941422844,-0.1942221729153144,-0.43727771787549596,0.18595677190838367,0.23844970794938647,-1.0237043227479328,0.05435659961051837,-0.6503199235272575,-1.1450299018009107,1.3124867024371512,0.23227488984080544,-0.36849461647181697,0.27622677737129686,0.36524832997139145,0.6114319153500704
Saint John's University,Yes,933,800,444,18,45,1691,72,12247,4081,500,600,76.0,85,12.0,38,9853,70,-0.5096815545287182,-0.3915085000990355,-0.00018637152337155324,-0.42188701698591335,-0.08658857464835855,-0.9042522143750537,0.555437964369745,-0.22262317064607157,-1.419790908781924,0.11925016044057488,0.26789815935115474,-0.4921406487925007,1.1813122658270099,0.4022035718518213,0.857449088960343,Medium,1,1,-0.5096815545287178,-0.3915085000990354,-0.00018637152337143894,-0.42188701698591347,-0.08658857464836074,-0.9042522143750535,0.5554379643697448,-0.22262317064607365,-1.419790908781924,0.11925016044057517,0.26789815935115513,-0.492140648792501,1.1813122658270099,0.4022035718518588,0.7558186325335098,0.36524832997139145,0.6114319153500704
Saint Joseph's College IN,Yes,920,684,225,24,42,815,222,11200,4250,600,950,55.0,60,14.8,19,7360,67,-0.5233724833361058,-0.5554081812275627,-0.7677245789965299,0.01057495289120002,-0.9132921305917904,-0.2583560752463241,0.31489688371580865,0.4488454168127673,-0.4873892780078052,-1.1441971717488406,-1.3457825326608568,0.2409539322252467,-0.17422905107118244,-0.36233681761524233,0.7434782608695653,Medium,1,1,-0.5233724833361053,-0.5554081812275626,-0.7677245789965298,0.010574952891199925,-0.9132921305917926,-0.25835607524632404,0.3148968837158083,0.44884541681276535,-0.4873892780078052,-1.1441971717488404,-1.3457825326608566,0.24095393222524655,-0.17422905107118275,-0.36233681761520486,-0.028547489980244253,0.36524832997139145,0.6114319153500704
Saint Joseph's College,Yes,833,682,217,12,33,716,2196,9985,5180,500,800,53.0,89,27.2,8,4322,85,-0.6207117546705746,-0.5584886046778492,-0.8108858447267193,-0.9785370964802453,-1.0743325352823323,1.2958677289209581,0.01648533072598433,-0.22262317064607157,-0.8385145305308968,-1.2442020010279624,0.6107698796775962,2.977780467624583,-1.3245972639117196,-2.1006310546149596,0.8187274909963985,Medium,1,1,-0.6207117546705742,-0.5584886046778491,-0.8108858447267192,-0.9785370964802454,-1.0743325352823345,1.2958677289209581,0.016485330725983953,-0.22262317064607365,-0.8385145305308968,-1.2442020010279622,0.6107698796775967,2.9777804676245836,-1.32459726391172,-2.1006310546149223,0.4893301796434037,0.36524832997139145,0.6114319153500704
Saint Joseph's University,Yes,2519,2003,776,39,71,2473,1314,12750,6350,350,1690,84.0,90,17.4,13,8243,83,0.42392994423434677,0.5342997678847976,0.573237803335854,0.8187257600747313,0.2942293699814008,0.9169171265401416,0.6662159032815859,-1.4924117130767802,0.7111370658639422,0.7024150564455859,0.700405830648109,0.8736511761798803,-0.7416251041701869,-0.05132239684086668,0.7951568082572449,Medium,1,1,0.4239299442343472,0.5342997678847977,0.5732378033358541,0.8187257600747312,0.29422936998139865,0.9169171265401417,0.6662159032815856,-1.4924117130767824,0.7111370658639422,0.7024150564455862,0.7004058306481095,0.8736511761798803,-0.7416251041701872,-0.05132239684082923,0.32711283565441307,0.36524832997139145,0.6114319153500704
Saint Joseph College,Yes,292,241,96,20,52,543,712,12200,4600,650,950,87.0,90,11.2,32,8680,76,-1.6930342199519555,-1.6926817977069872,-1.8492931626921358,-0.2672791173259531,-1.4339723393942885,0.4888130152117827,0.5449355687024039,0.7485437875764888,-0.4873892780078052,0.9355053891588669,0.700405830648109,-0.7137225520718277,0.8013473287828285,0.08441427139029314,0.8253424657534246,Medium,1,1,-1.693034219951955,-1.6926817977069872,-1.8492931626921356,-0.2672791173259532,-1.4339723393942907,0.4888130152117828,0.5449355687024037,0.7485437875764869,-0.4873892780078052,0.9355053891588673,0.7004058306481095,-0.713722552071828,0.8013473287828284,0.08441427139033059,0.5348555319428732,0.36524832997139145,0.6114319153500704
Saint Louis University,Yes,3294,2855,956,44,67,4576,1140,11690,4730,800,6800,84.0,94,4.6,19,18367,67,0.6644434699491368,0.8765806922742441,0.7752269042437834,1.036004475647191,0.8471662613376127,0.8153949768289366,0.4292283020712403,1.5402401052701242,3.7500997504744467,0.7024150564455859,1.074929591154588,-2.8791929715864857,-0.17422905107118244,1.68878479649919,0.8667273831208258,Medium,1,1,0.6644434699491373,0.8765806922742442,0.7752269042437835,1.036004475647191,0.8471662613376105,0.8153949768289367,0.42922830207124,1.5402401052701227,3.7500997504744467,0.7024150564455862,1.0749295911545886,-2.879192971586486,-0.17422905107118275,1.6887847964992275,0.8196733902475037,0.36524832997139145,0.6114319153500704
Saint Mary's College,Yes,888,734,393,26,60,1433,27,12730,4514,500,1525,74.0,95,9.9,31,11165,98,-0.5579787679835779,-0.48137681023063356,-0.13215447141175263,0.13682203138818058,-0.2626490304904502,-1.412112269736272,0.6618664705503462,-0.22262317064607157,0.49491554103953467,-0.017792359075214106,1.1726062411645384,-1.0876837395145045,0.7345530092783118,0.6954564350787268,0.8265765765765766,Medium,1,1,-0.5579787679835775,-0.48137681023063345,-0.13215447141175252,0.1368220313881805,-0.26264903049045235,-1.412112269736272,0.661866470550346,-0.22262317064607365,0.49491554103953467,-0.01779235907521381,1.172606241164539,-1.087683739514505,0.7345530092783117,0.6954564350787642,0.5433488871050989,0.36524832997139145,0.6114319153500704
Saint Mary's College of Minnesota,Yes,876,802,367,14,35,1263,118,10800,3600,400,820,68.0,74,18.8,19,5081,78,-0.5713029495217765,-0.3889102949641852,-0.20727114303799204,-0.7738575489017414,-0.40131801788205634,-0.629548416569673,0.2191080763892683,-1.0237043227479306,-0.7882425043501256,-0.4078622247453497,-0.5503313595284204,1.1987312000753494,-0.17422905107118244,-1.5197629831148176,0.9155251141552512,Medium,1,1,-0.5713029495217761,-0.3889102949641851,-0.20727114303799193,-0.7738575489017415,-0.4013180178820585,-0.6295484165696729,0.21910807638926796,-1.0237043227479328,-0.7882425043501256,-0.40786222474534944,-0.5503313595284202,1.1987312000753494,-0.17422905107118275,-1.51976298311478,1.1555074604225057,0.36524832997139145,0.6114319153500704
Saint Mary-of-the-Woods College,Yes,150,130,88,23,50,341,768,10300,4130,500,1700,44.0,58,10.2,37,9678,75,-2.419277816339288,-2.4047785269377204,-1.9679220252382168,-0.05547969999806644,-2.0904705373771097,0.5403408965494384,0.09604161765176664,-0.22262317064607157,0.7235868128126894,-1.6501454700619755,-1.4385813164973549,-0.9997369699971465,1.120254670067823,0.3585547969509978,0.8666666666666667,Medium,1,1,-2.4192778163392874,-2.4047785269377204,-1.9679220252382166,-0.05547969999806654,-2.090470537377112,0.5403408965494385,0.09604161765176629,-0.22262317064607365,0.7235868128126894,-1.6501454700619753,-1.4385813164973547,-0.9997369699971469,1.120254670067823,0.35855479695103526,0.8192555295499961,0.36524832997139145,0.6114319153500704
Saint Michael's College,Yes,1910,1380,463,16,64,1715,106,13030,5860,500,750,79.0,88,14.5,34,10190,84,0.17068668368022974,0.16546231276619364,0.04456911962670303,-0.5897369692550372,-0.07189445606424068,-0.690308038670553,0.7266435960403239,-0.22262317064607157,-0.9696251460136798,0.3313811845790514,0.5227114720482265,0.16521236126587632,0.931790342010479,0.48301034168064366,0.7225130890052356,Medium,1,1,0.17068668368023018,0.16546231276619372,0.04456911962670314,-0.5897369692550373,-0.07189445606424287,-0.6903080386705529,0.7266435960403237,-0.22262317064607365,-0.9696251460136798,0.3313811845790517,0.522711472048227,0.16521236126587616,0.9317903420104788,0.48301034168068113,-0.17283327642693722,0.36524832997139145,0.6114319153500704
Saint Olaf College,Yes,2248,1673,745,38,73,2888,105,14350,3750,550,550,82.0,88,10.0,31,12502,83,0.32041202423756826,0.35724331511232615,0.5330041672694754,0.7728313953160668,0.4407404931938989,-0.6956478250912711,1.000596176092271,0.12646725882300056,-1.594008814109165,0.5513818552357662,0.5227114720482265,-1.0582522448354243,0.7345530092783118,0.9446101792216243,0.7442170818505338,Medium,1,1,0.3204120242375687,0.35724331511232627,0.5330041672694755,0.7728313953160667,0.44074049319389674,-0.695647825091271,1.0005961760922708,0.12646725882299856,-1.594008814109165,0.5513818552357665,0.522711472048227,-1.0582522448354248,0.7345530092783117,0.9446101792216617,-0.023462801575483878,0.36524832997139145,0.6114319153500704
Saint Peter's College,Yes,1606,1413,530,23,38,1921,1154,9408,5520,500,450,78.0,78,12.1,22,7669,53,0.00937802939069698,0.1891373202294539,0.18698199636161553,-0.05547969999806644,0.044734462902095644,0.8240637163418802,-0.1336208706292932,-0.22262317064607157,-1.9930056256937965,0.259795832499163,-0.273401038284349,-0.46486060496924364,0.07536745536606099,-0.2472902848699802,0.8798256537982565,Medium,1,1,0.009378029390697437,0.18913732022945398,0.18698199636161564,-0.05547969999806654,0.04473446290209345,0.8240637163418804,-0.13362087062929362,-0.22262317064607365,-1.9930056256937965,0.25979583249916327,-0.2734010382843487,-0.464860604969244,0.07536745536606074,-0.24729028486994276,0.9098178592752171,0.36524832997139145,0.6114319153500704
Saint Vincent College,Yes,700,595,278,19,35,1035,182,10850,3936,500,900,62.0,64,12.3,31,8534,88,-0.7929073192117374,-0.7027335210730281,-0.5202713457980236,-0.3430819714331799,-0.6279030075687219,-0.37750627343460375,0.23120756093044995,-0.22262317064607157,-0.5981756735654908,-0.7662592027979903,-1.145029901800911,-0.4105671795649674,0.7345530092783118,0.040248305664160676,0.85,Medium,1,1,-0.792907319211737,-0.702733521073028,-0.5202713457980235,-0.34308197143318003,-0.6279030075687241,-0.3775062734346037,0.2312075609304496,-0.22262317064607365,-0.5981756735654908,-0.76625920279799,-1.1450299018009107,-0.41056717956496774,0.7345530092783117,0.040248305664198125,0.7045527680841398,0.36524832997139145,0.6114319153500704
Saint Xavier University,Yes,785,647,295,15,65,1670,726,10860,4624,600,794,87.0,100,13.7,15,8953,55,-0.6792112112865334,-0.6140149340656905,-0.4522604490288969,-0.6795322253656407,-0.09965613519756876,0.50202916277101,0.23362306745179137,0.4488454168127673,-0.8538294472343074,0.9355053891588669,1.68576474558277,-0.03986551937032104,-0.5402591781850784,0.16402740180336575,0.824203821656051,Medium,1,1,-0.679211211286533,-0.6140149340656904,-0.4522604490288968,-0.6795322253656408,-0.09965613519757095,0.5020291627710101,0.23362306745179104,0.44884541681276535,-0.8538294472343074,0.9355053891588673,1.6857647455827707,-0.03986551937032124,-0.5402591781850787,0.1640274018034032,0.52701919460514,0.36524832997139145,0.6114319153500704
Salem-Teikyo University,Yes,489,384,120,23,52,700,45,10575,3952,400,620,46.0,24,13.0,9,8946,98,-1.1551284084778943,-1.1747880770089658,-1.5521840637480726,-0.05547969999806644,-1.102907472840233,-1.1536513012220255,0.1642009578727121,-1.0237043227479306,-1.3539465681552665,-1.5661845895855535,-2.349546229570565,-0.22323711250244924,-1.1963666133652986,0.16203252184703815,0.7852760736196319,Medium,1,1,-1.1551284084778939,-1.1747880770089658,-1.5521840637480724,-0.05547969999806654,-1.1029074728402353,-1.1536513012220255,0.16420095787271174,-1.0237043227479328,-1.3539465681552665,-1.5661845895855533,-2.349546229570565,-0.2232371125024495,-1.196366613365299,0.1620325218470756,0.2591119827596806,0.36524832997139145,0.6114319153500704
Salem College,Yes,335,284,132,28,69,534,216,10475,6300,500,2000,68.0,68,11.2,46,9599,60,-1.5476905064513402,-1.508278860128063,-1.428339350389235,0.2560970954071895,-1.4564138434919887,-0.2749251961638065,0.13955174496685022,-0.22262317064607157,1.0679442535532966,-0.4078622247453497,-0.9234340703527073,-0.7137225520718277,1.6425081021362922,0.3384532051652649,0.8477611940298507,Medium,1,1,-1.5476905064513398,-1.508278860128063,-1.4283393503892348,0.2560970954071894,-1.4564138434919909,-0.27492519616380645,0.13955174496684986,-0.22262317064607365,1.0679442535532966,-0.40786222474534944,-0.9234340703527071,-0.713722552071828,1.6425081021362922,0.33845320516530236,0.689144934454398,0.36524832997139145,0.6114319153500704
Salisbury State University,No,4216,2290,736,20,52,4296,1027,5130,4690,600,1450,73.0,75,17.9,18,5125,56,0.8815111541486989,0.6645914484645584,0.5209608417663012,-0.2672791173259531,0.7938127680902375,0.7416770057800262,-1.4998235616664484,0.4488454168127673,0.38916914456285195,-0.08499874626512405,-0.4832523787413146,0.9909016514258804,-0.2617966749661709,-1.49017716719864,0.543168880455408,Low,0,0,0.8815111541486993,0.6645914484645585,0.5209608417663013,-0.2672791173259532,0.7938127680902353,0.7416770057800263,-1.499823561666449,0.44884541681276535,0.38916914456285195,-0.08499874626512376,-0.4832523787413143,0.9909016514258804,-0.2617966749661712,-1.4901771671986024,-1.4071098348413542,-1.099672391311716,-1.635505074064474
San Diego State University,No,9402,7020,2151,20,70,16407,5550,8384,5110,612,2400,87.0,93,19.5,7,7930,41,1.5600181323915931,1.7091431492118563,1.5019783308030736,-0.2672791173259531,1.7814971536518538,2.0297398072140886,-0.415624631454069,0.5227097062008732,1.4575084638658027,0.9355053891588669,0.9788813231015295,1.3576610888102838,-1.4606269881872134,-0.1554967921540226,0.7466496490108487,Low,0,0,1.5600181323915936,1.7091431492118563,1.5019783308030739,-0.2672791173259532,1.7814971536518516,2.0297398072140886,-0.4156246314540695,0.5227097062008713,1.4575084638658027,0.9355053891588673,0.97888132310153,1.3576610888102838,-1.4606269881872138,-0.15549679215398515,-0.006721471331127218,-1.099672391311716,-1.635505074064474
Santa Clara University,Yes,4019,2779,888,40,73,3891,128,13584,5928,630,1278,88.0,92,13.9,19,10872,100,0.839731230020277,0.8508147696913647,0.7045164277283703,0.8637602612893264,0.7086387040550531,-0.583038533058474,0.8437402068980216,0.6311670248859246,0.12553741756504289,1.0149446356388536,0.8844513618593768,0.011839314538266496,-0.17422905107118244,0.6346827992133506,0.6914655386912167,Medium,1,1,0.8397312300202775,0.8508147696913648,0.7045164277283704,0.8637602612893263,0.7086387040550509,-0.5830385330584739,0.8437402068980215,0.6311670248859227,0.12553741756504286,1.0149446356388538,0.8844513618593772,0.011839314538266303,-0.17422905107118275,0.634682799213388,-0.3865076618930213,0.36524832997139145,0.6114319153500704
Sarah Lawrence College,Yes,1380,768,263,57,82,1000,105,19300,6694,600,700,89.0,93,6.1,18,14779,83,-0.133464363321242,-0.4340499489512161,-0.5843886422645167,1.5261583022076808,-0.6680696889053509,-0.6956478250912711,1.9011495302699035,0.4488454168127673,-1.109331268357997,1.0952544342623864,0.9788813231015295,-2.31358484395727,-0.2617966749661709,1.2869457355490903,0.5565217391304348,High,2,1,-0.13346436332124156,-0.434049948951216,-0.5843886422645166,1.5261583022076808,-0.6680696889053531,-0.695647825091271,1.9011495302699035,0.44884541681276535,-1.109331268357997,1.0952544342623867,0.97888132310153,-2.3135848439572704,-0.2617966749661712,1.2869457355491278,-1.3152132490320212,1.8301690512544988,0.6114319153500704
Savannah Coll. of Art and Design,Yes,1109,688,386,20,65,1897,208,8325,5000,1200,1600,14.0,98,16.1,26,6874,55,-0.34223641536702337,-0.5492760975090654,-0.15180169311865244,-0.2672791173259531,0.03195077177174712,-0.29767604787116353,-0.4325459550502625,3.147262903561905,0.5958249401869283,-2.47499322703021,1.4755065650850636,0.5623716020246939,0.38265991480354933,-0.5590467857714272,0.6203787195671776,Low,0,1,-0.34223641536702293,-0.5492760975090653,-0.15180169311865233,-0.2672791173259532,0.03195077177174493,-0.2976760478711635,-0.432545955050263,3.1472629035619035,0.5958249401869283,-2.4749932270302097,1.4755065650850643,0.5623716020246938,0.3826599148035491,-0.5590467857713898,-0.8757389293340883,-1.099672391311716,0.6114319153500704
Schreiner College,Yes,584,413,131,19,51,521,99,8955,5900,500,1488,51.0,56,11.8,23,8545,52,-0.974645532720437,-1.0953265441249458,-1.4381545221646106,-0.3430819714331799,-1.489656913727873,-0.7286855166617391,-0.2557567172405838,-0.22262317064607157,0.44338125029155806,-1.340651655712002,-1.526458347733091,-0.5469725995435838,0.15468771075919893,0.04361599922892749,0.7071917808219178,Medium,1,1,-0.9746455327204365,-1.0953265441249458,-1.4381545221646104,-0.34308197143318003,-1.4896569137278752,-0.728685516661739,-0.25575671724058424,-0.22262317064607365,0.44338125029155806,-1.3406516557120018,-1.5264583477330909,-0.5469725995435841,0.15468771075919868,0.04361599922896494,-0.2782770579006953,0.36524832997139145,0.6114319153500704
Scripps College,Yes,855,632,139,60,83,569,7,17238,7350,600,800,95.0,100,8.2,41,18372,73,-0.5950991546204647,-0.6388019734430647,-1.3619483230144764,1.6272983835603572,-1.3716080338807195,-2.0365221055302003,1.5469271892642116,0.4488454168127673,-0.8385145305308968,1.5953726226723983,1.68576474558277,-1.6076040063327555,1.3596629107341651,1.689259667980493,0.7391812865497076,High,2,1,-0.5950991546204643,-0.6388019734430646,-1.3619483230144762,1.6272983835603572,-1.3716080338807217,-2.0365221055302003,1.5469271892642116,0.44884541681276535,-0.8385145305308968,1.5953726226723985,1.6857647455827707,-1.6076040063327561,1.3596629107341651,1.6892596679805305,-0.058119979206376716,1.8301690512544988,0.6114319153500704
Seattle Pacific University,Yes,1183,1016,411,42,82,1922,704,12669,4875,600,1250,83.0,85,16.8,20,10368,66,-0.2801981420530705,-0.14478935932001374,-0.08343142578299048,0.9513952875026418,0.04526288403095965,0.481155205330136,0.648572958380599,0.4488454168127673,0.0794512520083775,0.6264621373681686,0.26789815935115474,0.7311723860406061,-0.08895267462994533,0.5240631924871839,0.8588334742180896,Medium,1,1,-0.28019814205307003,-0.14478935932001366,-0.08343142578299037,0.9513952875026417,0.045262884030957455,0.48115520533013606,0.6485729583805988,0.44884541681276535,0.07945125200837748,0.6264621373681689,0.26789815935115513,0.731172386040606,-0.0889526746299456,0.5240631924872213,0.7653462012532795,0.36524832997139145,0.6114319153500704
Seattle University,Yes,2115,1540,494,28,72,2993,347,12825,4375,500,1500,85.0,85,12.2,16,10175,89,0.26458399255587384,0.2750405499149958,0.11322776787052997,0.2560970954071895,0.4737667437322993,0.01805655401408874,0.682486540479881,-0.22262317064607157,0.4602273976750806,0.7792401852307248,0.26789815935115474,-0.4376697884463484,-0.44458151258091694,0.4795007757515679,0.7281323877068558,Medium,1,1,0.2645839925558743,0.27504054991499594,0.11322776787053009,0.2560970954071894,0.47376674373229716,0.018056554014088805,0.6824865404798808,-0.22262317064607365,0.4602273976750806,0.7792401852307251,0.26789815935115513,-0.43766978844634874,-0.44458151258091727,0.4795007757516054,-0.13416033171229663,0.36524832997139145,0.6114319153500704
Seton Hall University,Yes,4576,3565,1000,16,36,4384,1530,12000,6484,650,1000,81.0,84,14.4,15,10080,64,0.9527045247090727,1.0868798951228371,0.817958539075202,-0.5897369692550372,0.8110275489142733,1.02725428466481,0.4999453707713737,0.7485437875764888,-0.38201766038027757,0.4771746426778103,0.18604632551126654,0.13982744087814877,-0.5402591781850784,0.4570884969889089,0.7790646853146853,Medium,1,1,0.9527045247090732,1.0868798951228371,0.8179585390752021,-0.5897369692550373,0.8110275489142711,1.02725428466481,0.4999453707713734,0.7485437875764869,-0.38201766038027757,0.47717464267781057,0.1860463255112669,0.1398274408781486,-0.5402591781850787,0.4570884969889464,0.21636417929283466,0.36524832997139145,0.6114319153500704
Seton Hill College,Yes,936,794,197,24,56,752,210,11240,4180,350,2000,71.0,71,11.2,37,10065,71,-0.5065512175402539,-0.399344949517403,-0.9273423936274272,0.01057495289120002,-1.0127925871629073,-0.2919152202825975,0.32435160745026587,-1.4924117130767802,1.0679442535532966,-0.2167793357746881,-0.7431090750720101,-0.7137225520718277,1.120254670067823,0.4535201957496079,0.8482905982905983,Medium,1,1,-0.5065512175402535,-0.3993449495174029,-0.9273423936274271,0.010574952891199925,-1.0127925871629095,-0.2919152202825974,0.32435160745026553,-1.4924117130767824,1.0679442535532966,-0.2167793357746878,-0.7431090750720099,-0.713722552071828,1.120254670067823,0.45352019574964536,0.69278838229277,0.36524832997139145,0.6114319153500704
Shippensburg University of Penn.,No,5818,3281,1116,14,53,5268,300,7844,3504,450,1700,80.0,83,18.8,13,6719,72,1.158859049769891,1.0086451405207002,0.9209580702311175,-0.7738575489017414,0.9635300192425525,-0.07333370569301684,-0.5735244312740722,-0.6036744589706652,0.7235868128126894,0.4038409378509051,0.10571998260266878,1.1987312000753494,-0.7416251041701869,-0.6263151864810171,0.5639394981093159,Low,0,0,1.1588590497698914,1.0086451405207002,0.9209580702311176,-0.7738575489017415,0.9635300192425503,-0.07333370569301677,-0.5735244312740726,-0.6036744589706673,0.7235868128126894,0.40384093785090536,0.10571998260266914,1.1987312000753494,-0.7416251041701872,-0.6263151864809797,-1.2641630027060726,-1.099672391311716,-1.635505074064474
Shorter College,Yes,540,445,165,23,70,1115,111,7210,3600,500,2000,62.0,65,13.2,18,7356,58,-1.0539821265184075,-1.0142856783439242,-1.1453542575468927,-0.05547969999806644,-0.5420050562083172,-0.6642727663024314,-0.7682925675418728,-0.22262317064607157,1.0679442535532966,-0.7662592027979903,-1.0916144806733752,-0.17045420531183852,-0.2617966749661709,-0.36387434842134103,0.8240740740740741,Low,0,1,-1.053982126518407,-1.0142856783439242,-1.1453542575468925,-0.05547969999806654,-0.5420050562083194,-0.6642727663024313,-0.7682925675418734,-0.22262317064607365,1.0679442535532966,-0.76625920279799,-1.091614480673375,-0.17045420531183875,-0.2617966749661712,-0.36387434842130356,0.5261262502483638,-1.099672391311716,0.6114319153500704
Siena College,Yes,2961,1932,628,24,68,2669,616,10800,5100,575,1090,71.0,82,14.1,42,8189,100,0.5694595868177319,0.49897926405121007,0.3616455086721413,0.01057495289120002,0.36688660689955566,0.3912931698970341,0.2191080763892683,0.29071968978274854,-0.20439133852497535,-0.2167793357746881,0.026908565600263796,0.06325006563784952,1.4176039225723627,-0.06885979959490132,0.6524822695035462,Medium,1,1,0.5694595868177323,0.4989792640512102,0.3616455086721414,0.010574952891199925,0.3668866068995535,0.39129316989703417,0.21910807638926796,0.29071968978274654,-0.20439133852497537,-0.2167793357746878,0.026908565600264143,0.06325006563784934,1.4176039225723627,-0.06885979959486388,-0.6547969795005795,0.36524832997139145,0.6114319153500704
Siena Heights College,Yes,464,419,183,10,31,686,287,9240,3880,475,1090,29.0,49,7.2,17,9431,47,-1.2089355947737155,-1.07963132494774,-1.0172911173663761,-1.2101701573606454,-1.1285718855110674,-0.10089574329661864,-0.1784568034665394,-0.4087649589901799,-0.20439133852497535,-2.165157353031758,-1.7967153536520841,-1.9335259801598792,-0.3518428206385443,0.2948530625674367,0.9030172413793104,Medium,1,1,-1.208935594773715,-1.07963132494774,-1.017291117366376,-1.2101701573606454,-1.1285718855110696,-0.10089574329661857,-0.1784568034665398,-0.40876495899018206,-0.20439133852497537,-2.1651573530317574,-1.796715353652084,-1.9335259801598799,-0.3518428206385446,0.2948530625674742,1.069426207574665,0.36524832997139145,0.6114319153500704
Simmons College,Yes,1003,782,295,23,53,1144,160,16160,6950,500,1200,74.0,81,8.9,33,14086,79,-0.4393188786235406,-0.41520940441670523,-0.4522604490288969,-0.05547969999806644,-0.512705859513322,-0.45355276822985574,1.3505774462020286,-0.22262317064607157,-0.005344142276702718,-0.017792359075214106,-0.05039854408423131,-1.3887861225664855,0.8670772597515548,1.1917594921654384,0.7796610169491526,High,2,1,-0.43931887862354013,-0.4152094044167051,-0.4522604490288968,-0.05547969999806654,-0.5127058595133243,-0.4535527682298557,1.3505774462020284,-0.22262317064607365,-0.005344142276702737,-0.01779235907521381,-0.05039854408423098,-1.388786122566486,0.8670772597515547,1.191759492165476,0.22046823240620522,1.8301690512544988,0.6114319153500704
Simpson College,Yes,1016,872,300,27,57,1116,602,11250,4980,550,1400,66.0,73,15.8,36,7411,70,-0.4268337381281117,-0.3020893160759563,-0.43311395691962273,0.1972742770918786,-0.5409793286411675,0.3759392254927213,0.3267118394711323,0.12646725882300056,0.31574018896209594,-0.530852785233515,-0.6159930277260232,0.4891402549986991,1.0583393926787488,-0.3428445809398318,0.8582677165354331,Medium,1,1,-0.42683373812811126,-0.3020893160759562,-0.4331139569196226,0.19727427709187853,-0.5409793286411697,0.37593922549272135,0.32671183947113197,0.12646725882299856,0.31574018896209594,-0.5308527852335146,-0.6159930277260229,0.489140254998699,1.0583393926787488,-0.3428445809397943,0.7614525631420057,0.36524832997139145,0.6114319153500704
Sioux Falls College,Yes,437,400,211,13,35,614,271,8990,3064,500,1700,73.0,73,14.8,7,7881,48,-1.2706636168838148,-1.130185131350783,-0.8444788061575321,-0.8732912125649614,-1.2714773921633917,-0.1364095167911067,-0.2461776377254991,-0.22262317064607157,0.7235868128126894,-0.08499874626512405,-0.6159930277260232,0.2409539322252467,-1.4606269881872134,-0.17237527694269866,0.9153318077803204,Medium,1,1,-1.2706636168838144,-1.130185131350783,-0.844478806157532,-0.8732912125649616,-1.271477392163394,-0.13640951679110663,-0.24617763772549955,-0.22262317064607365,0.7235868128126894,-0.08499874626512376,-0.6159930277260229,0.24095393222524655,-1.4606269881872138,-0.17237527694266122,1.154177093921695,0.36524832997139145,0.6114319153500704
Skidmore College,Yes,4293,2728,591,25,62,2322,263,18710,5970,500,700,87.0,92,12.7,29,14837,81,0.8972741418338547,0.8330988112747333,0.2996518214058734,0.07462985430502922,0.23328712450959826,-0.15488227317939007,1.802440200124028,-0.22262317064607157,-1.109331268357997,0.9355053891588669,0.8844513618593768,-0.303019110231878,0.5975616518085038,1.294602820756717,0.6354530631260191,High,2,1,0.8972741418338551,0.8330988112747334,0.2996518214058735,0.07462985430502912,0.23328712450959607,-0.15488227317939002,1.802440200124028,-0.22262317064607365,-1.109331268357997,0.9355053891588673,0.8844513618593772,-0.3030191102318783,0.5975616518085037,1.2946028207567546,-0.7719947993250386,1.8301690512544988,0.6114319153500704
Smith College,Yes,2925,1598,632,51,88,2479,95,18820,6390,500,1050,85.0,97,10.3,44,21199,90,0.5585091433025827,0.3117858049817216,0.3680942923253264,1.3114660041543937,0.29655656559688864,-0.7517303120580598,1.8209968809101356,-0.22262317064607157,-0.2815444273592318,0.7792401852307248,1.3728847638717647,-0.9706500139500978,1.5313809331464565,1.9297418222439833,0.5463247863247863,High,2,1,0.5585091433025832,0.3117858049817217,0.36809429232532653,1.3114660041543937,0.2965565655968865,-0.7517303120580597,1.8209968809101356,-0.22262317064607365,-0.2815444273592318,0.7792401852307251,1.3728847638717654,-0.9706500139500982,1.5313809331464565,1.9297418222440208,-1.3853903677527146,1.8301690512544988,0.6114319153500704
South Dakota State University,No,2807,2589,1701,13,37,7000,1103,3811,2190,500,1970,62.0,65,15.0,29,5084,67,0.5215734822260317,0.7829576584578483,1.3008124087076927,-0.8732912125649614,1.1877255599179986,0.7920133343642484,-2.0721576454788435,-0.22262317064607157,1.0358056264017572,-0.7662592027979903,-1.0916144806733752,0.2911104741628506,0.5975616518085038,-1.5177333464905884,0.9223370146063413,Low,0,0,0.5215734822260322,0.7829576584578484,1.3008124087076929,-0.8732912125649616,1.1877255599179963,0.7920133343642485,-2.0721576454788444,-0.22262317064607365,1.0358056264017572,-0.76625920279799,-1.091614480673375,0.2911104741628504,0.5975616518085037,-1.517733346490551,1.2023880879767388,-1.099672391311716,-1.635505074064474
Southeast Missouri State University,No,2281,1870,1408,18,43,6553,1246,4680,3540,200,2150,75.0,76,17.1,8,5916,45,0.33371495395229595,0.46698274279435203,1.1334554512638042,-0.42188701698591335,1.1369221291072533,0.8787754903881478,-1.6829027285697566,-3.3731020436386134,1.2220584423787866,0.05029077019095683,-0.41474500229721806,0.8026595139990884,-1.3245972639117196,-1.016968094775705,0.8198158702323542,Low,0,0,0.3337149539522964,0.46698274279435215,1.1334554512638044,-0.42188701698591347,1.136922129107251,0.878775490388148,-1.6829027285697575,-3.3731020436386165,1.2220584423787866,0.05029077019095713,-0.4147450022972178,0.8026595139990884,-1.32459726391172,-1.0169680947756674,0.49682058587657696,-1.099672391311716,-1.635505074064474
Southeastern Oklahoma State Univ.,No,818,700,447,20,50,2962,651,3738,2619,450,1022,55.0,59,19.6,9,4444,53,-0.6385951910207308,-0.5311058514946647,0.007025515682969801,-0.2672791173259531,0.4641649815177102,0.4283418035946279,-2.1074117984288594,-0.6036744589706652,-0.33723377695895274,-1.1441971717488406,-1.3928032882186436,1.3801793817007506,-1.1963666133652986,-1.9971228801474155,0.8557457212713936,Low,0,0,-0.6385951910207304,-0.5311058514946646,0.007025515682969915,-0.2672791173259532,0.464164981517708,0.428341803594628,-2.1074117984288603,-0.6036744589706673,-0.33723377695895274,-1.1441971717488404,-1.3928032882186434,1.3801793817007506,-1.196366613365299,-1.997122880147378,0.7440957738706572,-1.099672391311716,-1.635505074064474
Southern California College,Yes,385,340,193,18,38,784,127,9520,4124,630,1818,63.0,65,18.6,11,8219,43,-1.40201884043303,-1.3084966792375685,-0.9522708555025157,-0.42188701698591335,-0.9610334923443669,-0.5875389370595646,-0.10402122341127958,0.6311670248859246,0.8654526774813938,-0.7087308284652433,-1.0916144806733752,1.1528938948554421,-0.9589007319312817,-0.05909505992581104,0.8831168831168831,Medium,1,1,-1.4020188404330296,-1.3084966792375685,-0.9522708555025156,-0.42188701698591347,-0.9610334923443691,-0.5875389370595645,-0.10402122341127998,0.6311670248859227,0.8654526774813938,-0.7087308284652429,-1.091614480673375,1.1528938948554421,-0.958900731931282,-0.05909505992577359,0.9324686447630485,0.36524832997139145,0.6114319153500704
Southern Illinois University at Edwardsville,No,2540,2195,994,13,40,6063,2550,5472,3598,221,2216,76.0,81,16.5,8,7498,43,0.43144620897262975,0.6234939681780268,0.8122605129930457,-0.8732912125649614,1.076134831221614,1.4097456998783804,-1.3676163103398877,-3.047204608018466,1.2866512943306967,0.11925016044057488,-0.05039854408423131,0.6591773922895536,-1.3245972639117196,-0.31006180912958353,0.8641732283464567,Low,0,0,0.4314462089726302,0.6234939681780269,0.8122605129930458,-0.8732912125649616,1.0761348312216117,1.4097456998783804,-1.3676163103398884,-3.047204608018469,1.2866512943306967,0.11925016044057517,-0.05039854408423098,0.6591773922895535,-1.32459726391172,-0.31006180912954606,0.8020952738976239,-1.099672391311716,-1.635505074064474
Southern Methodist University,Yes,4301,3455,1166,41,69,4892,387,12772,5078,576,1802,74.0,88,13.5,17,12726,72,0.8988944071455992,1.0573954107662669,0.9616095498362552,0.9079719150807959,0.9027919495082226,0.08741541291447952,0.670995114409607,0.2971590325501386,0.8467390880337724,-0.017792359075214106,0.5227114720482265,-0.09187044892763131,-0.3518428206385443,0.9823956132807495,0.8033015577772611,Medium,1,1,0.8988944071455996,1.0573954107662669,0.9616095498362554,0.9079719150807958,0.9027919495082204,0.08741541291447959,0.6709951144096068,0.2971590325501366,0.8467390880337724,-0.01779235907521381,0.522711472048227,-0.09187044892763152,-0.3518428206385446,0.982395613280787,0.38316635133802696,0.36524832997139145,0.6114319153500704
Southwest Baptist University,Yes,1093,1093,642,12,32,1770,967,7070,2500,400,1000,52.0,54,15.9,13,4718,71,-0.3562349397711197,-0.0701821529484355,0.38401250262506176,-0.9785370964802453,-0.039146185464489794,0.699502900682086,-0.8128026713091405,-1.0237043227479306,-0.38201766038027757,-1.2928715697940627,-1.6095128438728132,0.5136114615269335,-0.7416251041701869,-1.7797328446314191,1.0,Low,0,1,-0.35623493977111925,-0.0701821529484354,0.38401250262506187,-0.9785370964802454,-0.03914618546449199,0.6995029006820861,-0.8128026713091411,-1.0237043227479328,-0.38201766038027757,-1.2928715697940625,-1.609512843872813,0.5136114615269334,-0.7416251041701872,-1.7797328446313816,1.7368776212768444,-1.099672391311716,0.6114319153500704
Southwest Missouri State University,No,6118,5254,3204,15,37,13131,3374,4740,2590,500,1360,70.0,75,19.9,11,4632,56,1.2015584733221414,1.4465526564255526,1.8273789988990088,-0.6795322253656407,1.6367972902376526,1.6275955264074033,-1.657843386302542,-0.22262317064607157,0.2551777379789331,-0.28135254105451407,-0.4832523787413146,1.4474625612303784,-0.9589007319312817,-1.8458450174359846,0.8587773782281791,Low,0,0,1.2015584733221418,1.4465526564255526,1.827378998899009,-0.6795322253656408,1.6367972902376504,1.6275955264074033,-1.6578433863025428,-0.22262317064607365,0.2551777379789331,-0.2813525410545138,-0.4832523787413143,1.4474625612303784,-0.958900731931282,-1.845845017435947,0.7649601393562856,-1.099672391311716,-1.635505074064474
Southwest State University,No,1047,938,511,13,33,2091,546,4285,2750,600,1800,58.0,75,16.5,31,6591,51,-0.3977412592264264,-0.22679461127988904,0.14880240579374462,-0.8732912125649614,0.1300414902461865,0.3111102032245734,-1.8533796567290588,0.4488454168127673,0.8443887826691915,-0.98753569322173,-0.4832523787413146,0.6591773922895536,0.7345530092783118,-0.6836794216430473,0.8958930276981852,Low,0,0,-0.39774125922642595,-0.22679461127988895,0.14880240579374474,-0.8732912125649616,0.1300414902461843,0.31111020322457345,-1.8533796567290597,0.44884541681276535,0.8443887826691915,-0.9875356932217296,-0.4832523787413143,0.6591773922895535,0.7345530092783117,-0.6836794216430099,1.0203961886247919,-1.099672391311716,-1.635505074064474
Southwestern Adventist College,Yes,321,318,172,11,27,620,280,7536,3736,430,1651,44.0,77,13.0,12,5309,36,-1.5926963531143172,-1.382467990357753,-1.093721092362519,-1.0904651799155018,-1.258804682838569,-0.1162072291285293,-0.6668003066628869,-0.7665388116379312,0.6619038133551929,-1.6501454700619755,-0.3447982089823837,-0.22323711250244924,-0.8480459248697001,-1.3705394075778792,0.9906542056074766,Low,0,1,-1.5926963531143168,-1.382467990357753,-1.0937210923625187,-1.0904651799155018,-1.2588046828385713,-0.11620722912852922,-0.6668003066628874,-0.7665388116379335,0.6619038133551929,-1.6501454700619753,-0.34479820898238345,-0.2232371125024495,-0.8480459248697004,-1.3705394075778417,1.672558315781972,-1.099672391311716,0.6114319153500704
Southwestern College,Yes,213,155,75,28,66,504,147,7200,3532,550,1500,56.0,56,11.8,12,7818,52,-2.032477475441588,-2.198798295625733,-2.1900122993441276,0.2560970954071895,-1.5346879222317689,-0.5030570790594583,-0.7714529663226233,0.12646725882300056,0.4602273976750806,-1.0928632564596537,-1.526458347733091,-0.5469725995435838,-0.8480459248697001,-0.1943132962717924,0.7276995305164319,Low,0,1,-2.0324774754415875,-2.198798295625733,-2.1900122993441276,0.2560970954071894,-1.534687922231771,-0.5030570790594582,-0.7714529663226238,0.12646725882299856,0.4602273976750806,-1.0928632564596534,-1.5264583477330909,-0.5469725995435841,-0.8480459248697004,-0.19431329627175495,-0.13713932661601547,-1.099672391311716,0.6114319153500704
Southwestern University,Yes,1244,912,352,44,77,1177,43,11850,4675,600,1050,83.0,89,11.3,35,12995,67,-0.23211601149003658,-0.2557594704255946,-0.25345501660787934,1.036004475647191,-0.48044789809826727,-1.1771769277831332,0.46587896742481466,0.4488454168127673,-0.2815444273592318,0.6264621373681686,0.6107698796775962,-0.6856894063241084,0.9955307035299448,1.0264504694015897,0.7331189710610932,Medium,1,1,-0.23211601149003613,-0.2557594704255945,-0.2534550166078792,1.036004475647191,-0.48044789809826943,-1.1771769277831332,0.4658789674248144,0.44884541681276535,-0.2815444273592318,0.6264621373681689,0.6107698796775967,-0.6856894063241087,0.9955307035299447,1.0264504694016272,-0.09984183885165454,0.36524832997139145,0.6114319153500704
Spalding University,Yes,283,201,97,10,45,589,263,8400,2800,600,900,50.0,56,10.6,40,6860,89,-1.7263654737488876,-1.898952323981602,-1.8352697460926488,-1.2101701573606454,-1.3259546314758242,-0.15488227317939007,-0.4110492657654314,0.4488454168127673,-0.5981756735654908,-1.387541552208468,-1.526458347733091,-0.8840535815404321,1.3009860204398638,-0.56502708617857,0.7102473498233216,Low,0,1,-1.7263654737488872,-1.898952323981602,-1.8352697460926486,-1.2101701573606454,-1.3259546314758264,-0.15488227317939002,-0.4110492657654319,0.44884541681276535,-0.5981756735654908,-1.3875415522084678,-1.5264583477330909,-0.8840535815404326,1.3009860204398638,-0.5650270861785326,-0.25724812576206624,-1.099672391311716,0.6114319153500704
Spelman College,Yes,3713,1237,443,47,83,1971,107,7000,5565,660,2400,73.0,80,12.5,18,9988,65,0.7702615413616413,0.05536795866455703,-0.0026028270672848954,1.1577515980780555,0.07075230705745515,-0.6850135445626158,-0.8352747183076505,0.8060529764293244,1.4575084638658027,-0.08499874626512405,-0.12621201953217973,-0.3566226047221888,-0.2617966749661709,0.43507417838746765,0.3331537840021546,Low,0,1,0.7702615413616417,0.055367958664557126,-0.002602827067284781,1.1577515980780555,0.07075230705745296,-0.6850135445626157,-0.8352747183076511,0.8060529764293226,1.4575084638658027,-0.08499874626512376,-0.12621201953217942,-0.3566226047221891,-0.2617966749661712,0.4350741783875051,-2.8524685256037308,-1.099672391311716,0.6114319153500704
Spring Arbor College,Yes,372,362,181,15,32,1501,353,8600,3550,385,665,48.0,48,15.4,9,10938,49,-1.4378475093530854,-1.2394709153738237,-1.0307868942945726,-0.6795322253656407,-0.2126970288156264,0.028906578920502104,-0.3543334013758001,-1.1586712777119772,-1.2128940469728255,-1.4786478771804488,-1.8307562705848581,0.3906351739622576,-1.1963666133652986,0.6485892426639704,0.9731182795698925,Low,0,1,-1.437847509353085,-1.2394709153738237,-1.0307868942945724,-0.6795322253656408,-0.2126970288156286,0.02890657892050217,-0.35433340137580055,-1.1586712777119794,-1.2128940469728255,-1.4786478771804485,-1.830756270584858,0.3906351739622575,-1.196366613365299,0.6485892426640079,1.5518731672996575,-1.099672391311716,0.6114319153500704
St. Bonaventure University,Yes,1489,1313,375,13,45,1688,131,10456,4927,500,1050,91.0,91,17.7,32,9828,78,-0.061662659845072146,0.11547689972239235,-0.18352105371693328,-0.8732912125649614,-0.08844321510260222,-0.5697252789869615,0.13485096782012274,-0.22262317064607157,-0.2815444273592318,1.2584840840542526,0.7916295867079878,0.9441592619365367,0.8013473287828285,0.3960408190713352,0.8817998656816656,Medium,1,1,-0.06166265984507169,0.11547689972239245,-0.18352105371693317,-0.8732912125649616,-0.08844321510260442,-0.5697252789869613,0.13485096782012237,-0.22262317064607365,-0.2815444273592318,1.2584840840542528,0.7916295867079882,0.9441592619365367,0.8013473287828284,0.3960408190713727,0.9234047125599608,0.36524832997139145,0.6114319153500704
St. John's College,Yes,323,278,122,31,51,393,4,16150,5450,275,800,63.0,72,7.2,26,15622,64,-1.5861392115753938,-1.5321457922851176,-1.5305765217176843,0.4237419326421896,-1.8830341915756597,-2.272317051728112,1.348716376312489,-2.3191749526896057,-0.8385145305308968,-0.7087308284652433,-0.6802485294455134,-1.9335259801598792,0.38265991480354933,1.393929039072738,0.8606811145510835,High,2,1,-1.5861392115753934,-1.5321457922851176,-1.530576521717684,0.4237419326421895,-1.8830341915756619,-2.272317051728112,1.3487163763124888,-2.3191749526896084,-0.8385145305308968,-0.7087308284652429,-0.6802485294455132,-1.9335259801598799,0.3826599148035491,1.3939290390727754,0.778061968156685,1.8301690512544988,0.6114319153500704
St. John Fisher College,Yes,1368,1064,354,19,51,1687,677,10570,5600,400,800,86.0,81,14.5,29,7908,66,-0.14173936751992244,-0.09760186247505517,-0.24716736518708507,-0.3430819714331799,-0.0890623221613423,0.4547167422890834,0.16297213645668987,-1.0237043227479306,-0.8385145305308968,0.8569371017481758,-0.05039854408423131,0.16521236126587632,0.5975616518085038,-0.16305511807393286,0.7777777777777778,Medium,1,1,-0.141739367519922,-0.09760186247505508,-0.24716736518708496,-0.34308197143318003,-0.08906232216134449,0.45471674228908343,0.1629721364566895,-1.0237043227479328,-0.8385145305308968,0.8569371017481762,-0.05039854408423098,0.16521236126587616,0.5975616518085037,-0.16305511807389542,0.20750746839876372,0.36524832997139145,0.6114319153500704
St. Lawrence University,Yes,2753,1820,505,31,56,1801,45,18720,5730,650,825,90.0,94,11.5,38,14980,85,0.5041103525427423,0.4403423765248305,0.1364045390903835,0.4237419326421896,-0.021230206684304666,-1.1536513012220255,1.8041301229343858,0.7485437875764888,-0.775856844618461,1.1764343828889745,1.074929591154588,-0.6299164265370601,1.1813122658270099,1.3132876065735535,0.6610969851071559,High,2,1,0.5041103525427427,0.4403423765248306,0.1364045390903836,0.4237419326421895,-0.021230206684306856,-1.1536513012220255,1.8041301229343858,0.7485437875764869,-0.775856844618461,1.1764343828889747,1.0749295911545886,-0.6299164265370605,1.1813122658270099,1.313287606573591,-0.5955090793619575,1.8301690512544988,0.6114319153500704
St. Martin's College,Yes,191,165,63,5,25,494,574,11550,4270,300,500,43.0,77,14.5,8,9209,40,-2.1516519995084726,-2.1261764022327725,-2.438527001483731,-1.996211324615275,-1.5620512311955124,0.34423885062777226,0.3968881329010861,-2.023772875573782,-1.784000288095055,-1.690782951678961,-0.3447982089823837,0.16521236126587632,-1.3245972639117196,0.2353839876687392,0.8638743455497382,Medium,1,1,-2.151651999508472,-2.1261764022327725,-2.438527001483731,-1.996211324615275,-1.5620512311955146,0.3442388506277723,0.3968881329010858,-2.0237728755737847,-1.784000288095055,-1.6907829516789608,-0.34479820898238345,0.16521236126587616,-1.32459726391172,0.23538398766877663,0.8000383129693288,0.36524832997139145,0.6114319153500704
St. Mary's College of California,Yes,2643,1611,465,36,80,2615,248,13332,6354,630,1584,88.0,89,16.1,17,9619,78,0.46736986654329293,0.3198263310806877,0.04915669964315111,0.678301268324476,0.3475347580074019,-0.19092986560858605,0.790872051662265,0.6311670248859246,0.5746809177352956,1.0149446356388536,0.6107698796775962,0.5623716020246939,-0.3518428206385443,0.3435660570296281,0.6095346197502838,Medium,1,1,0.4673698665432934,0.3198263310806878,0.04915669964315122,0.6783012683244759,0.34753475800739975,-0.190929865608586,0.7908720516622649,0.6311670248859227,0.5746809177352956,1.0149446356388538,0.6107698796775967,0.5623716020246938,-0.3518428206385446,0.3435660570296656,-0.9503698210106346,0.36524832997139145,0.6114319153500704
St. Mary's College of Maryland,No,1340,695,285,42,73,1315,209,6800,4730,675,1250,84.0,89,11.6,23,10357,63,-0.1613549816281494,-0.5386360386918125,-0.49170117417940024,0.9513952875026418,-0.35659410938858144,-0.2947894121364121,-0.9003038429054792,0.890904892434695,0.0794512520083775,0.7024150564455859,0.6107698796775962,-0.6021742165602336,0.15468771075919893,0.5215575102710563,0.5186567164179104,Low,0,0,-0.16135498162814896,-0.5386360386918124,-0.4917011741794001,0.9513952875026417,-0.3565941093885836,-0.294789412136412,-0.9003038429054797,0.8909048924346932,0.07945125200837748,0.7024150564455862,0.6107698796775967,-0.602174216560234,0.15468771075919868,0.5215575102710938,-1.5758066091176552,-1.099672391311716,-1.635505074064474
St. Mary's University of San Antonio,Yes,1243,1020,414,33,60,2149,418,8678,3858,700,1736,82.0,83,16.2,7,7651,72,-0.2328836475814302,-0.14076700236903966,-0.07555036020956311,0.5289610409990295,0.15722904770079932,0.13684782076540208,-0.3324487359002154,1.0287304144592622,0.767836205769965,0.5513818552357662,0.10571998260266878,0.5866615904148242,-1.4606269881872134,-0.25379671773892637,0.8205953338696702,Low,0,1,-0.23288364758142976,-0.14076700236903958,-0.075550360209563,0.5289610409990294,0.15722904770079713,0.13684782076540214,-0.33244873590021584,1.0287304144592604,0.767836205769965,0.5513818552357665,0.10571998260266914,0.5866615904148241,-1.4606269881872138,-0.2537967177388889,0.5021849837763186,-1.099672391311716,0.6114319153500704
St. Norbert College,Yes,1334,1243,568,30,56,1946,95,12140,4450,425,1100,74.0,78,15.1,36,8595,88,-0.16561562272298921,0.0602550374032201,0.2588150340495414,0.36924448019518263,0.05784530587817626,-0.7517303120580598,0.5314896247664572,-0.8082879390325629,-0.18552421188393892,-0.017792359075214106,-0.273401038284349,0.31608928492044563,1.0583393926787488,0.05884060744089151,0.931784107946027,Medium,1,1,-0.16561562272298877,0.0602550374032202,0.25881503404954154,0.3692444801951825,0.05784530587817407,-0.7517303120580597,0.531489624766457,-0.8082879390325651,-0.18552421188393894,-0.01779235907521381,-0.2734010382843487,0.31608928492044547,1.0583393926787488,0.058840607440928956,1.267404549609997,0.36524832997139145,0.6114319153500704
St. Paul's College,Yes,651,581,243,8,17,617,34,5000,3650,600,600,45.0,45,14.0,8,8426,45,-0.8654073444918076,-0.7280390058969903,-0.6767618227527444,-1.47898716331229,-1.2651222490289633,-1.2970605990121153,-1.5515931521378699,0.4488454168127673,-1.419790908781924,-1.608612408481828,-1.926317759522825,0.03758108271501449,-1.3245972639117196,0.006827649757833026,0.8924731182795699,Low,0,1,-0.8654073444918071,-0.7280390058969902,-0.6767618227527443,-1.47898716331229,-1.2651222490289655,-1.2970605990121153,-1.5515931521378707,0.44884541681276535,-1.419790908781924,-1.6086124084818278,-1.9263177595228247,0.0375810827150143,-1.32459726391172,0.006827649757870475,0.9968598053680956,-1.099672391311716,0.6114319153500704
St. Thomas Aquinas College,Yes,861,609,215,10,27,1117,815,8650,5700,500,1750,69.0,73,16.1,13,6534,67,-0.5882367013242739,-0.6780562691638103,-0.8219632415120288,-1.2101701573606454,-0.5399547214790031,0.581032167552498,-0.3402898704706677,-0.22262317064607157,0.7848088938700473,-0.3450470097695861,-0.6159930277260232,0.5623716020246939,-0.7416251041701869,-0.7097754384385683,0.7073170731707317,Low,0,1,-0.5882367013242734,-0.6780562691638102,-0.8219632415120287,-1.2101701573606454,-0.5399547214790054,0.5810321675524981,-0.34028987047066817,-0.22262317064607365,0.7848088938700473,-0.3450470097695858,-0.6159930277260229,0.5623716020246938,-0.7416251041701872,-0.7097754384385309,-0.2774147751967257,-1.099672391311716,0.6114319153500704
Stephens College,Yes,450,405,194,17,34,614,388,13900,5200,450,2150,46.0,63,10.9,17,9995,59,-1.2404460305625125,-1.1166366827091714,-0.9459832635818,-0.5039903742110078,-1.2714773921633917,0.08906493649503572,0.9091339611846172,-0.6036744589706652,1.2220584423787866,-1.5661845895855535,-1.1971425260127022,-0.7984234089412169,-0.3518428206385443,0.43676005761457903,0.9,Medium,1,1,-1.240446030562512,-1.1166366827091714,-0.9459832635817998,-0.5039903742110079,-1.271477392163394,0.08906493649503579,0.9091339611846171,-0.6036744589706673,1.2220584423787866,-1.5661845895855533,-1.197142526012702,-0.7984234089412173,-0.3518428206385446,0.4367600576146165,1.0486610524817082,0.36524832997139145,0.6114319153500704
Stetson University,Yes,1557,1227,489,37,69,1964,81,12315,4565,600,1365,85.0,90,12.5,24,10307,73,-0.019674458066958174,0.04716628158174914,0.10249535139772521,0.7260374574039264,0.06715856052836558,-0.8399489528645036,0.5705862356957582,0.4488454168127673,0.2628400384840422,0.7792401852307248,0.700405830648109,-0.3566226047221888,0.2322748898408057,0.5101165885296134,0.7880539499036608,Medium,1,1,-0.019674458066957716,0.047166281581749236,0.10249535139772532,0.7260374574039263,0.06715856052836339,-0.8399489528645034,0.570586235695758,0.44884541681276535,0.2628400384840422,0.7792401852307251,0.7004058306481095,-0.3566226047221891,0.23227488984080544,0.5101165885296508,0.2782297876069983,0.36524832997139145,0.6114319153500704
Stevens Institute of Technology,Yes,1768,1249,380,51,93,1263,11,16900,5680,450,750,89.0,89,19.0,33,12837,79,0.09905884185695804,0.0651169802821119,-0.16897197285953322,1.3114660041543937,-0.40131801788205634,-1.8365004457432288,1.4862518525391528,-0.6036744589706652,-0.9696251460136798,1.0952544342623864,0.6107698796775962,1.2443756067489222,0.8670772597515548,1.0007452859047041,0.706447963800905,High,2,1,0.0990588418569585,0.06511698028211199,-0.1689719728595331,1.3114660041543937,-0.4013180178820585,-1.8365004457432288,1.4862518525391526,-0.6036744589706673,-0.9696251460136798,1.0952544342623867,0.6107698796775967,1.2443756067489222,0.8670772597515547,1.0007452859047417,-0.2833961298808237,1.8301690512544988,0.6114319153500704
Stockton College of New Jersey,No,4019,1579,710,23,65,4365,765,3040,4351,711,1125,78.0,92,19.5,7,5599,64,0.839731230020277,0.2999076918637024,0.4851920665206125,-0.05547969999806644,0.8073466056838227,0.5376678843951406,-2.469869307198617,1.0880149080364128,-0.139061096643129,0.259795832499163,0.8844513618593768,1.3576610888102838,-1.4606269881872134,-1.1943108704758778,0.39288380194078126,Low,0,0,0.8397312300202775,0.29990769186370253,0.4851920665206126,-0.05547969999806654,0.8073466056838204,0.5376678843951407,-2.4698693071986177,1.088014908036411,-0.13906109664312902,0.25979583249916327,0.8844513618593772,1.3576610888102838,-1.4606269881872138,-1.1943108704758403,-2.441396645605795,-1.099672391311716,-1.635505074064474
Stonehill College,Yes,3646,2300,585,25,69,2022,926,12170,6172,480,800,79.0,79,13.0,30,7495,97,0.7542297225115577,0.6688111741144181,0.28917769493519196,0.07462985430502922,0.09647405090168096,0.6693028956674989,0.5382180310978402,-0.37086265662921475,-0.8385145305308968,0.3313811845790514,-0.2005425892756753,-0.22323711250244924,0.6666429698449552,-0.3111825614400928,0.6308283049917718,Medium,1,1,0.7542297225115582,0.6688111741144183,0.2891776949351921,0.07462985430502912,0.09647405090167877,0.669302895667499,0.5382180310978399,-0.37086265662921686,-0.8385145305308968,0.3313811845790517,-0.200542589275675,-0.2232371125024495,0.6666429698449551,-0.31118256144005535,-0.8038231510716296,0.36524832997139145,0.6114319153500704
SUNY at Albany,No,13528,9198,1843,16,61,10168,1231,6550,4355,700,1560,93.0,96,17.4,16,9075,74,1.8546966118478052,1.9493800495814948,1.3703436054927027,-0.5897369692550372,1.461689818597092,0.8701094102622776,-0.9833790419726073,1.0287304144592622,0.5425807513093608,1.425191176895042,1.2719213033900254,0.8736511761798803,-0.44458151258091694,0.19841688256284354,0.6799231224127735,Low,0,0,1.8546966118478057,1.9493800495814948,1.370343605492703,-0.5897369692550373,1.4616898185970897,0.8701094102622777,-0.9833790419726078,1.0287304144592604,0.5425807513093608,1.4251911768950423,1.271921303390026,0.8736511761798803,-0.44458151258091727,0.19841688256288098,-0.46594448316057446,-1.099672391311716,-1.635505074064474
SUNY at Binghamton,No,14463,6166,1757,60,94,8544,671,6550,4598,700,1000,83.0,100,18.0,15,8055,80,1.9079614042546698,1.5922403463099042,1.3290052137460278,1.6272983835603572,1.3367843707515465,0.4487124392072867,-0.9833790419726073,1.0287304144592622,-0.38201766038027757,0.6264621373681686,1.68576474558277,1.0141951792647574,-0.5402591781850784,-0.11315215193987954,0.42632925395837656,Low,0,0,1.9079614042546702,1.5922403463099042,1.329005213746028,1.6272983835603572,1.3367843707515443,0.44871243920728676,-0.9833790419726078,1.0287304144592604,-0.38201766038027757,0.6264621373681689,1.6857647455827707,1.0141951792647574,-0.5402591781850787,-0.1131521519398421,-2.211219503312277,-1.099672391311716,-1.635505074064474
SUNY at Buffalo,No,15039,9649,3087,36,100,13963,3124,6550,4731,708,957,90.0,97,13.6,15,11177,56,1.9389639633718077,1.9914762916355695,1.7978324032668496,0.678301268324476,1.6774187936673155,1.5671083971918918,-0.9833790419726073,1.0719263475563712,-0.47232393903781505,1.1764343828889745,1.3728847638717647,-0.06583008815144414,-0.5402591781850784,0.6978934466395771,0.6415985105392645,Low,0,0,1.938963963371808,1.9914762916355695,1.7978324032668498,0.6783012683244759,1.6774187936673133,1.5671083971918918,-0.9833790419726078,1.0719263475563694,-0.47232393903781505,1.1764343828889747,1.3728847638717654,-0.06583008815144435,-0.5402591781850787,0.6978934466396145,-0.7297008120004915,-1.099672391311716,-1.635505074064474
SUNY at Stony Brook,No,12512,6969,1724,27,66,9744,1351,6550,4712,600,1200,91.0,96,10.5,7,13705,57,1.7921355331858413,1.7025991843973147,1.3125192681625821,0.1972742770918786,1.4315566902428936,0.936927996434011,-0.9833790419726073,0.4488454168127673,-0.005344142276702718,1.2584840840542526,1.2719213033900254,-0.9128098000811495,-1.4606269881872134,1.136319837579982,0.5569852941176471,Low,0,0,1.7921355331858417,1.7025991843973147,1.3125192681625824,0.19727427709187853,1.4315566902428913,0.9369279964340111,-0.9833790419726078,0.44884541681276535,-0.005344142276702737,1.2584840840542528,1.271921303390026,-0.91280980008115,-1.4606269881872138,1.1363198375800194,-1.31202298680455,-1.099672391311716,-1.635505074064474
SUNY College  at Brockport,No,7294,3564,904,7,34,5758,1363,6550,4460,500,705,79.0,83,19.0,14,6632,49,1.3496199074641277,1.086616253939055,0.721702933504526,-1.6324792946361477,1.0351872340795536,0.9433118003291019,-0.9833790419726073,-0.22262317064607157,-1.0949404910902132,0.3313811845790514,0.10571998260266878,1.2443756067489222,-0.6391619317856582,-0.6651208759822499,0.48862078420619687,Low,0,0,1.3496199074641282,1.086616253939055,0.7217029335045261,-1.6324792946361477,1.0351872340795514,0.943311800329102,-0.9833790419726078,-0.22262317064607365,-1.0949404910902132,0.3313811845790517,0.10571998260266914,1.2443756067489222,-0.6391619317856585,-0.6651208759822125,-1.7825188711907436,-1.099672391311716,-1.635505074064474
SUNY College  at Oswego,No,8000,4556,1464,17,70,6943,869,6550,4810,500,1500,69.0,85,22.0,21,5280,63,1.4266500183767497,1.3154610824664503,1.1683802108321453,-0.5039903742110078,1.1814706218645972,0.625246405158901,-0.9833790419726073,-0.22262317064607157,0.4602273976750806,-0.3450470097695861,0.26789815935115474,1.9076642374665906,-0.005802574972423054,-1.3889716285358633,0.5695,Low,0,0,1.42665001837675,1.3154610824664503,1.1683802108321455,-0.5039903742110079,1.181470621864595,0.6252464051589011,-0.9833790419726078,-0.22262317064607365,0.4602273976750806,-0.3450470097695858,0.26789815935115513,1.9076642374665909,-0.005802574972423321,-1.3889716285358258,-1.2258947073862176,-1.099672391311716,-1.635505074064474
SUNY College at Buffalo,No,5318,3515,1025,8,29,7626,2091,6550,4040,550,1230,71.0,78,18.7,12,7511,42,1.0821459134845715,1.0736001090155127,0.8412831484938201,-1.47898716331229,1.2525810321628426,1.258894080423389,-0.9833790419726073,0.12646725882300056,0.0459272380456935,-0.2167793357746881,-0.273401038284349,1.175836839458332,-0.8480459248697001,-0.3052131225308753,0.6609627679578789,Low,0,0,1.082145913484572,1.0736001090155127,0.8412831484938202,-1.47898716331229,1.2525810321628403,1.258894080423389,-0.9833790419726078,0.12646725882299856,0.04592723804569348,-0.2167793357746878,-0.2734010382843487,1.175836839458332,-0.8480459248697004,-0.3052131225308378,-0.5964327840214461,-1.099672391311716,-1.635505074064474
SUNY College at Cortland,No,7888,3519,1036,6,40,5011,346,6550,4680,630,1274,82.0,85,17.8,17,5563,53,1.414929249252707,1.0746698959777738,0.8513390580534681,-1.8031104107042748,0.9226141149311731,0.016231769265617438,-0.9833790419726073,0.6311670248859246,0.11901284608989947,0.5513818552357662,0.26789815935115474,0.9675564808473687,-0.3518428206385443,-1.2154219306818645,0.44612068965517243,Low,0,0,1.4149292492527075,1.0746698959777738,0.8513390580534682,-1.8031104107042748,0.9226141149311708,0.016231769265617504,-0.9833790419726078,0.6311670248859227,0.11901284608989945,0.5513818552357665,0.26789815935115513,0.9675564808473687,-0.3518428206385446,-1.215421930681827,-2.075011563644493,-1.099672391311716,-1.635505074064474
SUNY College at Fredonia,No,4877,2798,814,13,48,4123,298,6550,4420,620,1481,82.0,90,16.3,10,6442,66,1.0077558696700886,0.8573261962996289,0.6201001886004239,-0.8732912125649614,0.7586810417734112,-0.07750295715765282,-0.9833790419726073,0.5712524924058295,0.43349453855464004,0.5513818552357662,0.700405830648109,0.6108922141841117,-1.0747688529439479,-0.75263747983191,0.5737133483698995,Low,0,0,1.007755869670089,0.857326196299629,0.620100188600424,-0.8732912125649616,0.758681041773409,-0.07750295715765275,-0.9833790419726078,0.5712524924058276,0.43349453855464004,0.5513818552357665,0.7004058306481095,0.6108922141841115,-1.0747688529439483,-0.7526374798318726,-1.1968977458035095,-1.099672391311716,-1.635505074064474
SUNY College at Geneseo,No,8598,4562,1143,56,93,5060,146,6550,4170,600,650,79.0,84,19.1,25,5716,76,1.4863864235581827,1.3166772615612332,0.9431646553704336,1.491573106355637,0.9306099868284369,-0.5070269890180874,-0.9833790419726073,0.4488454168127673,-1.2588748045880092,0.3313811845790514,0.18604632551126654,1.267126360170406,0.30823399686918296,-1.127108336741752,0.5305885089555711,Low,0,0,1.4863864235581832,1.3166772615612332,0.9431646553704337,1.491573106355637,0.9306099868284347,-0.5070269890180873,-0.9833790419726078,0.44884541681276535,-1.2588748045880092,0.3313811845790517,0.1860463255112669,1.267126360170406,0.30823399686918274,-1.1271083367417145,-1.4936900359192131,-1.099672391311716,-1.635505074064474
SUNY College at New Paltz,No,8399,3609,656,19,53,4658,1478,6550,4240,550,1500,85.0,93,15.3,8,6608,53,1.4670169394845902,1.0984025517419496,0.4058240863498272,-0.3430819714331799,0.8620411979391099,1.002042412134357,-0.9833790419726073,0.12646725882300056,0.4602273976750806,0.7792401852307248,0.9788813231015295,0.36585103864898416,-1.3245972639117196,-0.6759630635049082,0.42969401119180856,Low,0,0,1.4670169394845907,1.0984025517419496,0.4058240863498273,-0.34308197143318003,0.8620411979391077,1.002042412134357,-0.9833790419726078,0.12646725882299856,0.4602273976750806,0.7792401852307251,0.97888132310153,0.365851038648984,-1.32459726391172,-0.6759630635048708,-2.1880626865320654,-1.099672391311716,-1.635505074064474
SUNY College at Plattsburgh,No,5549,3583,853,9,40,5004,475,6550,4176,600,1380,80.0,90,17.9,16,6174,65,1.1185097901589016,1.09161197345312,0.6656431669987422,-1.3390590413944048,0.921464064558725,0.21967382668506621,-0.9833790419726073,0.4488454168127673,0.285667747593416,0.4038409378509051,0.700405830648109,0.9909016514258804,-0.44458151258091694,-0.8830152767310118,0.6457019282753649,Low,0,0,1.118509790158902,1.09161197345312,0.6656431669987423,-1.3390590413944048,0.9214640645587228,0.21967382668506627,-0.9833790419726078,0.44884541681276535,0.285667747593416,0.40384093785090536,0.7004058306481095,0.9909016514258804,-0.44458151258091727,-0.8830152767309744,-0.7014604112537707,-1.099672391311716,-1.635505074064474
SUNY College at Potsdam,No,3150,2289,650,16,51,3598,234,6840,4660,500,1000,71.0,75,15.1,17,6436,59,0.6246969566523334,0.6641683936456954,0.3965426178521514,-0.5897369692550372,0.6399725572818856,-0.22639659713802046,-0.8871986438338211,-0.22262317064607157,-0.38201766038027757,-0.2167793357746881,-0.4832523787413146,0.31608928492044563,-0.3518428206385443,-0.7554653098857458,0.7266666666666667,Low,0,0,0.6246969566523338,0.6641683936456955,0.3965426178521515,-0.5897369692550373,0.6399725572818834,-0.2263965971380204,-0.8871986438338216,-0.22262317064607365,-0.38201766038027757,-0.2167793357746878,-0.4832523787413143,0.31608928492044547,-0.3518428206385446,-0.7554653098857084,-0.14424766676319487,-1.099672391311716,-1.635505074064474
SUNY College at Purchase,No,2119,1264,390,5,33,2478,1441,6550,4760,1125,1362,80.0,100,14.9,8,8170,46,0.2663174641020372,0.07716349387990977,-0.14052490576016985,-1.996211324615275,0.2961691770319845,0.9836107863457177,-0.9833790419726073,2.885941553233735,0.2582458693665815,0.4038409378509051,1.68576474558277,0.2660655633694921,-1.3245972639117196,-0.07507245484162878,0.5965077866918358,Low,0,0,0.26631746410203766,0.07716349387990987,-0.14052490576016974,-1.996211324615275,0.2961691770319823,0.9836107863457179,-0.9833790419726078,2.8859415532337334,0.2582458693665815,0.40384093785090536,1.6857647455827707,0.26606556336949194,-1.32459726391172,-0.07507245484159134,-1.040022644508156,-1.099672391311716,-1.635505074064474
Susquehanna University,Yes,2096,1512,465,27,59,1442,166,16130,4710,400,800,83.0,86,13.9,37,10554,90,0.2563016077089406,0.2567687033235834,0.04915669964315111,0.1972742770918786,-0.2558734981170621,-0.4319194753659008,1.3449919680565467,-1.0237043227479306,-0.8385145305308968,0.6264621373681686,0.3512859964873121,0.011839314538266496,1.120254670067823,0.5658260275142981,0.7213740458015268,High,2,1,0.25630160770894106,0.25676870332358354,0.04915669964315122,0.19727427709187853,-0.2558734981170643,-0.43191947536590075,1.3449919680565465,-1.0237043227479328,-0.8385145305308968,0.6264621373681689,0.3512859964873125,0.011839314538266303,1.120254670067823,0.5658260275143355,-0.18067236048059634,1.8301690512544988,0.6114319153500704
Sweet Briar College,Yes,462,402,146,36,68,527,41,14500,6000,500,600,91.0,99,6.5,48,18953,61,-1.2133740539809557,-1.124744158012132,-1.299304736249413,0.678301268324476,-1.4741897034156055,-1.2017121134677526,1.03066501843292,-0.22262317064607157,-1.419790908781924,1.2584840840542526,1.5797966065761389,-2.1724637527347195,1.7511561240319364,1.743129840171664,0.8701298701298701,Medium,1,1,-1.2133740539809552,-1.124744158012132,-1.2993047362494128,0.6783012683244759,-1.4741897034156077,-1.2017121134677526,1.0306650184329198,-0.22262317064607365,-1.419790908781924,1.2584840840542528,1.5797966065761395,-2.17246375273472,1.7511561240319364,1.7431298401717015,0.8430898695948489,0.36524832997139145,0.6114319153500704
Syracuse University,Yes,10477,7260,2442,28,67,10142,117,15150,6870,635,960,73.0,84,11.3,13,14231,67,1.6485360781424354,1.7392713433100975,1.607755931410975,0.2560970954071895,1.4598864686920425,-0.6343932653966482,1.1586573729609302,0.6608132266502009,-0.4658994367148142,-0.08499874626512405,0.18604632551126654,-0.6856894063241084,-0.7416251041701869,1.2122604984054186,0.6929464541376348,Medium,1,1,1.6485360781424359,1.7392713433100975,1.6077559314109753,0.2560970954071894,1.4598864686920403,-0.6343932653966481,1.15865737296093,0.660813226650199,-0.4658994367148142,-0.08499874626512376,0.1860463255112669,-0.6856894063241087,-0.7416251041701872,1.2122604984054561,-0.3763157564209259,0.36524832997139145,0.6114319153500704
Tabor College,Yes,257,183,109,19,41,396,38,7850,3410,400,1500,55.0,70,10.0,15,7233,53,-1.8294573427666323,-2.006586114055991,-1.6789545645594495,-0.3430819714331799,-1.8721010428156533,-1.2406214776980793,-0.5717314242391661,-1.0237043227479306,0.4602273976750806,-1.1441971717488406,-0.8045859405355701,-1.0582522448354243,-0.5402591781850784,-0.4117859655176906,0.7120622568093385,Low,0,1,-1.8294573427666319,-2.006586114055991,-1.6789545645594492,-0.34308197143318003,-1.8721010428156555,-1.2406214776980793,-0.5717314242391666,-1.0237043227479328,0.4602273976750806,-1.1441971717488404,-0.8045859405355699,-1.0582522448354248,-0.5402591781850787,-0.4117859655176531,-0.24475763517607724,-1.099672391311716,0.6114319153500704
Talladega College,Yes,4414,1500,335,30,60,908,119,5666,2964,1000,1400,56.0,58,15.5,7,5970,46,0.9214407934633242,0.24882696724881512,-0.3086215903133536,0.36924448019518263,-0.7823885115768838,-0.6247404987160253,-1.2950181536664953,2.414475888364001,0.31574018896209594,-1.0928632564596537,-1.4385813164973549,0.41535559434457464,-1.4606269881872134,-0.9882008944398156,0.33982782057091077,Low,0,1,0.9214407934633246,0.2488269672488152,-0.3086215903133535,0.3692444801951825,-0.782388511576886,-0.6247404987160252,-1.295018153666496,2.414475888363999,0.31574018896209594,-1.0928632564596534,-1.4385813164973547,0.41535559434457453,-1.4606269881872138,-0.9882008944397782,-2.8065367001301045,-1.099672391311716,0.6114319153500704
Taylor University,Yes,1769,1092,437,41,80,1757,81,10965,4000,450,1250,60.0,61,14.2,32,8294,98,0.09958461079915225,-0.0711146603323905,-0.01723488459552434,0.9079719150807959,-0.04677359916891241,-0.8399489528645036,0.25889826614116573,-0.6036744589706652,0.0794512520083775,-0.8786660394374439,-1.2975068699343983,0.08884698314321551,0.8013473287828285,-0.03491973828700738,0.6172979084228377,Medium,1,1,0.0995846107991527,-0.0711146603323904,-0.017234884595524226,0.9079719150807958,-0.046773599168914604,-0.8399489528645034,0.2588982661411654,-0.6036744589706673,0.07945125200837748,-0.8786660394374436,-1.2975068699343981,0.08884698314321533,0.8013473287828284,-0.03491973828696993,-0.8969415820827225,0.36524832997139145,0.6114319153500704
Tennessee Wesleyan College,Yes,232,182,99,7,29,402,237,7070,3640,400,3158,59.0,65,8.9,16,6286,36,-1.939747102118981,-2.0128937773371063,-1.8077163949263189,-1.6324792946361477,-1.8505347492982887,-0.2186382860370734,-0.8128026713091405,-1.0237043227479306,2.0505066604137268,-0.9335433168574541,-1.0916144806733752,-1.3887861225664855,-0.44458151258091694,-0.8274964390828586,0.7844827586206896,Low,0,1,-1.9397471021189805,-2.0128937773371063,-1.8077163949263186,-1.6324792946361477,-1.8505347492982909,-0.21863828603707333,-0.8128026713091411,-1.0237043227479328,2.0505066604137268,-0.9335433168574537,-1.091614480673375,-1.388786122566486,-0.44458151258091727,-0.8274964390828212,0.25365225749422265,-1.099672391311716,0.6114319153500704
Texas A&M Univ. at College Station,No,14474,10519,6392,49,85,31643,2798,5130,3412,600,2144,89.0,91,23.1,29,8471,69,1.9085658122046172,2.067048678864313,2.346473139773996,1.2357659546725401,2.169202283247407,1.481299703573899,-1.4998235616664484,0.4488454168127673,1.2160931405007658,1.0952544342623864,0.7916295867079878,2.141749710790937,0.5975616518085038,0.020832036572156355,0.7267514163327345,Low,0,0,1.9085658122046176,2.067048678864313,2.346473139773996,1.2357659546725401,2.169202283247405,1.481299703573899,-1.499823561666449,0.44884541681276535,1.2160931405007658,1.0952544342623867,0.7916295867079882,2.1417497107909376,0.5975616518085037,0.020832036572193804,-0.14366440551931728,-1.099672391311716,-1.635505074064474
Texas Christian University,Yes,4095,3079,1195,33,64,5064,660,8490,3320,650,2400,81.0,93,14.8,23,9158,64,0.8561048451756023,0.9484610425920764,0.9842770847124415,0.5289610409990295,0.9312585388690862,0.43757752753816936,-0.38541874899073814,0.7485437875764888,1.4575084638658027,0.4771746426778103,0.9788813231015295,0.2409539322252467,0.15468771075919893,0.2214118700799641,0.7518925518925519,Low,0,1,0.8561048451756027,0.9484610425920765,0.9842770847124416,0.5289610409990294,0.9312585388690839,0.4375775275381694,-0.38541874899073864,0.7485437875764869,1.4575084638658027,0.47717464267781057,0.97888132310153,0.24095393222524655,0.15468771075919868,0.22141187008000154,0.02936105498659152,-1.099672391311716,0.6114319153500704
Texas Lutheran College,Yes,497,423,215,27,57,895,429,7850,3410,490,1700,54.0,58,13.8,24,7002,50,-1.138532392778782,-1.0693006566702936,-0.8219632415120288,0.1972742770918786,-0.7996791180964955,0.15359478484785077,-0.5717314242391661,-0.29608189411405467,0.7235868128126894,-1.1946436419810287,-1.4385813164973549,-0.013975971157088379,0.2322748898408057,-0.5052195359514485,0.8511066398390342,Low,0,1,-1.1385323927787816,-1.0693006566702936,-0.8219632415120287,0.19727427709187853,-0.7996791180964977,0.15359478484785083,-0.5717314242391666,-0.2960818941140568,0.7235868128126894,-1.1946436419810285,-1.4385813164973547,-0.013975971157088578,0.23227488984080544,-0.5052195359514111,0.7121688468132613,-1.099672391311716,0.6114319153500704
Texas Southern University,No,4345,3245,2604,15,85,5584,3101,7860,3360,600,1700,65.0,75,18.2,21,3605,10,0.9077483701313998,0.9982142241394808,1.6605250520633719,-0.6795322253656407,1.0106229326268792,1.561326120117116,-0.5687450753919422,0.4488454168127673,0.7235868128126894,-0.5910270561252143,-0.4832523787413146,1.0606289022256872,-0.005802574972423054,-2.813716480776885,0.7468354430379747,Low,0,0,0.9077483701314002,0.9982142241394809,1.660525052063372,-0.6795322253656408,1.010622932626877,1.561326120117116,-0.5687450753919426,0.44884541681276535,0.7235868128126894,-0.591027056125214,-0.4832523787413143,1.0606289022256872,-0.005802574972423321,-2.8137164807768476,-0.005442806052614841,-1.099672391311716,-1.635505074064474
Texas Wesleyan University,Yes,592,501,279,19,44,1204,392,6400,3484,600,1800,80.0,83,14.5,10,7936,43,-0.9609125173517539,-0.8864117334877933,-0.5161394202810078,-0.3430819714331799,-0.4548648005019177,0.09562487607867001,-1.0342265898600445,0.4488454168127673,0.8443887826691915,0.4038409378509051,0.10571998260266878,0.16521236126587632,-1.0747688529439479,-0.15344098918530014,0.8462837837837838,Low,0,1,-0.9609125173517534,-0.8864117334877932,-0.5161394202810077,-0.34308197143318003,-0.45486480050191985,0.09562487607867008,-1.0342265898600451,0.44884541681276535,0.8443887826691915,0.40384093785090536,0.10571998260266914,0.16521236126587616,-1.0747688529439483,-0.1534409891852627,0.6789771523518882,-1.099672391311716,0.6114319153500704
The Citadel,No,1500,1242,611,12,36,2024,292,7070,2439,400,779,95.0,94,17.1,17,7744,84,-0.054732419636141054,0.05944227660723108,0.3336998495003961,-0.9785370964802453,0.09746658114676596,-0.09016407657176001,-0.8128026713091405,-1.0237043227479306,-0.8926038351665193,1.5953726226723983,1.074929591154588,0.8026595139990884,-0.3518428206385443,-0.220429323053759,0.828,Low,0,0,-0.054732419636140596,0.05944227660723118,0.3336998495003962,-0.9785370964802454,0.09746658114676376,-0.09016407657175994,-0.8128026713091411,-1.0237043227479328,-0.8926038351665193,1.5953726226723985,1.0749295911545886,0.8026595139990884,-0.3518428206385446,-0.22042932305372157,0.5531451229492096,-1.099672391311716,-1.635505074064474
Thiel College,Yes,1154,951,253,15,31,791,140,11172,4958,700,1350,68.0,76,11.6,16,9186,60,-0.30399990124664616,-0.21263215314682463,-0.6295226011645485,-0.6795322253656407,-0.9500542576445967,-0.5313752089036712,0.30826539312009577,1.0287304144592622,0.23977239425227162,-0.4078622247453497,-0.41474500229721806,-0.6021742165602336,-0.44458151258091694,0.22909751174208803,0.8240901213171578,Medium,1,1,-0.3039999012466457,-0.21263215314682454,-0.6295226011645484,-0.6795322253656408,-0.9500542576445989,-0.5313752089036711,0.30826539312009543,1.0287304144592604,0.2397723942522716,-0.40786222474534944,-0.4147450022972178,-0.602174216560234,-0.44458151258091727,0.22909751174212548,0.5262366900341006,0.36524832997139145,0.6114319153500704
Tiffin University,Yes,845,734,254,5,21,662,351,7600,3800,600,1200,59.0,74,19.0,40,5096,39,-0.6066523832772357,-0.48137681023063356,-0.6249174156682663,-1.996211324615275,-1.1740897863384485,0.025308530669917777,-0.6472153192456486,0.4488454168127673,-0.005344142276702718,-0.9335433168574541,-0.5503313595284204,1.2443756067489222,1.3009860204398638,-1.5096330655612777,0.8686390532544379,Low,0,1,-0.6066523832772353,-0.48137681023063345,-0.6249174156682662,-1.996211324615275,-1.1740897863384507,0.025308530669917843,-0.647215319245649,0.44884541681276535,-0.005344142276702737,-0.9335433168574537,-0.5503313595284202,1.2443756067489222,1.3009860204398638,-1.5096330655612402,0.8328298208477307,-1.099672391311716,0.6114319153500704
Transylvania University,Yes,759,729,244,57,81,867,51,10900,4450,500,1000,81.0,91,12.1,41,10219,70,-0.712525787901439,-0.4885336999021037,-0.6719379097061395,1.5261583022076808,-0.8379835084425702,-1.0883435012480294,0.24327053316434105,-0.22262317064607157,-0.38201766038027757,0.4771746426778103,0.7916295867079878,-0.46486060496924364,1.3596629107341651,0.48977316877849075,0.9604743083003953,Medium,1,1,-0.7125257879014385,-0.4885336999021036,-0.6719379097061394,1.5261583022076808,-0.8379835084425724,-1.0883435012480294,0.24327053316434072,-0.22262317064607365,-0.38201766038027757,0.47717464267781057,0.7916295867079882,-0.464860604969244,1.3596629107341651,0.4897731687785282,1.4648552620692807,0.36524832997139145,0.6114319153500704
Trenton State College,No,5042,2312,944,55,94,5167,902,5391,5411,700,1000,81.0,87,14.4,6,8504,81,1.0364049337305048,0.673849049285365,0.7631782381584808,1.4565293811770836,0.9477467264090239,0.6510597948233838,-1.3984276053022933,1.0287304144592622,-0.38201766038027757,0.4771746426778103,0.43622029750213775,0.13982744087814877,-1.6060058276198164,0.031029876566252643,0.45854819516065054,Low,0,0,1.0364049337305052,0.6738490492853652,0.763178238158481,1.4565293811770836,0.9477467264090217,0.6510597948233839,-1.398427605302294,1.0287304144592604,-0.38201766038027757,0.47717464267781057,0.43622029750213814,0.1398274408781486,-1.6060058276198168,0.031029876566290093,-1.9894834116678646,-1.099672391311716,-1.635505074064474
Tri-State University,Yes,1262,1102,276,14,40,978,98,9456,4350,468,1323,53.0,53,12.8,24,7603,65,-0.21841083788810645,-0.06183037428951662,-0.5285868462100607,-0.7738575489017414,-0.6942054631616543,-0.7343667906564024,-0.12090716412601424,-0.46241823329459864,0.19762919193803488,-1.2442020010279624,-1.6492630545847595,-0.27634292029735635,0.2322748898408057,-0.2712621454781555,0.873217115689382,Medium,1,1,-0.218410837888106,-0.06183037428951652,-0.5285868462100606,-0.7738575489017415,-0.6942054631616565,-0.7343667906564023,-0.12090716412601464,-0.4624182332946008,0.19762919193803485,-1.2442020010279622,-1.6492630545847593,-0.27634292029735663,0.23227488984080544,-0.27126214547811806,0.8643368050548019,0.36524832997139145,0.6114319153500704
Trinity College CT,Yes,3058,1798,478,46,84,1737,244,18810,5690,500,680,91.0,96,10.4,48,18034,91,0.5982673418495814,0.42837189946122706,0.07843201328729771,1.1178230015151727,-0.05864350034304473,-0.2008748511635714,1.8193128539556227,-0.22262317064607157,-1.1678897058964552,1.2584840840542526,1.2719213033900254,-0.9416747897833104,1.7511561240319364,1.6567067883604887,0.5879659908436887,High,2,1,0.5982673418495819,0.42837189946122717,0.07843201328729782,1.1178230015151727,-0.058643500343046925,-0.20087485116357134,1.8193128539556227,-0.22262317064607365,-1.1678897058964552,1.2584840840542528,1.271921303390026,-0.9416747897833109,1.7511561240319364,1.6567067883605262,-1.098808698807759,1.8301690512544988,0.6114319153500704
Trinity College DC,Yes,247,189,100,19,49,309,639,11412,6430,500,900,89.0,93,8.3,37,11806,96,-1.8721287298713014,-1.9694969663169817,-1.7941793368855492,-0.3430819714331799,-2.2383469735746,0.4158465036022967,0.3647573785497245,-0.22262317064607157,-0.5981756735654908,1.0952544342623864,0.9788813231015295,-1.5759033522670112,1.120254670067823,0.8202887184987494,0.7651821862348178,Medium,1,1,-1.872128729871301,-1.9694969663169817,-1.794179336885549,-0.34308197143318003,-2.238346973574602,0.41584650360229675,0.3647573785497242,-0.22262317064607365,-0.5981756735654908,1.0952544342623867,0.97888132310153,-1.5759033522670118,1.120254670067823,0.8202887184987868,0.12082252046235421,0.36524832997139145,0.6114319153500704
Trinity College VT,Yes,222,185,91,16,41,484,541,11010,5208,550,500,58.0,78,10.4,26,9586,78,-1.987489949582175,-1.9940805187525095,-1.9220310908148313,-0.5897369692550372,-1.5900986199691354,0.3050335001467856,0.26968190844030465,0.12646725882300056,-1.784000288095055,-0.98753569322173,-0.273401038284349,-0.9416747897833104,0.38265991480354933,0.3351211136706456,0.8333333333333334,Medium,1,1,-1.9874899495821745,-1.9940805187525095,-1.922031090814831,-0.5897369692550373,-1.5900986199691376,0.30503350014678565,0.2696819084403043,0.12646725882299856,-1.784000288095055,-0.9875356932217296,-0.2734010382843487,-0.9416747897833109,0.3826599148035491,0.3351211136706831,0.5898500066182841,0.36524832997139145,0.6114319153500704
Trinity University,Yes,2425,1818,601,62,93,2110,95,12240,5150,500,490,94.0,96,9.6,20,14703,93,0.389439662107197,0.43926055571948913,0.3168391344495748,1.6926704807960131,0.13904802872765018,-0.7517303120580598,0.5538754549857345,-0.22262317064607157,-1.8241596050814857,1.509847796090948,1.2719213033900254,-1.1766935267803216,-0.08895267462994533,1.276842526779655,0.7496907216494846,Medium,1,1,0.38943966210719744,0.43926055571948924,0.3168391344495749,1.6926704807960131,0.139048028727648,-0.7517303120580597,0.5538754549857343,-0.22262317064607365,-1.8241596050814857,1.5098477960909482,1.271921303390026,-1.176693526780322,-0.0889526746299456,1.2768425267796926,0.014207694437060108,0.36524832997139145,0.6114319153500704
Tulane University,Yes,7033,5125,1223,47,75,4941,1534,19040,5950,350,800,98.0,98,9.1,21,16920,74,1.3190927849496128,1.4237825990208959,1.0055690852052133,1.1577515980780555,0.9110244977991784,1.0291614644104536,1.8578979378298222,-1.4924117130767802,-0.8385145305308968,1.857152611135047,1.4755065650850636,-1.327533882860864,-0.005802574972423054,1.542464166675093,0.7287075216834921,High,2,1,1.3190927849496132,1.4237825990208959,1.0055690852052135,1.1577515980780555,0.9110244977991762,1.0291614644104536,1.8578979378298222,-1.4924117130767824,-0.8385145305308968,1.8571526111350471,1.4755065650850643,-1.3275338828608645,-0.005802574972423321,1.5424641666751304,-0.1302021643923158,1.8301690512544988,0.6114319153500704
Tusculum College,Yes,626,372,145,12,34,983,40,7700,3400,450,800,70.0,70,21.9,28,4933,52,-0.9046916903215919,-1.2095633879155143,-1.3080392816428783,-0.9785370964802453,-0.6882029666576929,-1.2143877164458847,-0.6168291591013958,-0.6036744589706652,-0.8385145305308968,-0.28135254105451407,-0.8045859405355701,1.8861561945268157,0.5272487670727979,-1.6222224100685108,0.5942492012779552,Low,0,1,-0.9046916903215915,-1.2095633879155143,-1.308039281642878,-0.9785370964802454,-0.6882029666576951,-1.2143877164458847,-0.6168291591013962,-0.6036744589706673,-0.8385145305308968,-0.2813525410545138,-0.8045859405355699,1.886156194526816,0.5272487670727978,-1.6222224100684732,-1.0555666035468723,-1.099672391311716,0.6114319153500704
Tuskegee University,Yes,2267,1827,611,20,59,2825,144,6735,3395,600,1425,70.0,74,12.2,7,10872,65,0.3280967086096911,0.4441187730369542,0.3336998495003961,-0.2672791173259531,0.4202135688102679,-0.5150410159119568,-0.9217080496194295,0.4488454168127673,0.3527611049272863,-0.28135254105451407,-0.5503313595284204,-0.4376697884463484,-1.4606269881872134,0.6346827992133506,0.8059108954565505,Low,0,1,0.32809670860969153,0.4441187730369543,0.3336998495003962,-0.2672791173259532,0.4202135688102657,-0.5150410159119567,-0.9217080496194301,0.44884541681276535,0.3527611049272863,-0.2813525410545138,-0.5503313595284202,-0.43766978844634874,-1.4606269881872138,0.634682799213388,0.40112424558271104,-1.099672391311716,0.6114319153500704
Union College KY,Yes,484,384,177,9,45,634,78,7800,2950,500,600,60.0,88,14.1,9,6864,64,-1.1656497521349887,-1.1747880770089658,-1.0583017504119752,-1.3390590413944048,-1.229807900003737,-0.8606332750020435,-0.5867007137093613,-0.22262317064607157,-1.419790908781924,-0.8786660394374439,0.5227114720482265,0.06325006563784952,-1.1963666133652986,-0.5633165271415137,0.7933884297520661,Low,0,1,-1.1656497521349882,-1.1747880770089658,-1.058301750411975,-1.3390590413944048,-1.2298079000037392,-0.8606332750020433,-0.5867007137093617,-0.22262317064607365,-1.419790908781924,-0.8786660394374436,0.522711472048227,0.06325006563784934,-1.196366613365299,-0.5633165271414763,0.3149425617827612,-1.099672391311716,0.6114319153500704
Union College NY,Yes,3495,1712,528,49,84,1915,123,18732,6204,450,1024,94.0,96,11.5,49,15411,88,0.7169066888901138,0.38002848466150874,0.18303799041014682,1.2357659546725401,0.04155687470822844,-0.6058665802693651,1.806157249003777,-0.6036744589706652,-0.33320811243078624,1.509847796090948,1.2719213033900254,-0.6299164265370601,1.8045989566129816,1.3679923757857084,0.4898426323319027,High,2,1,0.7169066888901142,0.38002848466150885,0.18303799041014693,1.2357659546725401,0.04155687470822625,-0.605866580269365,1.806157249003777,-0.6036744589706673,-0.33320811243078624,1.5098477960909482,1.271921303390026,-0.6299164265370605,1.8045989566129816,1.367992375785746,-1.774109909944123,1.8301690512544988,0.6114319153500704
Univ. of Wisconsin at OshKosh,No,4800,2900,1515,14,48,7764,1472,6874,2394,518,1890,73.0,78,19.2,14,5901,56,0.9940277990879458,0.8914937528277224,1.1988720901735557,-0.7738575489017414,1.2660067374309676,0.9990820065663502,-0.8760986862186583,-0.09357396037950251,0.9477703167153032,-0.08499874626512405,-0.273401038284349,1.289829944497057,-0.6391619317856582,-1.0250302930509336,0.6041666666666666,Low,0,0,0.9940277990879463,0.8914937528277225,1.198872090173556,-0.7738575489017415,1.2660067374309654,0.9990820065663503,-0.8760986862186588,-0.09357396037950456,0.9477703167153032,-0.08499874626512376,-0.2734010382843487,1.289829944497057,-0.6391619317856585,-1.025030293050896,-0.9873129635372373,-1.099672391311716,-1.635505074064474
University of Alabama at Birmingham,No,1797,1260,938,24,35,6960,4698,4440,5175,750,2200,96.0,96,6.7,16,16352,33,0.11417786964412117,0.07396608298339193,0.7570875007440419,0.01057495289120002,1.183342665173772,1.8929068184565199,-1.7853025501037445,1.2919414548995862,1.2711621900847665,1.681765281041989,1.2719213033900254,-2.103197461713818,-0.44458151258091694,1.4796848305021724,0.7011686143572621,Low,0,0,0.11417786964412163,0.07396608298339202,0.757087500744042,0.010574952891199925,1.1833426651737697,1.8929068184565199,-1.7853025501037454,1.2919414548995845,1.2711621900847665,1.6817652810419892,1.271921303390026,-2.1031974617138185,-0.44458151258091727,1.47968483050221,-0.31972948747656826,-1.099672391311716,-1.635505074064474
University of Arkansas at Fayetteville,No,3235,3108,2133,25,65,9978,1530,5028,3300,500,2000,73.0,89,14.8,10,6820,39,0.6483886365443093,0.957356436107788,1.4949000641089671,0.07462985430502922,1.4483800055069245,1.02725428466481,-1.540368846256773,-0.22262317064607157,1.0679442535532966,-0.08499874626512405,0.6107698796775962,0.2409539322252467,-1.0747688529439479,-0.5822169126605858,0.960741885625966,Low,0,0,0.6483886365443098,0.9573564361077881,1.4949000641089674,0.07462985430502912,1.4483800055069223,1.02725428466481,-1.540368846256774,-0.22262317064607365,1.0679442535532966,-0.08499874626512376,0.6107698796775967,0.24095393222524655,-1.0747688529439483,-0.5822169126605484,1.4666967735581973,-1.099672391311716,-1.635505074064474
University of California at Berkeley,No,19873,8252,3215,95,100,19532,2061,11648,6246,636,1933,93.0,97,15.8,10,13919,78,2.157622471534697,1.853425150529064,1.8300927315422426,2.596814115743834,1.8899245500811057,1.2480222385871322,0.4195530470480689,0.666717974237076,0.9955204475593972,1.425191176895042,1.3728847638717647,0.4891402549986991,-1.0747688529439479,1.1677447020746587,0.4152367533839883,Medium,1,0,2.1576224715346974,1.853425150529064,1.8300927315422428,2.596814115743834,1.8899245500811035,1.2480222385871322,0.4195530470480686,0.6667179742370741,0.9955204475593972,1.4251911768950423,1.3728847638717654,0.489140254998699,-1.0747688529439483,1.1677447020746963,-2.287559930158913,0.36524832997139145,-1.635505074064474
University of California at Irvine,No,15698,10775,2478,85,100,12677,864,12024,5302,790,1818,96.0,96,16.1,11,15934,66,1.9729058215445303,2.0880189440027452,1.619824436383639,2.3513156977051644,1.6132835148329578,0.6212583203828307,0.5053700348163975,1.4916871938530933,0.8654526774813938,1.681765281041989,1.2719213033900254,0.5623716020246939,-0.9589007319312817,1.4313150965450232,0.6863931711045993,Medium,1,0,1.9729058215445308,2.0880189440027452,1.6198244363836392,2.3513156977051644,1.6132835148329556,0.6212583203828308,0.5053700348163973,1.4916871938530916,0.8654526774813938,1.6817652810419892,1.271921303390026,0.5623716020246938,-0.958900731931282,1.4313150965450607,-0.42141653605431656,0.36524832997139145,-1.635505074064474
University of Central Florida,No,6986,2959,1918,25,60,12330,7152,6618,4234,700,1600,80.0,98,22.2,9,6742,46,1.3134663512907692,0.9106761789577982,1.404618680794658,0.07462985430502922,1.5946079478664847,2.2422413468142235,-0.9605795865849084,1.0287304144592622,0.5958249401869283,0.4038409378509051,1.4755065650850636,1.950564408639862,-1.1963666133652986,-0.6161842958615394,0.42356140853134844,Low,0,0,1.3134663512907696,0.9106761789577983,1.4046186807946581,0.07462985430502912,1.5946079478664825,2.2422413468142235,-0.9605795865849089,1.0287304144592604,0.5958249401869283,0.40384093785090536,1.4755065650850643,1.9505644086398621,-1.196366613365299,-0.616184295861502,-2.230268274139723,-1.099672391311716,-1.635505074064474
University of Charleston,Yes,682,535,204,22,43,771,611,9500,3540,400,750,26.0,58,2.5,10,7683,57,-0.818887519336596,-0.8160201293038144,-0.8850908958079048,-0.12368771857670886,-0.981744279643955,0.38584612810083363,-0.10929006112141737,-1.0237043227479306,-0.9696251460136798,-2.2436857672515496,-1.4385813164973549,-3.8169330886990362,-1.0747688529439479,-0.24224583741032105,0.7844574780058651,Medium,1,1,-0.8188875193365955,-0.8160201293038143,-0.8850908958079047,-0.12368771857670896,-0.9817442796439573,0.3858461281008337,-0.10929006112141777,-1.0237043227479328,-0.9696251460136798,-2.243685767251549,-1.4385813164973547,-3.816933088699037,-1.0747688529439483,-0.2422458374102836,0.2534782721143069,0.36524832997139145,0.6114319153500704
University of Cincinnati,No,6855,5553,2408,26,57,11036,2011,8907,4697,556,1851,89.0,95,10.8,6,13889,54,1.2975668867746537,1.4971113225773578,1.5961680435749548,0.13682203138818058,1.5188557315857505,1.2295808610332917,-0.268933750981439,0.1664739618577731,0.9035595783666268,1.0952544342623864,1.1726062411645384,-0.8268617687914147,-1.6060058276198164,1.1633839766976475,0.8100656455142232,Medium,1,0,1.2975668867746541,1.4971113225773578,1.596168043574955,0.1368220313881805,1.5188557315857483,1.2295808610332917,-0.26893375098143946,0.1664739618577711,0.9035595783666268,1.0952544342623867,1.172606241164539,-0.8268617687914152,-1.6060058276198168,1.163383976697685,0.4297179238716403,0.36524832997139145,-1.635505074064474
University of Connecticut at Storrs,No,9735,7187,2064,23,63,12478,1660,11656,5072,700,2300,89.0,95,16.0,16,10178,71,1.5885542957698218,1.730221325551555,1.4671143097924075,-0.05547969999806644,1.6026507494859712,1.0870511971535235,0.4213977146293359,1.0287304144592622,1.3662631205517808,1.0952544342623864,1.1726062411645384,0.5380217334827528,-0.44458151258091694,0.4802033211802508,0.7382639958911146,Medium,1,0,1.5885542957698222,1.730221325551555,1.4671143097924078,-0.05547969999806654,1.602650749485969,1.0870511971535235,0.4213977146293356,1.0287304144592604,1.3662631205517808,1.0952544342623867,1.172606241164539,0.5380217334827527,-0.44458151258091727,0.48020332118028825,-0.06443292550282397,0.36524832997139145,-1.635505074064474
University of Dallas,Yes,681,588,246,44,74,1058,73,10760,6230,500,1200,85.0,93,13.4,26,8731,63,-0.8203524026071914,-0.7153058060413118,-0.6623581047513377,1.036004475647191,-0.6023991710183829,-0.8967597539843405,0.2094020116327174,-0.22262317064607157,-0.005344142276702718,0.7792401852307248,0.9788813231015295,-0.11798738684027212,0.38265991480354933,0.09957554773531214,0.8634361233480177,Medium,1,1,-0.820352402607191,-0.7153058060413117,-0.6623581047513376,1.036004475647191,-0.6023991710183851,-0.8967597539843404,0.20940201163271707,-0.22262317064607365,-0.005344142276702737,0.7792401852307251,0.97888132310153,-0.11798738684027234,0.3826599148035491,0.09957554773534959,0.7970223951689493,0.36524832997139145,0.6114319153500704
University of Denver,Yes,2974,2001,580,29,60,2666,554,15192,4695,400,1350,84.0,91,15.9,21,11762,67,0.5733787961861904,0.5333232464503663,0.2803541964322726,0.3133903214820356,0.3658240760783474,0.32072920671965377,1.1668027522864708,-1.0237043227479306,0.23977239425227162,0.7024150564455859,0.7916295867079878,0.5136114615269335,-0.005802574972423054,0.8120534501357715,0.6728312037659717,Medium,1,1,0.5733787961861908,0.5333232464503664,0.2803541964322727,0.3133903214820355,0.3658240760783452,0.3207292067196538,1.1668027522864706,-1.0237043227479328,0.2397723942522716,0.7024150564455862,0.7916295867079882,0.5136114615269334,-0.005802574972423321,0.8120534501358089,-0.5147522423333364,0.36524832997139145,0.6114319153500704
University of Dubuque,Yes,576,558,137,11,39,662,131,10430,3620,400,1500,85.0,98,16.5,18,8767,45,-0.988582198754429,-0.771060793146635,-1.3805168196567532,-1.0904651799155018,-1.1740897863384485,-0.5697252789869615,0.12840923857902167,-1.0237043227479306,0.4602273976750806,0.7792401852307248,1.4755065650850636,0.6591773922895536,-0.2617966749661709,0.11019639283430634,0.96875,Medium,1,1,-0.9885821987544285,-0.7710607931466349,-1.380516819656753,-1.0904651799155018,-1.1740897863384507,-0.5697252789869613,0.1284092385790213,-1.0237043227479328,0.4602273976750806,0.7792401852307251,1.4755065650850643,0.6591773922895535,-0.2617966749661712,0.11019639283434378,1.5218099435283643,0.36524832997139145,0.6114319153500704
University of Evansville,Yes,2096,1626,694,35,67,2551,407,11800,4340,700,960,60.0,81,15.8,26,7780,77,0.2563016077089406,0.329018174530605,0.46242144017503145,0.6295768701744451,0.32395814763771164,0.11969810118574255,0.45446068528022043,1.0287304144592622,-0.4658994367148142,-0.8786660394374439,-0.05039854408423131,0.4891402549986991,0.38265991480354933,-0.20767681719135145,0.7757633587786259,Medium,1,1,0.25630160770894106,0.3290181745306051,0.46242144017503156,0.629576870174445,0.32395814763770947,0.11969810118574262,0.45446068528022016,1.0287304144592604,-0.4658994367148142,-0.8786660394374436,-0.05039854408423098,0.489140254998699,0.3826599148035491,-0.207676817191314,0.19364390308164325,0.36524832997139145,0.6114319153500704
University of Florida,No,12445,8836,3623,54,85,24470,3286,7090,4180,630,1530,88.0,97,13.4,20,14737,66,1.7878197024807434,1.913963540580208,1.9238085449963007,1.4210125420370903,2.024083028950286,1.6067800221618946,-0.8064089054679328,0.6311670248859246,0.5017881946960303,1.0149446356388536,1.3728847638717647,-0.11798738684027212,-0.08895267462994533,1.2813722247716437,0.7100040176777822,Low,0,0,1.7878197024807438,1.913963540580208,1.923808544996301,1.4210125420370903,2.0240830289502836,1.6067800221618946,-0.8064089054679333,0.6311670248859227,0.5017881946960303,1.0149446356388538,1.3728847638717654,-0.11798738684027234,-0.0889526746299456,1.2813722247716812,-0.2589227779048731,-1.099672391311716,-1.635505074064474
University of Georgia,No,11220,7871,3320,43,79,19553,2748,5697,3600,525,1755,88.0,95,14.7,22,7881,63,1.704189333532734,1.8114091885083592,1.855469814281941,0.994062710733832,1.8905800484538944,1.4673476192146868,-1.2835691958219886,-0.04444461100956184,0.7908392736834364,1.0149446356388536,1.1726062411645384,0.21577495035720026,0.07536745536606099,-0.17237527694269866,0.7015151515151515,Low,0,0,1.7041893335327345,1.8114091885083592,1.8554698142819412,0.9940627107338319,1.8905800484538922,1.4673476192146868,-1.2835691958219893,-0.04444461100956388,0.7908392736834364,1.0149446356388538,1.172606241164539,0.21577495035720012,0.07536745536606074,-0.17237527694266122,-0.31734456133894123,-1.099672391311716,-1.635505074064474
University of Hartford,Yes,5081,4040,1194,11,26,3768,1415,14220,6000,500,1440,61.0,76,10.7,9,10625,66,1.0430293632778016,1.2039227339866356,0.9835060463914855,-1.0904651799155018,0.6806075575902413,0.9704014350253919,0.9743693286590571,-0.22262317064607157,0.37467814129338023,-0.8229044689180576,-0.41474500229721806,-0.855404703879397,-1.1963666133652986,0.5814724203858306,0.7951190710490061,Medium,1,1,1.043029363277802,1.2039227339866356,0.9835060463914856,-1.0904651799155018,0.680607557590239,0.970401435025392,0.974369328659057,-0.22262317064607365,0.37467814129338023,-0.8229044689180572,-0.4147450022972178,-0.8554047038793975,-1.196366613365299,0.581472420385868,0.32685312193471333,0.36524832997139145,0.6114319153500704
University of Hawaii at Manoa,No,3580,2603,1627,36,69,11028,2411,4460,3038,687,1281,85.0,87,11.8,6,12833,54,0.7381246286695209,0.7881365488498504,1.261871094705397,0.678301268324476,1.5183541757005254,1.3668432591211954,-1.7766325562856735,0.9576080440991241,0.13041810782177693,0.7792401852307248,0.43622029750213775,-0.5469725995435838,-1.6060058276198164,1.0000882515433152,0.7270949720670391,Low,0,0,0.7381246286695213,0.7881365488498505,1.2618710947053973,0.6783012683244759,1.5183541757005232,1.3668432591211954,-1.7766325562856744,0.9576080440991224,0.1304181078217769,0.7792401852307251,0.43622029750213814,-0.5469725995435841,-1.6060058276198168,1.0000882515433527,-0.14129999803278753,-1.099672391311716,-1.635505074064474
University of Illinois - Urbana,No,14939,11652,5705,52,88,25422,911,7560,4574,500,1982,87.0,90,17.4,13,8559,81,1.933674080938673,2.156022903256787,2.264737932467067,1.3484974077177594,2.046150347962547,0.6579517512353936,-0.6594432000434237,-0.22262317064607157,1.0487165894467245,0.9355053891588669,0.700405830648109,0.8736511761798803,-0.7416251041701869,0.04789258598258782,0.7799718856683847,Low,0,0,1.9336740809386734,2.156022903256787,2.264737932467067,1.3484974077177594,2.046150347962545,0.6579517512353937,-0.6594432000434242,-0.22262317064607365,1.0487165894467245,0.9355053891588673,0.7004058306481095,0.8736511761798803,-0.7416251041701872,0.04789258598262527,0.222607682439162,-1.099672391311716,-1.635505074064474
University of Illinois at Chicago,No,8384,5727,2710,22,50,13518,2916,7230,5088,630,3228,82.0,84,10.0,6,13883,34,1.4655369893576469,1.5252118989540149,1.6930446638665977,-0.12368771857670886,1.6560713082980694,1.5133544213647316,-0.7619803835820994,0.6311670248859246,2.098215191193328,0.5513818552357662,0.18604632551126654,-1.0582522448354243,-1.6060058276198164,1.1625101041280865,0.6830868320610687,Low,0,0,1.4655369893576473,1.5252118989540149,1.693044663866598,-0.12368771857670896,1.6560713082980671,1.5133544213647316,-0.7619803835821,0.6311670248859227,2.098215191193328,0.5513818552357665,0.1860463255112669,-1.0582522448354248,-1.6060058276198168,1.162510104128124,-0.44417130917243686,-1.099672391311716,-1.635505074064474
University of Indianapolis,Yes,1487,1276,388,26,51,1417,1646,11120,4080,525,1405,55.0,56,11.1,23,6735,69,-0.0629286128162282,0.08669126136028463,-0.14614654487414386,0.13682203138818058,-0.2748235371252952,1.0808188323627916,0.2959207912537081,-0.04444461100956184,0.323194419998781,-1.1441971717488406,-1.526458347733091,-0.7418550947282283,0.15468771075919893,-0.6192620133642909,0.8581035642232683,Medium,1,1,-0.06292861281622775,0.08669126136028472,-0.14614654487414375,0.1368220313881805,-0.2748235371252974,1.0808188323627916,0.2959207912537078,-0.04444461100956388,0.323194419998781,-1.1441971717488404,-1.5264583477330909,-0.7418550947282286,0.15468771075919868,-0.6192620133642535,0.7603228397316271,0.36524832997139145,0.6114319153500704
University of Kansas,No,8579,5561,3681,25,50,17880,1673,6994,3384,700,2681,88.0,94,13.7,17,9657,57,1.4845579840211245,1.498423813377689,1.9361379098267963,0.07462985430502922,1.835484615994333,1.0927960424567673,-0.837207739241639,1.0287304144592622,1.6957732133949233,1.0149446356388536,1.074929591154588,-0.03986551937032104,-0.3518428206385443,0.3532358632718557,0.6482107471733303,Low,0,0,1.484557984021125,1.498423813377689,1.9361379098267966,0.07462985430502912,1.8354846159943308,1.0927960424567673,-0.8372077392416396,1.0287304144592604,1.6957732133949233,1.0149446356388538,1.0749295911545886,-0.03986551937032124,-0.3518428206385446,0.35323586327189316,-0.6841943039169093,-1.099672391311716,-1.635505074064474
University of Louisville,No,4777,3057,1823,16,33,9844,6198,6540,3600,530,2440,84.0,92,11.1,24,10207,31,0.9898812688290018,0.9416529011564256,1.3609314035407656,-0.5897369692550372,1.4388057976304327,2.1216318382607375,-0.9867449763458727,-0.009701516013621186,1.4929971869141407,0.7024150564455859,0.8844513618593768,-0.7418550947282283,0.2322748898408057,0.4869783187223079,0.6399413858069918,Low,0,0,0.9898812688290023,0.9416529011564257,1.3609314035407658,-0.5897369692550373,1.4388057976304305,2.1216318382607375,-0.9867449763458732,-0.009701516013623221,1.4929971869141407,0.7024150564455862,0.8844513618593772,-0.7418550947282286,0.23227488984080544,0.48697831872234537,-0.7411054189735946,-1.099672391311716,-1.635505074064474
University of Maine at Farmington,No,1208,803,438,20,48,1906,344,6810,3970,450,1647,67.0,75,15.9,26,5712,59,-0.2601772454369252,-0.3876137867938166,-0.014780180620615212,-0.2672791173259531,0.03676765421074041,0.012567869023489395,-0.8970228134866389,-0.6036744589706652,0.6567918408911206,-0.46979766094537384,-0.4832523787413146,0.5136114615269335,0.38265991480354933,-1.1293710800128907,0.6647350993377483,Low,0,0,-0.2601772454369248,-0.3876137867938165,-0.014780180620615098,-0.2672791173259532,0.036767654210738215,0.012567869023489461,-0.8970228134866395,-0.6036744589706673,0.6567918408911206,-0.46979766094537356,-0.4832523787413143,0.5136114615269334,0.3826599148035491,-1.1293710800128531,-0.5704709744353265,-1.099672391311716,-1.635505074064474
University of Maine at Machias,No,441,369,172,17,45,633,317,6600,3680,600,400,46.0,46,15.1,4,5935,64,-1.2612641259244715,-1.2184445773372774,-1.093721092362519,-0.5039903742110078,-1.2318530937348913,-0.03887452676451372,-0.9665997277865076,0.4488454168127673,-2.2253916621767957,-1.5661845895855535,-1.8955440257679914,0.31608928492044563,-1.9343125782540076,-1.006800706193312,0.8367346938775511,Low,0,0,-1.261264125924471,-1.2184445773372774,-1.0937210923625187,-0.5039903742110079,-1.2318530937348935,-0.03887452676451365,-0.9665997277865082,0.44884541681276535,-2.2253916621767957,-1.5661845895855533,-1.8955440257679912,0.31608928492044547,-1.934312578254008,-1.0068007061932744,0.6132587334480507,-1.099672391311716,-1.635505074064474
University of Maine at Presque Isle,No,461,381,235,10,40,974,503,6600,3630,400,1675,67.0,67,15.2,11,6408,35,-1.2156010323760753,-1.1833719378672336,-0.7161965731961483,-1.2101701573606454,-0.6990344730646297,0.2571185519420583,-0.9665997277865076,-1.0237043227479306,0.6923303979988964,-0.46979766094537384,-0.9808282263537185,0.34100260612554617,-0.9589007319312817,-0.7687153063746647,0.8264642082429501,Low,0,0,-1.2156010323760749,-1.1833719378672336,-0.7161965731961482,-1.2101701573606454,-0.699034473064632,0.25711855194205835,-0.9665997277865082,-1.0237043227479328,0.6923303979988964,-0.46979766094537356,-0.9808282263537182,0.341002606125546,-0.958900731931282,-0.7687153063746273,0.5425755496150024,-1.099672391311716,-1.635505074064474
University of Maryland at Baltimore County,No,4269,2594,985,27,57,6476,2592,8594,4408,494,2768,82.0,88,18.4,6,7618,55,0.8923938094364688,0.7848106890479524,0.8036386980871585,0.1972742770918786,1.1277439615786617,1.4222937210088045,-0.35602222014425533,-0.2665425749834697,1.7647339722825166,0.5513818552357662,0.5227114720482265,1.1068607883955666,-1.6060058276198164,-0.2657861386384375,0.6076364488170531,Low,0,0,0.8923938094364693,0.7848106890479525,0.8036386980871586,0.19727427709187853,1.1277439615786595,1.4222937210088045,-0.3560222201442558,-0.26654257498347184,1.7647339722825166,0.5513818552357665,0.522711472048227,1.1068607883955666,-1.6060058276198168,-0.2657861386384,-0.9634333478771812,-1.099672391311716,-1.635505074064474
University of Maryland at College Park,No,14292,10315,3409,22,53,19340,3991,8723,5146,550,1550,89.0,92,18.1,12,9021,63,1.8985015673119288,2.049943861448605,1.876265793918508,-0.12368771857670886,1.8838912788809588,1.7611280952280626,-0.31988159943900113,0.12646725882300056,0.5290667951806275,1.0952544342623864,0.8844513618593768,1.037437464562729,-0.8480459248697001,0.18328298510723848,0.7217324377273999,Low,0,0,1.8985015673119292,2.049943861448605,1.8762657939185081,-0.12368771857670896,1.8838912788809565,1.7611280952280626,-0.3198815994390016,0.12646725882299856,0.5290667951806275,1.0952544342623867,0.8844513618593772,1.037437464562729,-0.8480459248697004,0.18328298510727592,-0.17820584786551322,-1.099672391311716,-1.635505074064474
University of Massachusetts at Amherst,No,14438,12414,3816,12,39,16282,1940,8566,3897,500,1400,88.0,92,16.7,15,10276,68,1.906585910823364,2.2108103724565487,1.9639884951362605,-0.9785370964802453,1.7766451364546136,1.2026697309613046,-0.3639136154262608,-0.22262317064607157,0.31574018896209594,1.0149446356388536,0.8844513618593768,0.7072311119742073,-0.5402591781850784,0.5029805341342166,0.8598143787228147,Low,0,0,1.9065859108233645,2.2108103724565487,1.9639884951362607,-0.9785370964802454,1.7766451364546114,1.2026697309613046,-0.3639136154262612,-0.22262317064607365,0.31574018896209594,1.0149446356388538,0.8844513618593772,0.7072311119742072,-0.5402591781850787,0.502980534134254,0.7720969485788555,-1.099672391311716,-1.635505074064474
University of Massachusetts at Dartmouth,No,3347,2597,1006,10,37,4664,1630,6919,4500,500,1250,74.0,90,15.0,20,7462,56,0.6786043210874244,0.7859206768218125,0.8236172838229183,-1.2101701573606454,0.863117051163414,1.0736372501172737,-0.8614627919935454,-0.22262317064607157,0.0794512520083775,-0.017792359075214106,0.700405830648109,0.2911104741628506,-0.08895267462994533,-0.32355624628774443,0.775918733193905,Low,0,0,0.6786043210874249,0.7859206768218127,0.8236172838229184,-1.2101701573606454,0.8631170511634118,1.0736372501172737,-0.8614627919935459,-0.22262317064607365,0.07945125200837748,-0.01779235907521381,0.7004058306481095,0.2911104741628504,-0.0889526746299456,-0.32355624628770696,0.19471321555126278,-1.099672391311716,-1.635505074064474
University of Miami,Yes,7122,5386,1643,42,69,7760,876,16500,6526,630,1985,82.0,94,5.9,17,17500,59,1.3296372500984097,1.469242200702061,1.2704615797033922,0.9513952875026418,1.2656216935966027,0.6307950569872891,1.413409516871223,0.6311670248859246,1.0519327083137655,0.5513818552357662,1.074929591154588,-2.3855185262089877,-0.3518428206385443,1.6033313055153735,0.7562482448750351,High,2,1,1.3296372500984102,1.469242200702061,1.2704615797033925,0.9513952875026417,1.2656216935966005,0.6307950569872892,1.4134095168712228,0.6311670248859227,1.0519327083137655,0.5513818552357665,1.0749295911545886,-2.385518526208988,-0.3518428206385446,1.603331305515411,0.05933765577788775,1.8301690512544988,0.6114319153500704
University of Minnesota at Duluth,No,4192,3126,1656,15,45,5887,1254,8828,3474,753,2610,79.0,91,19.0,11,6393,53,0.8765347056757058,0.9628332303972733,1.2773706324833314,-0.6795322253656407,1.0528215127529639,0.8833589546499336,-0.29072272729085163,1.3072413848873072,1.6378983825288562,0.3313811845790514,0.7916295867079878,1.2443756067489222,-0.9589007319312817,-0.7758499702763374,0.745706106870229,Medium,1,0,0.8765347056757062,0.9628332303972734,1.2773706324833316,-0.6795322253656408,1.0528215127529617,0.8833589546499337,-0.2907227272908521,1.3072413848873055,1.6378983825288562,0.3313811845790517,0.7916295867079882,1.2443756067489222,-0.958900731931282,-0.7758499702763,-0.013215084676436693,0.36524832997139145,-1.635505074064474
University of Minnesota at Morris,No,1458,874,588,56,86,1846,154,9843,3180,600,1500,74.0,78,14.6,16,6716,51,-0.08149330462522673,-0.29971936366292373,0.2944301613795574,1.491573106355637,0.00411824160000706,-0.4759313470505565,-0.01991685458236399,0.4488454168127673,0.4602273976750806,-0.017792359075214106,-0.273401038284349,0.19052797710194921,-0.44458151258091694,-0.6276405142209003,0.5994513031550068,Medium,1,0,-0.08149330462522628,-0.2997193636629236,0.2944301613795575,1.491573106355637,0.004118241600004869,-0.47593134705055645,-0.019916854582364377,0.44884541681276535,0.4602273976750806,-0.01779235907521381,-0.2734010382843487,0.19052797710194908,-0.44458151258091727,-0.6276405142208629,-1.0197648765034002,0.36524832997139145,-1.635505074064474
University of Minnesota Twin Cities,No,11054,6397,3524,26,55,16502,21836,8949,3744,714,2910,88.0,90,12.2,37,16122,45,1.6921061504569466,1.625492192767069,1.9022285493507147,0.13682203138818058,1.7851546315813869,3.242314516191947,-0.25740130928023963,1.1040442517265234,1.872979584473104,1.0149446356388536,0.700405830648109,-0.4376697884463484,1.120254670067823,1.4533069848334812,0.5787045413425005,Medium,1,0,1.692106150456947,1.625492192767069,1.902228549350715,0.1368220313881805,1.7851546315813847,3.242314516191947,-0.2574013092802401,1.1040442517265217,1.872979584473104,1.0149446356388538,0.7004058306481095,-0.43766978844634874,1.120254670067823,1.4533069848335187,-1.1625475287855311,0.36524832997139145,-1.635505074064474
University of Missouri at Columbia,No,6574,4637,2940,32,62,14782,1583,9057,3485,600,1983,87.0,87,12.7,15,10145,58,1.26233176827961,1.3317369106126546,1.7588247579601575,0.47695784935626834,1.7146201146449582,1.0521670510509313,-0.2279085450948114,0.4488454168127673,1.0497891433938515,0.9355053891588669,0.43622029750213775,-0.303019110231878,-0.5402591781850784,0.47245786982306537,0.7053544265287496,Medium,1,0,1.2623317682796105,1.3317369106126546,1.7588247579601577,0.4769578493562682,1.714620114644956,1.0521670510509313,-0.22790854509481184,0.44884541681276535,1.0497891433938515,0.9355053891588673,0.43622029750213814,-0.3030191102318783,-0.5402591781850787,0.47245786982310284,-0.2909220345737478,0.36524832997139145,-1.635505074064474
University of Missouri at Rolla,No,1877,1826,823,49,77,3926,561,9057,3600,700,1435,88.0,88,14.4,23,9699,49,0.15456352722695518,0.44358023507395616,0.6308301847356538,1.2357659546725401,0.7164180133645317,0.3290435004832651,-0.2279085450948114,1.0287304144592622,0.3673966969375649,1.0149446356388536,0.5227114720482265,0.13982744087814877,0.15468771075919893,0.3638561238080358,0.9728289824187534,Medium,1,0,0.15456352722695563,0.4435802350739563,0.6308301847356539,1.2357659546725401,0.7164180133645295,0.32904350048326514,-0.22790854509481184,1.0287304144592604,0.3673966969375649,1.0149446356388538,0.522711472048227,0.1398274408781486,0.15468771075919868,0.36385612380807325,1.5498821763724657,0.36524832997139145,-1.635505074064474
University of Missouri at Saint Louis,No,1618,1141,479,18,54,4793,4552,7246,3964,500,4288,71.0,73,13.4,15,6433,48,0.016347789105683925,-0.026462365161196877,0.08064584770903417,-0.42188701698591335,0.8858477014088411,1.8672353825244081,-0.7569388764539676,-0.22262317064607157,2.72074632807002,-0.2167793357746881,-0.6159930277260232,-0.11798738684027212,-0.5402591781850784,-0.7568807360380997,0.7051915945611866,Low,0,0,0.016347789105684383,-0.026462365161196783,0.08064584770903428,-0.42188701698591347,0.8858477014088388,1.8672353825244081,-0.7569388764539682,-0.22262317064607365,2.72074632807002,-0.2167793357746878,-0.6159930277260229,-0.11798738684027234,-0.5402591781850787,-0.7568807360380623,-0.29204267115381116,-1.099672391311716,-1.635505074064474
University of Mobile,Yes,452,331,269,17,54,1417,301,6150,3680,550,1200,59.0,63,16.6,4,5412,52,-1.2358805470453378,-1.3381215430667692,-0.5582477867680236,-0.5039903742110078,-0.2748235371252952,-0.0712584827543432,-1.1207384551765858,0.12646725882300056,-0.005344142276702718,-0.9335433168574541,-1.1971425260127022,0.6832329404588044,-1.9343125782540076,-1.3062974029115493,0.7323008849557522,Low,0,1,-1.2358805470453373,-1.3381215430667692,-0.5582477867680234,-0.5039903742110079,-0.2748235371252974,-0.07125848275434313,-1.1207384551765864,0.12646725882299856,-0.005344142276702737,-0.9335433168574537,-1.197142526012702,0.6832329404588043,-1.934312578254008,-1.3062974029115118,-0.10547204297562258,-1.099672391311716,0.6114319153500704
University of Montevallo,No,1351,892,570,18,78,2385,331,4440,3030,300,600,72.0,72,18.9,8,5883,51,-0.1535967842035232,-0.27864694497390236,0.26244112951552084,-0.42188701698591335,0.25928478801863636,-0.011727341842467074,-1.7853025501037445,-2.023772875573782,-1.419790908781924,-0.15132790347030226,-0.6802485294455134,1.2215773371973018,-1.3245972639117196,-1.03474636585721,0.6602516654330126,Low,0,0,-0.15359678420352277,-0.27864694497390224,0.26244112951552095,-0.42188701698591347,0.2592847880186342,-0.011727341842467008,-1.7853025501037454,-2.0237728755737847,-1.419790908781924,-0.15132790347030195,-0.6802485294455132,1.2215773371973018,-1.32459726391172,-1.0347463658571725,-0.6013267094186964,-1.099672391311716,-1.635505074064474
University of Nebraska at Lincoln,No,6277,6003,3526,33,63,16454,3171,5595,3145,500,2070,86.0,92,15.1,48,6813,53,1.2232861484460642,1.5679659058976902,1.902671396669914,0.5289610409990295,1.7833098618531225,1.5788057953237502,-1.3213956385429435,-0.22262317064607157,1.1411856778295244,0.8569371017481758,0.8844513618593768,0.31608928492044563,1.7511561240319364,-0.5852409779742691,0.9563485741596304,Low,0,0,1.2232861484460646,1.5679659058976902,1.9026713966699142,0.5289610409990294,1.7833098618531202,1.5788057953237502,-1.3213956385429442,-0.22262317064607365,1.1411856778295244,0.8569371017481762,0.8844513618593772,0.31608928492044547,1.7511561240319364,-0.5852409779742317,1.436461276128099,-1.099672391311716,-1.635505074064474
University of New Hampshire,No,9750,7640,2529,24,62,10358,1338,11180,3862,650,2450,89.0,87,17.5,16,7855,75,1.5898149149723997,1.7848630800290517,1.6365797826458217,0.01057495289120002,1.4746996912191521,0.9299541727948594,0.31016121589584417,0.7485437875764888,1.5017828582751027,1.0952544342623864,0.43622029750213775,0.8972070291531553,-0.44458151258091694,-0.18139647555998148,0.7835897435897435,Medium,1,0,1.5898149149724001,1.7848630800290517,1.636579782645822,0.010574952891199925,1.47469969121915,0.9299541727948595,0.31016121589584383,0.7485437875764869,1.5017828582751027,1.0952544342623867,0.43622029750213814,0.8972070291531553,-0.44458151258091727,-0.18139647555994404,0.24750638008942077,0.36524832997139145,-1.635505074064474
University of North Carolina at Asheville,No,1757,979,394,32,74,2033,1078,5972,3420,600,750,77.0,83,13.0,11,7011,37,0.09325420409664144,-0.1828183474877653,-0.1293806853323851,0.47695784935626834,0.10191821077861928,0.7758106304547288,-1.183750605912319,0.4488454168127673,-0.9696251460136798,0.18908533721226045,0.10571998260266878,-0.22323711250244924,-0.9589007319312817,-0.5014914058834564,0.5571997723392146,Low,0,0,0.0932542040966419,-0.1828183474877652,-0.12938068533238498,0.4769578493562682,0.10191821077861708,0.7758106304547289,-1.1837506059123197,0.44884541681276535,-0.9696251460136798,0.18908533721226076,0.10571998260266914,-0.2232371125024495,-0.958900731931282,-0.501491405883419,-1.3105469121472653,-1.099672391311716,-1.635505074064474
University of North Carolina at Chapel Hill,No,14596,5985,3331,75,92,14609,1100,8400,4200,550,1200,88.0,93,8.9,23,15893,83,1.9152363394392948,1.5652422122375327,1.8580747027840938,2.083490984924034,1.7069747915411329,0.790086621536968,-0.4110492657654314,0.12646725882300056,-0.005344142276702718,1.0149446356388536,0.9788813231015295,-1.3887861225664855,0.15468771075919893,1.426466263871436,0.41004384762948753,Low,0,0,1.9152363394392953,1.5652422122375327,1.858074702784094,2.083490984924034,1.7069747915411306,0.7900866215369681,-0.4110492657654319,0.12646725882299856,-0.005344142276702737,1.0149446356388538,0.97888132310153,-1.388786122566486,0.15468771075919868,1.4264662638714736,-2.3232983679633032,-1.099672391311716,-1.635505074064474
University of North Carolina at Charlotte,No,5803,4441,1730,19,62,10099,3255,7248,3109,600,1900,79.0,91,16.8,7,6227,62,1.156662346433231,1.2918145129418015,1.3155436349627878,-0.3430819714331799,1.456891596437411,1.5993272660133844,-0.7563092015738125,0.4488454168127673,0.9589665605710901,0.3313811845790514,0.7916295867079878,0.7311723860406061,-1.4606269881872134,-0.8565527944379555,0.7652938135447183,Low,0,0,1.1566623464332315,1.2918145129418015,1.315543634962788,-0.34308197143318003,1.4568915964374087,1.5993272660133844,-0.7563092015738131,0.44884541681276535,0.9589665605710901,0.3313811845790517,0.7916295867079882,0.731172386040606,-1.4606269881872138,-0.8565527944379181,0.12159075810438935,-1.099672391311716,-1.635505074064474
University of North Carolina at Greensboro,No,5191,4134,1500,15,44,7532,1847,8677,3505,600,1300,75.0,94,15.5,17,7392,53,1.0614232667262324,1.2253368720082547,1.1900282197714291,-0.6795322253656407,1.2432651601813545,1.1660415323029216,-0.3327284904883293,0.4488454168127673,0.16107890591759866,0.05029077019095683,1.074929591154588,0.41535559434457464,-0.3518428206385443,-0.35008237279741933,0.7963783471392796,Low,0,0,1.0614232667262329,1.2253368720082547,1.1900282197714294,-0.6795322253656408,1.2432651601813522,1.1660415323029216,-0.33272849048832975,0.44884541681276535,0.16107890591759863,0.05029077019095713,1.0749295911545886,0.41535559434457453,-0.3518428206385446,-0.35008237279738186,0.3355196686348507,-1.099672391311716,-1.635505074064474
University of North Carolina at Wilmington,No,6071,3856,1449,15,67,6635,1145,7558,3680,500,1500,82.0,85,19.1,15,6005,55,1.1950194812736274,1.1604206863933266,1.1591783528125879,-0.6795322253656407,1.1465527605930386,0.8185019345614357,-0.6600557067230214,-0.22262317064607157,0.4602273976750806,0.5513818552357662,0.26789815935115474,1.267126360170406,-0.5402591781850784,-0.9697669667588089,0.6351507165211662,Low,0,0,1.195019481273628,1.1604206863933266,1.159178352812588,-0.6795322253656408,1.1465527605930363,0.8185019345614358,-0.6600557067230218,-0.22262317064607365,0.4602273976750806,0.5513818552357665,0.26789815935115513,1.267126360170406,-0.5402591781850787,-0.9697669667587715,-0.7740755987548261,-1.099672391311716,-1.635505074064474
University of North Dakota,No,2777,2249,1652,20,54,8334,1435,5634,2703,450,1200,97.0,97,15.9,16,9424,49,0.5119167772832159,0.6470823354926665,1.2752514494063238,-0.2672791173259531,1.3185284218579514,0.9805816892768797,-1.30687960443351,-0.6036744589706652,-0.005344142276702718,1.7690253996954413,1.3728847638717647,0.5136114615269335,-0.44458151258091694,0.2930106542066217,0.8098667626935542,Low,0,0,0.5119167772832164,0.6470823354926666,1.275251449406324,-0.2672791173259532,1.3185284218579492,0.9805816892768798,-1.3068796044335107,-0.6036744589706673,-0.005344142276702737,1.7690253996954415,1.3728847638717654,0.5136114615269334,-0.44458151258091727,0.29301065420665917,0.4283491793473088,-1.099672391311716,-1.635505074064474
University of North Florida,No,1800,1253,560,44,85,3876,3588,6634,4360,600,2604,82.0,85,17.8,14,6104,47,0.1157269230152889,0.06834443433283527,0.24416201465661896,1.036004475647191,0.7052785432819211,1.6762389323241305,-0.9552373583739235,0.4488454168127673,1.6329391295352595,0.5513818552357662,0.26789815935115474,0.9675564808473687,-0.6391619317856582,-0.9185024859484986,0.6961111111111111,Low,0,0,0.11572692301528936,0.06834443433283537,0.24416201465661908,1.036004475647191,0.7052785432819189,1.6762389323241305,-0.9552373583739241,0.44884541681276535,1.6329391295352595,0.5513818552357665,0.26789815935115513,0.9675564808473687,-0.6391619317856585,-0.9185024859484612,-0.354536062783931,-1.099672391311716,-1.635505074064474
University of North Texas,No,4418,2737,2049,23,51,14047,5134,4104,3579,450,1700,86.0,94,22.6,6,5657,35,0.9222274914378683,0.8362507343077654,1.4609321344515325,-0.05547969999806644,1.6813553525649294,1.9654957286873227,-1.9349523801346218,-0.6036744589706652,0.7235868128126894,0.8569371017481758,1.074929591154588,2.0359078449496995,-1.6060058276198164,-1.16073133085185,0.6195110909913988,Low,0,0,0.9222274914378688,0.8362507343077655,1.4609321344515327,-0.05547969999806654,1.6813553525649272,1.9654957286873227,-1.9349523801346227,-0.6036744589706673,0.7235868128126894,0.8569371017481762,1.0749295911545886,2.0359078449497,-1.6060058276198168,-1.1607313308518126,-0.8817100929481995,-1.099672391311716,-1.635505074064474
University of Northern Colorado,No,5530,4007,1697,12,37,8463,1498,7731,4128,540,2286,75.0,75,21.5,8,6309,40,1.1155807655634136,1.196278514782931,1.2987578071992034,-0.9785370964802453,1.3298082963381603,1.0118326702557139,-0.6074620365696735,0.0589338371736782,1.3531886153125017,0.05029077019095683,-0.4832523787413146,1.7997318423114523,-1.3245972639117196,-0.8162820150347412,0.7245931283905968,Low,0,0,1.115580765563414,1.196278514782931,1.2987578071992036,-0.9785370964802454,1.3298082963381581,1.0118326702557139,-0.6074620365696739,0.05893383717367618,1.3531886153125017,0.05029077019095713,-0.4832523787413143,1.7997318423114526,-1.32459726391172,-0.8162820150347038,-0.15851810073941716,-1.099672391311716,-1.635505074064474
University of Northern Iowa,No,4144,3379,1853,18,52,10135,1448,6197,2930,595,2380,78.0,82,16.3,26,6333,77,0.8664893125793602,1.036432419086084,1.3750056494707659,-0.42188701698591335,1.4593999878324897,0.9871303730714659,-1.1043004851339697,0.4176870257932312,1.4395525292054838,0.259795832499163,0.026908565600263796,0.6108922141841117,0.38265991480354933,-0.8046464190036804,0.815395752895753,Low,0,0,0.8664893125793607,1.036432419086084,1.375005649470766,-0.42188701698591347,1.4593999878324875,0.987130373071466,-1.1043004851339704,0.41768702579322925,1.4395525292054838,0.25979583249916327,0.026908565600264143,0.6108922141841115,0.3826599148035491,-0.804646419003643,0.4664006060059005,-1.099672391311716,-1.635505074064474
University of Notre Dame,Yes,7700,3700,1906,79,96,7671,30,16850,4400,600,1350,96.0,92,13.1,46,13936,97,1.3948472333427362,1.1217645920950312,1.3992395668281605,2.1936075165532145,1.2569913216081674,-1.3598474556511049,1.4772088289660736,0.4488454168127673,0.23977239425227162,1.681765281041989,0.8844513618593768,-0.19680572791589224,1.6425081021362922,1.1702094101454779,0.4805194805194805,High,2,1,1.3948472333427366,1.1217645920950312,1.3992395668281608,2.1936075165532145,1.2569913216081652,-1.3598474556511049,1.4772088289660734,0.44884541681276535,0.2397723942522716,1.6817652810419892,0.8844513618593772,-0.1968057279158925,1.6425081021362922,1.1702094101455154,-1.8382733854511368,1.8301690512544988,0.6114319153500704
University of Oklahoma,No,4743,3970,2233,32,63,13436,2582,5173,3526,765,3176,86.0,90,11.5,11,10244,44,0.9837121543802694,1.1876273393183936,1.5333815542747848,0.47695784935626834,1.6520440672966366,1.4193228393353876,-1.48288934267615,1.367913245048873,2.0628699464583495,0.8569371017481758,0.700405830648109,-0.6299164265370601,-0.9589007319312817,0.4955796974213022,0.837022981235505,Low,0,0,0.9837121543802698,1.1876273393183936,1.533381554274785,0.4769578493562682,1.6520440672966343,1.4193228393353876,-1.4828893426761507,1.3679132450488711,2.0628699464583495,0.8569371017481762,0.7004058306481095,-0.6299164265370605,-0.958900731931282,0.49557969742133967,0.6152427748112315,-1.099672391311716,-1.635505074064474
University of Oregon,No,8631,6732,2546,25,61,11669,1605,10602,3660,570,1530,79.0,87,19.7,13,8020,54,1.489551839115721,1.6715023600440615,1.6420784957868229,0.07462985430502922,1.557192541449663,1.0622875809798185,0.17083001780522936,0.2583754172250177,0.5017881946960303,0.3313811845790514,0.43622029750213775,1.4026521772632392,-0.7416251041701869,-0.12490693885267555,0.7799791449426486,Medium,1,0,1.4895518391157214,1.6715023600440615,1.642078495786823,0.07462985430502912,1.5571925414496608,1.0622875809798185,0.170830017805229,0.2583754172250157,0.5017881946960303,0.3313811845790517,0.43622029750213814,1.4026521772632392,-0.7416251041701872,-0.12490693885263811,0.22265764196742063,0.36524832997139145,-1.635505074064474
University of Pennsylvania,Yes,12394,5232,2464,85,100,9205,531,17020,7270,500,1544,95.0,96,6.3,38,25765,93,1.7845177487698032,1.4427119186715271,1.6151552969342307,2.3513156977051644,1.3908566566800502,0.2927264191118248,1.5078837526081352,-0.22262317064607157,0.5209185478589052,1.5953726226723983,1.2719213033900254,-2.242580233458963,1.1813122658270099,2.2295528304123655,0.42213974503792157,High,2,1,1.7845177487698036,1.4427119186715271,1.6151552969342309,2.3513156977051644,1.390856656680048,0.29272641911182484,1.5078837526081352,-0.22262317064607365,0.5209185478589052,1.5953726226723985,1.271921303390026,-2.2425802334589635,1.1813122658270099,2.229552830412403,-2.2400523978539986,1.8301690512544988,0.6114319153500704
University of Pittsburgh-Main Campus,No,8586,6383,2503,25,59,13138,4289,10786,4560,400,900,93.0,93,7.8,10,13789,66,1.4852321254274106,1.6235137081159798,1.6280870222422181,0.07462985430502922,1.6371520428458566,1.819055507602627,0.21571363961876847,-1.0237043227479306,-0.5981756735654908,1.425191176895042,0.9788813231015295,-1.735969821446969,-1.0747688529439479,1.1487436591689248,0.7434195201490799,Medium,1,0,1.485232125427411,1.6235137081159798,1.6280870222422184,0.07462985430502912,1.6371520428458544,1.819055507602627,0.21571363961876813,-1.0237043227479328,-0.5981756735654908,1.4251911768950423,0.97888132310153,-1.7359698214469697,-1.0747688529439483,1.1487436591689624,-0.02895175335125438,0.36524832997139145,-1.635505074064474
University of Portland,Yes,1758,1485,419,27,58,2041,174,12040,4100,600,1100,92.0,96,13.2,17,9060,72,0.09378350987458638,0.23880380931772208,-0.06256046211013717,0.1972742770918786,0.10585508320202473,-0.40414794991936076,0.5089825336275624,0.4488454168127673,-0.18552421188393892,1.341403144864573,1.2719213033900254,-0.17045420531183852,-0.3518428206385443,0.19422685105511764,0.8447098976109215,Medium,1,1,0.09378350987458683,0.23880380931772216,-0.06256046211013706,0.19727427709187853,0.10585508320202254,-0.4041479499193607,0.5089825336275622,0.44884541681276535,-0.18552421188393894,1.3414031448645731,1.271921303390026,-0.17045420531183875,-0.3518428206385446,0.19422685105515508,0.6681454069362744,0.36524832997139145,0.6114319153500704
University of Puget Sound,Yes,4044,2826,688,51,83,2738,138,16230,4500,630,1800,79.0,86,15.0,17,11217,63,0.8451537460195787,0.8668363864373918,0.4537259432620312,1.3114660041543937,0.3909302536402648,-0.5397009451231483,1.363583835104498,0.6311670248859246,0.8443887826691915,0.3313811845790514,0.3512859964873121,0.2911104741628506,-0.3518428206385443,0.7059880275986502,0.6988130563798219,High,2,1,0.8451537460195792,0.8668363864373919,0.4537259432620313,1.3114660041543937,0.3909302536402626,-0.5397009451231481,1.3635838351044978,0.6311670248859227,0.8443887826691915,0.3313811845790517,0.3512859964873125,0.2911104741628504,-0.3518428206385446,0.7059880275986876,-0.33594082776488693,1.8301690512544988,0.6114319153500704
University of Rhode Island,No,9643,7751,1968,12,40,8894,2456,10330,5558,500,1250,84.0,89,16.6,7,9158,63,1.5807765500716544,1.797724470967002,1.4266212946567374,-0.9785370964802453,1.366026704677563,1.3809716912321117,0.10353474359439659,-0.22262317064607157,0.0794512520083775,0.7024150564455859,0.6107698796775962,0.6832329404588044,-1.4606269881872134,0.2214118700799641,0.8037954993259359,Medium,1,0,1.5807765500716549,1.797724470967002,1.4266212946567376,-0.9785370964802454,1.3660267046775607,1.3809716912321117,0.10353474359439624,-0.22262317064607365,0.07945125200837748,0.7024150564455862,0.6107698796775967,0.6832329404588043,-1.4606269881872138,0.22141187008000154,0.38656573891617,0.36524832997139145,-1.635505074064474
University of Richmond,Yes,5892,2718,756,46,72,2854,594,14500,3285,700,1125,75.0,89,11.7,32,11984,100,1.1696077927898099,0.8295836197755414,0.5474979915729887,1.1178230015151727,0.4297311029432948,0.36702017548713484,1.03066501843292,1.0287304144592622,-0.139061096643129,0.05029077019095683,0.6107698796775962,-0.574526650128418,0.8013473287828285,0.8531313478161563,0.46130346232179226,Medium,1,1,1.1696077927898103,0.8295836197755415,0.5474979915729888,1.1178230015151727,0.42973110294329264,0.3670201754871349,1.0306650184329198,1.0287304144592604,-0.13906109664312902,0.05029077019095713,0.6107698796775967,-0.5745266501284183,0.8013473287828284,0.8531313478161937,-1.970521206550316,0.36524832997139145,0.6114319153500704
University of Rochester,Yes,8766,5498,1243,56,75,5071,438,17840,6582,500,882,93.0,99,5.9,23,26037,80,1.5023672127080023,1.4880329038914581,1.0204364412821223,1.491573106355637,0.9323920028466908,0.16701089768361843,1.653089621904658,-0.22262317064607157,-0.6394974432693796,1.425191176895042,1.5797966065761389,-2.3855185262089877,0.15468771075919893,2.2448343313516275,0.6271959844855122,High,2,1,1.5023672127080028,1.4880329038914581,1.0204364412821225,1.491573106355637,0.9323920028466886,0.1670108976836185,1.653089621904658,-0.22262317064607365,-0.6394974432693796,1.4251911768950423,1.5797966065761395,-2.385518526208988,0.15468771075919868,2.2448343313516648,-0.8288213826274516,1.8301690512544988,0.6114319153500704
University of San Diego,Yes,3934,2735,886,40,70,3698,217,13600,5940,630,1820,93.0,96,15.6,13,10813,66,0.8210197998691084,0.8355512647746988,0.7023430337646067,0.8637602612893264,0.6641517402028863,-0.27213504550310685,0.8470751224088602,0.6311670248859246,0.8677808490244774,1.425191176895042,1.2719213033900254,0.4400128730840295,-0.7416251041701869,0.6221416286066642,0.6952211489578037,Medium,1,1,0.8210197998691089,0.8355512647746989,0.7023430337646068,0.8637602612893263,0.664151740202884,-0.2721350455031068,0.8470751224088601,0.6311670248859227,0.8677808490244774,1.4251911768950423,1.271921303390026,0.44001287308402937,-0.7416251041701872,0.6221416286067016,-0.36066092977899844,0.36524832997139145,0.6114319153500704
University of San Francisco,Yes,2306,1721,538,23,48,4309,549,13226,6452,750,2450,86.0,86,13.6,8,10074,62,0.34365598082739046,0.38520786049991484,0.20258817402730453,-0.05547969999806644,0.7963828043956037,0.3147321509419722,0.7684380085403596,1.2919414548995862,1.5017828582751027,0.8569371017481758,0.3512859964873121,-0.06583008815144414,-1.3245972639117196,0.45566215077403427,0.746313963573287,Medium,1,1,0.3436559808273909,0.38520786049991496,0.20258817402730464,-0.05547969999806654,0.7963828043956015,0.31473215094197227,0.7684380085403595,1.2919414548995845,1.5017828582751027,0.8569371017481762,0.3512859964873125,-0.06583008815144435,-1.32459726391172,0.45566215077407174,-0.009031714131459177,0.36524832997139145,0.6114319153500704
University of Sci. and Arts of Oklahoma,No,285,280,208,21,43,1140,473,3687,1920,600,1800,67.0,77,23.6,3,3864,43,-1.7188610454260578,-1.5241295088081317,-0.8616908943564776,-0.19422217291531432,-0.5166929502620915,0.2169235393923619,-2.132310188524996,0.4488454168127673,0.8443887826691915,-0.46979766094537384,-0.3447982089823837,2.246687224691259,-2.125098911203286,-2.532877759741911,0.9824561403508771,Low,0,0,-1.7188610454260573,-1.5241295088081317,-0.8616908943564775,-0.1942221729153144,-0.5166929502620937,0.21692353939236195,-2.132310188524997,0.44884541681276535,0.8443887826691915,-0.46979766094537356,-0.34479820898238345,2.2466872246912595,-2.125098911203287,-2.532877759741874,1.6161378723654167,-1.099672391311716,-1.635505074064474
University of Scranton,Yes,4471,2942,910,29,60,3674,493,11584,5986,650,800,83.0,83,14.1,41,9131,92,0.9325795691119303,0.9051912418030474,0.728057658115798,0.3133903214820356,0.6584220786244341,0.24396655559565655,0.4047657079754899,0.7485437875764888,-0.8385145305308968,0.6264621373681686,0.10571998260266878,0.06325006563784952,1.3596629107341651,0.21396663277295327,0.6580183404160144,Medium,1,1,0.9325795691119307,0.9051912418030476,0.7280576581157981,0.3133903214820355,0.6584220786244319,0.2439665555956566,0.4047657079754896,0.7485437875764869,-0.8385145305308968,0.6264621373681689,0.10571998260266914,0.06325006563784934,1.3596629107341651,0.21396663277299072,-0.6166968222207251,0.36524832997139145,0.6114319153500704
University of South Carolina at Aiken,No,848,560,377,14,24,1855,1412,5800,3066,500,1500,62.0,62,14.8,3,5035,48,-0.6031710541934188,-0.7672452218985273,-0.17767473475642906,-0.7738575489017414,0.009097528077887254,0.9688632049666667,-1.2458199677375605,-0.22262317064607157,0.4602273976750806,-0.7662592027979903,-1.2479642050627717,0.2409539322252467,-2.125098911203286,-1.5511151358178588,0.660377358490566,Low,0,0,-0.6031710541934183,-0.7672452218985272,-0.17767473475642895,-0.7738575489017415,0.009097528077885064,0.9688632049666668,-1.2458199677375612,-0.22262317064607365,0.4602273976750806,-0.76625920279799,-1.2479642050627715,0.24095393222524655,-2.125098911203287,-1.5511151358178212,-0.6004616689707888,-1.099672391311716,-1.635505074064474
University of South Carolina at Columbia,No,7693,5815,2328,30,66,12594,3661,8074,3522,495,2941,84.0,88,16.9,18,8246,63,1.3940893564040793,1.5390784078799593,1.568141615847179,0.36924448019518263,1.6088736624327964,1.6922340470125508,-0.505425783284638,-0.2591904146072674,1.8959411463143987,0.7024150564455859,0.5227114720482265,0.7550572350352502,-0.2617966749661709,-0.050353245244596716,0.755881970622644,Low,0,0,1.3940893564040797,1.5390784078799593,1.5681416158471793,0.3692444801951825,1.6088736624327942,1.6922340470125508,-0.5054257832846385,-0.2591904146072695,1.8959411463143987,0.7024150564455862,0.522711472048227,0.7550572350352502,-0.2617966749661712,-0.05035324524455927,0.056816895685701634,-1.099672391311716,-1.635505074064474
University of South Florida,No,7589,4676,1876,29,63,14770,10962,6760,3776,500,2180,84.0,89,17.0,7,11020,47,1.3827413706672438,1.339465428388686,1.3856191556673612,0.3133903214820356,1.714093333125874,2.612123849949302,-0.913459696964946,-0.22262317064607157,1.2516493840670053,0.7024150564455859,0.6107698796775962,0.77888612464485,-1.4606269881872134,0.665689365339259,0.6161549611279483,Low,0,0,1.3827413706672442,1.339465428388686,1.3856191556673614,0.3133903214820355,1.7140933331258719,2.612123849949302,-0.9134596969649466,-0.22262317064607365,1.2516493840670053,0.7024150564455862,0.6107698796775967,0.77888612464485,-1.4606269881872138,0.6656893653392965,-0.9048075347387471,-1.099672391311716,-1.635505074064474
University of Southern California,Yes,12229,8498,2477,45,71,13259,1429,17230,6482,600,2210,90.0,94,11.4,10,17007,68,1.7737340639236023,1.879466860457765,1.6194919361446658,1.0772490038094669,1.643248004921541,0.9775411349698175,1.5455001440018543,0.4488454168127673,1.2808553874713648,1.1764343828889745,1.074929591154588,-0.6577544312976554,-1.0747688529439479,1.5517960764288574,0.6949055523755009,High,2,1,1.7737340639236028,1.879466860457765,1.619491936144666,1.0772490038094669,1.6432480049215388,0.9775411349698176,1.5455001440018543,0.44884541681276535,1.2808553874713648,1.1764343828889747,1.0749295911545886,-0.6577544312976558,-1.0747688529439483,1.551796076428895,-0.3628329177489578,1.8301690512544988,0.6114319153500704
University of Southern Colorado,No,1401,1239,605,10,34,3716,675,7100,4380,540,2948,63.0,88,19.4,0,5389,36,-0.11916746876347034,0.05699979331298114,0.3236219604529559,-1.2101701573606454,0.6684193043841365,0.4527206652782281,-0.803216457558401,0.0589338371736782,1.9010941353575141,-0.7087308284652433,0.5227114720482265,1.3350969724479973,-2.951166872764196,-1.3204798618603366,0.8843683083511777,Low,0,0,-0.11916746876346988,0.05699979331298124,0.323621960452956,-1.2101701573606454,0.6684193043841343,0.45272066527822813,-0.8032164575584015,0.05893383717367618,1.9010941353575141,-0.7087308284652429,0.522711472048227,1.3350969724479973,-2.951166872764197,-1.320479861860299,0.9410811605715477,-1.099672391311716,-1.635505074064474
University of Southern Indiana,No,2379,2133,1292,8,25,4283,2973,4973,3192,500,1425,56.0,65,22.0,21,4078,38,0.37203408076708416,0.595634294915489,1.055725270950976,-1.47898716331229,0.7912332286801907,1.5284209801577604,-1.5624556980561881,-0.22262317064607157,0.3527611049272863,-1.0928632564596537,-1.0916144806733752,1.9076642374665906,-0.005802574972423054,-2.3216805901280257,0.8965952080706179,Low,0,0,0.3720340807670846,0.5956342949154891,1.0557252709509761,-1.47898716331229,0.7912332286801885,1.5284209801577604,-1.562455698056189,-0.22262317064607365,0.3527611049272863,-1.0928632564596534,-1.091614480673375,1.9076642374665909,-0.005802574972423321,-2.3216805901279884,1.0252287102907007,-1.099672391311716,-1.635505074064474
University of Southern Mississippi,No,2850,2044,1046,20,50,9260,1387,4652,2470,500,500,78.0,99,18.7,23,5917,45,0.5352230723888268,0.5540920634612096,0.8603745457925609,-0.2672791173259531,1.3951413258753234,0.9559286039326752,-1.69466922622657,-0.22262317064607157,-1.784000288095055,0.259795832499163,1.5797966065761389,1.175836839458332,0.15468771075919893,-1.0164317255754942,0.7171929824561404,Low,0,0,0.5352230723888273,0.5540920634612098,0.860374545792561,-0.2672791173259532,1.3951413258753211,0.9559286039326753,-1.6946692262265708,-0.22262317064607365,-1.784000288095055,0.25979583249916327,1.5797966065761395,1.175836839458332,0.15468771075919868,-1.0164317255754567,-0.2094471311753656,-1.099672391311716,-1.635505074064474
University of St. Thomas MN,Yes,2057,1807,828,26,53,4106,982,11712,4037,500,800,80.0,80,13.8,13,8546,89,0.23904523036214062,0.43328772419155287,0.6367330006720044,0.13682203138818058,0.755131996194109,0.7102633760604808,0.4342871966695034,-0.22262317064607157,-0.8385145305308968,0.4038409378509051,-0.12621201953217973,-0.013975971157088379,-0.7416251041701869,0.0439218246993488,0.8784637822070978,Medium,1,1,0.23904523036214106,0.433287724191553,0.6367330006720046,0.1368220313881805,0.7551319961941068,0.710263376060481,0.4342871966695031,-0.22262317064607365,-0.8385145305308968,0.40384093785090536,-0.12621201953217942,-0.013975971157088578,-0.7416251041701872,0.04392182469938625,0.9004452333391486,0.36524832997139145,0.6114319153500704
University of St. Thomas TX,Yes,374,280,185,45,77,995,408,8550,4050,500,1344,75.0,75,12.6,17,7237,62,-1.4322486214150194,-1.5241295088081317,-1.003964331913671,1.0772490038094669,-0.6739476488090127,0.12127434916968094,-0.36843058176594556,-0.22262317064607157,0.2304769889190976,0.05029077019095683,-0.4832523787413146,-0.32977869646566793,-0.3518428206385443,-0.41020831366401217,0.7486631016042781,Low,0,1,-1.432248621415019,-1.5241295088081317,-1.0039643319136708,1.0772490038094669,-0.6739476488090149,0.12127434916968101,-0.368430581765946,-0.22262317064607365,0.23047698891909757,0.05029077019095713,-0.4832523787413143,-0.3297786964656682,-0.3518428206385446,-0.4102083136639747,0.007135443021688821,-1.099672391311716,0.6114319153500704
University of Tennessee at Knoxville,No,7473,5372,3013,27,53,15749,3237,5764,3262,750,3300,86.0,92,16.5,22,8612,53,1.369885174711779,1.4668640541509785,1.7784701754712497,0.1972742770918786,1.7554340920112315,1.5949703973365241,-1.2589635214053299,1.2919414548995862,2.1462706963823095,0.8569371017481758,0.8844513618593768,0.6591773922895536,0.07536745536606099,0.06398618195807766,0.7188545430215443,Low,0,0,1.3698851747117795,1.4668640541509785,1.77847017547125,0.19727427709187853,1.7554340920112292,1.5949703973365241,-1.2589635214053305,1.2919414548995845,2.1462706963823095,0.8569371017481762,0.8844513618593772,0.6591773922895535,0.07536745536606074,0.0639861819581151,-0.1980119960636898,-1.099672391311716,-1.635505074064474
University of Texas at Arlington,No,3281,2559,1448,19,43,10975,8431,4422,2780,500,2850,73.0,73,21.0,4,4696,29,0.6609326525747373,0.7717585696726329,1.158560994424761,-0.3430819714331799,1.5150201203778628,2.3829299800432313,-1.7931274702392186,-0.22262317064607157,1.827868951478905,-0.08499874626512405,-0.6159930277260232,1.6907997298349289,-1.9343125782540076,-1.7964690312595049,0.7799451386772326,Low,0,0,0.6609326525747378,0.771758569672633,1.1585609944247612,-0.34308197143318003,1.5150201203778606,2.3829299800432313,-1.7931274702392195,-0.22262317064607365,1.827868951478905,-0.08499874626512376,-0.6159930277260229,1.690799729834929,-1.934312578254008,-1.7964690312594673,0.2224236052143989,-1.099672391311716,-1.635505074064474
University of Texas at Austin,No,14752,9572,5329,48,85,30017,5189,5130,3309,650,3140,91.0,99,19.7,11,7837,65,1.9236791116026855,1.9844398655269864,2.2150417919744356,1.1970584702876572,2.1400869773494757,1.9742535475170684,-1.4998235616664484,0.7485437875764888,2.0380761443129685,1.2584840840542526,1.5797966065761389,1.4026521772632392,-0.9589007319312817,-0.1876686944531188,0.6488611713665944,Low,0,0,1.923679111602686,1.9844398655269864,2.2150417919744356,1.1970584702876572,2.1400869773494735,1.9742535475170684,-1.499823561666449,0.7485437875764869,2.0380761443129685,1.2584840840542528,1.5797966065761395,1.4026521772632392,-0.958900731931282,-0.18766869445308135,-0.6797179768514136,-1.099672391311716,-1.635505074064474
University of Texas at San Antonio,No,4217,3100,1686,17,46,9375,5457,4104,5376,452,1200,94.0,100,25.3,3,4329,50,0.8817178450942664,0.9549114193015911,1.2930787376878146,-0.5039903742110078,1.4040007146245634,2.0157644252648454,-1.9349523801346218,-0.5877379381741831,-0.005344142276702718,1.509847796090948,1.68576474558277,2.5970585400551167,-2.125098911203286,-2.0945717530579953,0.7351197533791796,Low,0,0,0.8817178450942669,0.9549114193015912,1.2930787376878148,-0.5039903742110079,1.4040007146245612,2.0157644252648454,-1.9349523801346227,-0.5877379381741852,-0.005344142276702737,1.5098477960909482,1.6857647455827707,2.597058540055117,-2.125098911203287,-2.094571753057958,-0.08607212343306113,-1.099672391311716,-1.635505074064474
University of the Arts,Yes,974,704,290,5,22,1145,39,12520,3860,1300,700,16.0,59,7.5,9,11641,57,-0.46780847263515085,-0.5251229557887327,-0.4717847988783036,-1.996211324615275,-0.5117117430915575,-1.227352741346146,0.6159244637829437,3.4743296922001563,-1.109331268357997,-2.445721133461804,-1.3928032882186436,-1.83396453670627,-1.1963666133652986,0.7891616799011042,0.7227926078028748,Medium,1,1,-0.4678084726351504,-0.5251229557887326,-0.4717847988783035,-1.996211324615275,-0.5117117430915598,-1.227352741346146,0.6159244637829435,3.474329692200155,-1.109331268357997,-2.4457211334618036,-1.3928032882186434,-1.8339645367062707,-1.196366613365299,0.7891616799011416,-0.17090958174868723,0.36524832997139145,0.6114319153500704
University of the Pacific,Yes,2459,1997,582,36,66,2664,299,16320,5326,646,1171,87.0,94,11.2,14,13706,65,0.4020781569839632,0.5313670717491289,0.28389408093690033,0.678301268324476,0.3651149116991807,-0.07541518387070216,1.3802523899983679,0.7253234007361297,-0.056079166654372715,0.9355053891588669,1.074929591154588,-0.7137225520718277,-0.6391619317856582,1.1364684242105838,0.8121187474583164,High,2,1,0.40207815698396365,0.531367071749129,0.28389408093690044,0.6783012683244759,0.36511491169917853,-0.07541518387070209,1.3802523899983676,0.7253234007361278,-0.056079166654372736,0.9355053891588673,1.0749295911545886,-0.713722552071828,-0.6391619317856585,1.1364684242106213,0.44384771162514436,1.8301690512544988,0.6114319153500704
University of the South,Yes,1445,966,326,46,83,1129,24,15350,4080,450,810,89.0,93,10.3,52,18784,82,-0.08994461271374338,-0.19654562387471056,-0.33915046104444896,1.1178230015151727,-0.5277460235029113,-1.4699099420701698,1.1973132874987362,-0.6036744589706652,-0.8132308855367879,1.0952544342623864,0.9788813231015295,-0.9706500139500978,1.9616126417020698,1.7277230684099214,0.6685121107266436,High,2,1,-0.08994461271374292,-0.19654562387471047,-0.33915046104444885,1.1178230015151727,-0.5277460235029136,-1.4699099420701698,1.197313287498736,-0.6036744589706673,-0.8132308855367879,1.0952544342623867,0.97888132310153,-0.9706500139500982,1.9616126417020698,1.727723068409959,-0.5444769562516697,1.8301690512544988,0.6114319153500704
University of Tulsa,Yes,1712,1557,696,41,68,2936,433,11750,4160,1200,2350,94.0,96,11.5,10,11743,47,0.06909438108271289,0.28596184251436685,0.4653006942380528,0.9079719150807959,0.4560168940717978,0.1595885734800844,0.44301062852232226,3.147262903561905,1.4123476134912536,1.509847796090948,1.2719213033900254,-0.6299164265370601,-1.0747688529439479,0.8084827430542576,0.9094626168224299,Medium,1,1,0.06909438108271335,0.28596184251436696,0.4653006942380529,0.9079719150807958,0.45601689407179563,0.15958857348008446,0.443010628522322,3.1472629035619035,1.4123476134912536,1.5098477960909482,1.271921303390026,-0.6299164265370605,-1.0747688529439483,0.808482743054295,1.1137843492952666,0.36524832997139145,0.6114319153500704
University of Utah,No,5095,4491,2400,27,53,13894,8374,6857,3975,858,3093,89.0,93,12.8,9,9275,37,1.0453940462444395,1.3021750717018965,1.5934140558043626,0.1972742770918786,1.674163521388836,2.3770844973857397,-0.8816441530915706,1.8118147832338354,2.005296226620705,1.0952544342623864,0.9788813231015295,-0.27634292029735635,-1.1963666133652986,0.2532910111489802,0.8814524043179588,Low,0,0,1.04539404624444,1.3021750717018965,1.5934140558043628,0.19727427709187853,1.6741635213888337,2.3770844973857397,-0.8816441530915712,1.8118147832338338,2.005296226620705,1.0952544342623867,0.97888132310153,-0.27634292029735663,-1.196366613365299,0.2532910111490177,0.9210134258847692,-1.099672391311716,-1.635505074064474
University of Vermont,No,7663,6008,1735,18,51,7353,1674,15516,4928,500,990,87.0,90,9.9,10,12646,79,1.3908328978203093,1.5687209392974983,1.3180547172386925,-0.42188701698591335,1.2251268647101998,1.0932362824013713,1.2291475976101738,-0.22262317064607157,-0.40268470103723614,0.9355053891588669,0.700405830648109,-1.0876837395145045,-1.0747688529439479,0.9690182683795724,0.7840271434164165,High,2,0,1.3908328978203097,1.5687209392974983,1.3180547172386927,-0.42188701698591347,1.2251268647101976,1.0932362824013713,1.2291475976101736,-0.22262317064607365,-0.40268470103723614,0.9355053891588673,0.7004058306481095,-1.087683739514505,-1.0747688529439483,0.9690182683796098,0.25051663816846564,1.8301690512544988,-1.635505074064474
University of Virginia,No,15849,5384,2678,74,95,11278,114,12212,3792,500,1000,90.0,92,9.5,22,13597,95,1.9804674973516918,1.4689028700499882,1.6833841620976004,2.0552872922487104,1.5338215213685287,-0.6491555038934484,0.5476195504153802,-0.22262317064607157,-0.38201766038027757,1.1764343828889745,0.8844513618593768,-1.2066076511812729,0.07536745536606099,1.12017431687644,0.3397059751403874,Medium,1,0,1.9804674973516923,1.4689028700499882,1.6833841620976007,2.0552872922487104,1.5338215213685265,-0.6491555038934483,0.54761955041538,-0.22262317064607365,-0.38201766038027757,1.1764343828889747,0.8844513618593772,-1.2066076511812733,0.07536745536606074,1.1201743168764775,-2.8073752605712863,0.36524832997139145,-1.635505074064474
University of Washington,No,12749,7025,3343,40,81,20356,4582,8199,4218,708,2172,96.0,94,9.0,10,16527,65,1.8072051044063278,1.7097819789899318,1.8609051120316251,0.8637602612893264,1.9150197561540303,1.87257042068307,-0.46894814692794745,1.0719263475563712,1.2437965326321965,1.681765281041989,1.074929591154588,-1.3580925541311246,-1.0747688529439479,1.4993781142842477,0.5510236096948781,Low,0,0,1.8072051044063282,1.7097819789899318,1.8609051120316253,0.8637602612893263,1.915019756154028,1.87257042068307,-0.46894814692794795,1.0719263475563694,1.2437965326321965,1.6817652810419892,1.0749295911545886,-1.358092554131125,-1.0747688529439483,1.4993781142842852,-1.353052286781325,-1.099672391311716,-1.635505074064474
University of West Florida,No,1558,1254,472,20,57,3754,2477,6172,3994,541,1387,83.0,87,23.4,12,8488,53,-0.01907178097315087,0.06914957816954152,0.06503588426328684,-0.2672791173259531,0.6773463785678755,1.387485133136403,-1.1130338674842308,0.0657361361195017,0.2962399981950733,0.6264621373681686,0.43622029750213775,2.204819005356969,-0.8480459248697001,0.026093035428128415,0.8048780487804879,Low,0,0,-0.01907178097315041,0.06914957816954162,0.06503588426328695,-0.2672791173259532,0.6773463785678733,1.387485133136403,-1.1130338674842315,0.06573613611949967,0.2962399981950733,0.6264621373681689,0.43622029750213814,2.2048190053569696,-0.8480459248697004,0.026093035428165864,0.3940160236277982,-1.099672391311716,-1.635505074064474
University of Wisconsin-Stout,No,2593,1966,1030,9,32,6038,579,6704,2592,376,1750,78.0,78,21.0,17,6254,65,0.45012274824917803,0.5160633032641856,0.8458693638047692,-1.3390590413944048,1.0728739240428309,0.3500005870231654,-0.9319639413364847,-1.2418738751082812,0.7848088938700473,0.259795832499163,-0.273401038284349,1.6907997298349289,-0.3518428206385443,-0.8432038389413856,0.7581951407635943,Low,0,0,0.4501227482491785,0.5160633032641857,0.8458693638047693,-1.3390590413944048,1.0728739240428287,0.35000058702316544,-0.9319639413364853,-1.2418738751082834,0.7848088938700473,0.25979583249916327,-0.2734010382843487,1.690799729834929,-0.3518428206385446,-0.8432038389413482,0.07273651586014367,-1.099672391311716,-1.635505074064474
University of Wisconsin-Superior,No,910,910,342,14,53,1434,417,7032,2780,550,1960,75.0,81,15.2,15,6490,36,-0.5340461855082915,-0.25802396978135017,-0.28552348744643513,-0.7738575489017414,-0.26189363390600123,0.13530570174768344,-0.8249835824061055,0.12646725882300056,1.0249892021539802,0.05029077019095683,-0.05039854408423131,0.34100260612554617,-0.5402591781850784,-0.7301588327344884,1.0,Low,0,0,-0.5340461855082911,-0.25802396978135006,-0.285523487446435,-0.7738575489017415,-0.2618936339060034,0.1353057017476835,-0.824983582406106,0.12646725882299856,1.0249892021539802,0.05029077019095713,-0.05039854408423098,0.341002606125546,-0.5402591781850787,-0.730158832734451,1.7368776212768444,-1.099672391311716,-1.635505074064474
University of Wisconsin-Whitewater,No,4400,3719,1472,12,38,7804,1552,6950,2500,300,1200,90.0,95,23.1,16,5559,67,0.9186813054896847,1.1265648981912242,1.1732435311296812,-0.9785370964802453,1.2698439180500614,1.0376885901181914,-0.8514165661748387,-2.023772875573782,-0.005344142276702718,1.1764343828889745,1.1726062411645384,2.141749710790937,-0.44458151258091694,-1.217780491670968,0.8452272727272727,Low,0,0,0.9186813054896852,1.1265648981912242,1.1732435311296814,-0.9785370964802454,1.2698439180500591,1.0376885901181914,-0.8514165661748393,-2.0237728755737847,-0.005344142276702737,1.1764343828889747,1.172606241164539,2.1417497107909376,-0.44458151258091727,-1.2177804916709305,0.6717060682098265,-1.099672391311716,-1.635505074064474
University of Wisconsin at Green Bay,No,2409,1939,759,17,50,3819,1347,6900,2800,475,1200,81.0,89,22.2,1,5968,46,0.3834260904919116,0.5025226852975296,0.5514086872410366,-0.5039903742110078,0.6923637673612267,0.9347886815578522,-0.8676347544678584,-0.4087649589901799,-0.005344142276702718,0.4771746426778103,0.6107698796775962,1.950564408639862,-2.6048233557985983,-0.9892592487663168,0.8048982980489829,Low,0,0,0.38342609049191206,0.5025226852975297,0.5514086872410368,-0.5039903742110079,0.6923637673612245,0.9347886815578523,-0.867634754467859,-0.40876495899018206,-0.005344142276702737,0.47717464267781057,0.6107698796775967,1.9505644086398621,-2.604823355798599,-0.9892592487662794,0.39415538244864123,-1.099672391311716,-1.635505074064474
University of Wisconsin at Madison,No,14901,10932,4631,36,80,23945,2200,9096,4290,535,1545,93.0,96,11.5,20,11006,72,1.9316539418139764,2.100617963772544,2.11106380468301,0.678301268324476,2.0114606395510237,1.297244440432385,-0.21731507975336117,0.024756308100869054,0.5222786789329603,1.425191176895042,1.2719213033900254,-0.6299164265370601,-0.08895267462994533,0.6627836193039205,0.7336420374471512,Medium,1,0,1.9316539418139769,2.100617963772544,2.11106380468301,0.6783012683244759,2.0114606395510215,1.297244440432385,-0.21731507975336162,0.024756308100867028,0.5222786789329603,1.4251911768950423,1.271921303390026,-0.6299164265370605,-0.0889526746299456,0.6627836193039579,-0.09624200931700598,0.36524832997139145,-1.635505074064474
University of Wisconsin at Milwaukee,No,5244,3782,1930,12,37,11561,7443,8786,2964,570,1980,79.0,87,15.9,8,8094,38,1.0701368273668854,1.1422962633598965,1.409959132241849,-0.9785370964802453,1.5508336808050251,2.2761394837304794,-0.3023588369272067,0.2583754172250177,1.0465699360447056,0.3313811845790514,0.43622029750213775,0.5136114615269335,-1.3245972639117196,-0.10014555540237699,0.721205186880244,Low,0,0,1.0701368273668859,1.1422962633598965,1.4099591322418492,-0.9785370964802454,1.550833680805023,2.2761394837304794,-0.30235883692720716,0.2583754172250157,1.0465699360447056,0.3313811845790517,0.43622029750213814,0.5136114615269334,-1.32459726391172,-0.10014555540233955,-0.1818344755547527,-1.099672391311716,-1.635505074064474
University of Wyoming,No,2029,1516,1073,23,46,7535,1488,5988,3422,600,1500,91.0,94,15.1,13,8745,45,0.2264378031728079,0.25940099463639515,0.8842812723140343,-0.05547969999806644,1.2435646616638616,1.0069523930313318,-1.1780366154633708,0.4488454168127673,0.4602273976750806,1.2584840840542526,1.074929591154588,0.31608928492044563,-0.7416251041701869,0.10371381470009414,0.7471660916707737,Low,0,0,0.22643780317280834,0.25940099463639527,0.8842812723140344,-0.05547969999806654,1.2435646616638594,1.0069523930313318,-1.1780366154633715,0.44884541681276535,0.4602273976750806,1.2584840840542528,1.0749295911545886,0.31608928492044547,-0.7416251041701872,0.10371381470013158,-0.0031672273771969836,-1.099672391311716,-1.635505074064474
Upper Iowa University,Yes,663,452,192,10,35,1481,1160,8840,3060,500,1000,69.0,75,17.4,19,3733,78,-0.8471228353482839,-0.9973884230712587,-0.958596120898979,-1.2101701573606454,-0.22709766924449015,0.8277498531190668,-0.2874047951440182,-0.22262317064607157,-0.38201766038027757,-0.3450470097695861,-0.4832523787413146,0.8736511761798803,-0.17422905107118244,-2.671202108722185,0.6817496229260935,Medium,1,1,-0.8471228353482835,-0.9973884230712586,-0.9585961208989789,-1.2101701573606454,-0.22709766924449235,0.8277498531190669,-0.2874047951440186,-0.22262317064607365,-0.38201766038027757,-0.3450470097695858,-0.4832523787413143,0.8736511761798803,-0.17422905107118275,-2.671202108722148,-0.453374203998778,0.36524832997139145,0.6114319153500704
Ursinus College,Yes,1399,1026,308,44,77,1131,17,14900,5160,500,800,82.0,85,11.6,40,12082,79,-0.12051912372925308,-0.1347649538600875,-0.4032322506553515,1.036004475647191,-0.525726629157786,-1.635376632689963,1.109863915005895,-0.22262317064607157,-0.8385145305308968,0.5513818552357662,0.26789815935115474,-0.6021742165602336,1.3009860204398638,0.8708968781616672,0.7333809864188706,Medium,1,1,-0.12051912372925262,-0.1347649538600874,-0.4032322506553514,1.036004475647191,-0.5257266291577882,-1.635376632689963,1.1098639150058949,-0.22262317064607365,-0.8385145305308968,0.5513818552357665,0.26789815935115513,-0.602174216560234,1.3009860204398638,0.8708968781617046,-0.09803860574664285,0.36524832997139145,0.6114319153500704
Ursuline College,Yes,325,260,86,21,47,699,717,9600,4202,450,750,39.0,69,10.5,15,7164,68,-1.5796255534660728,-1.6071916561226836,-1.999529839455801,-0.19422217291531432,-1.1047198068620754,0.4935597887637852,-0.08301816459418493,-0.6036744589706652,-0.9696251460136798,-1.844359915728285,-0.8646904686259159,-0.9128098000811495,-0.5402591781850784,-0.4392120057529553,0.8,Medium,1,1,-1.5796255534660724,-1.6071916561226836,-1.9995298394558008,-0.1942221729153144,-1.1047198068620776,0.49355978876378526,-0.08301816459418532,-0.6036744589706673,-0.9696251460136798,-1.8443599157282848,-0.8646904686259157,-0.91280980008115,-0.5402591781850787,-0.43921200575291786,0.360444483686572,0.36524832997139145,0.6114319153500704
Valley City State University,No,368,344,212,5,27,863,189,4286,2570,600,2000,39.0,41,14.9,25,4958,40,-1.449142967316321,-1.2955979173222407,-0.8388040570840823,-1.996211324615275,-0.8435786418781479,-0.355048466231768,-1.8529353154369266,0.4488454168127673,1.0679442535532966,-1.844359915728285,-2.038931336080678,0.2660655633694921,0.30823399686918296,-1.6045875249466874,0.9347826086956522,Low,0,0,-1.4491429673163205,-1.2955979173222407,-0.8388040570840822,-1.996211324615275,-0.8435786418781501,-0.35504846623176795,-1.8529353154369275,0.44884541681276535,1.0679442535532966,-1.8443599157282848,-2.038931336080678,0.26606556336949194,0.30823399686918274,-1.60458752494665,1.2880407285843645,-1.099672391311716,-1.635505074064474
Valparaiso University,Yes,2075,1727,520,49,81,2501,198,11800,3260,500,800,87.0,89,14.2,23,9681,95,0.2470530093853511,0.3886447283462967,0.167087921614016,1.2357659546725401,0.30503120501505204,-0.3272527375933669,0.45446068528022043,-0.22262317064607157,-0.8385145305308968,0.9355053891588669,0.6107698796775962,0.08884698314321551,0.15468771075919893,0.3593132050758091,0.832289156626506,Medium,1,1,0.24705300938535155,0.3886447283462968,0.16708792161401612,1.2357659546725401,0.3050312050150499,-0.32725273759336687,0.45446068528022016,-0.22262317064607365,-0.8385145305308968,0.9355053891588673,0.6107698796775967,0.08884698314321533,0.15468771075919868,0.3593132050758466,0.582663809514399,0.36524832997139145,0.6114319153500704
Vanderbilt University,Yes,7791,4690,1499,71,92,5500,90,17865,6525,630,952,93.0,98,5.8,26,23850,83,1.4046327994706043,1.3422229846796367,1.1894350063585493,1.968953882024796,0.9984277597747985,-0.7818013169440915,1.6574472004830203,0.6311670248859246,-0.48307414655954245,1.425191176895042,1.4755065650850636,-2.421847469064119,0.38265991480354933,2.1145254865472505,0.6019766397124887,High,2,1,1.4046327994706047,1.3422229846796367,1.1894350063585495,1.968953882024796,0.9984277597747963,-0.7818013169440914,1.6574472004830203,0.6311670248859227,-0.48307414655954245,1.4251911768950423,1.4755065650850643,-2.4218474690641196,0.3826599148035491,2.114525486547288,-1.0023850918969692,1.8301690512544988,0.6114319153500704
Vassar College,Yes,3550,1877,653,53,87,2164,77,18920,5950,600,800,90.0,98,9.7,39,17089,90,0.7306983482204522,0.47065157287317433,0.40119564272434804,1.385007259754036,0.1641148883154299,-0.8676878692937899,1.8378049650563897,0.4488454168127673,-0.8385145305308968,1.1764343828889745,1.4755065650850636,-1.146902673531305,1.2415456071859763,1.5605251345250546,0.5287323943661972,High,2,1,0.7306983482204527,0.47065157287317444,0.40119564272434816,1.385007259754036,0.1641148883154277,-0.8676878692937898,1.8378049650563897,0.44884541681276535,-0.8385145305308968,1.1764343828889747,1.4755065650850643,-1.1469026735313055,1.2415456071859763,1.5605251345250921,-1.506464124059108,1.8301690512544988,0.6114319153500704
Villanova University,Yes,7759,5588,1477,30,68,6362,1292,15925,6507,400,300,89.0,90,13.4,24,10458,96,1.4012057871848915,1.5028386247561658,1.1762676572347839,0.36924448019518263,1.1139082543011767,0.904776232996701,1.3066409805070964,-1.0237043227479306,-2.7874335864353945,1.0952544342623864,0.700405830648109,-0.11798738684027212,0.2322748898408057,0.5444127380839466,0.7201959015337028,High,2,1,1.401205787184892,1.5028386247561658,1.176267657234784,0.3692444801951825,1.1139082543011745,0.9047762329967011,1.3066409805070962,-1.0237043227479328,-2.7874335864353945,1.0952544342623867,0.7004058306481095,-0.11798738684027234,0.23227488984080544,0.544412738083984,-0.18878054453607074,1.8301690512544988,0.6114319153500704
Virginia Commonwealth University,No,4963,3497,1567,18,45,10262,5065,10217,4182,500,3630,81.0,87,8.7,11,11183,45,1.0228158450230322,1.068769919717433,1.2287669110160768,-0.42188701698591335,1.4681630012705909,1.9543880500544457,0.07523577217957071,-0.22262317064607157,2.3544895872099496,0.4771746426778103,0.43622029750213775,-1.4505864942119377,-0.9589007319312817,0.699110453677517,0.7046141446705622,Medium,1,0,1.0228158450230327,1.068769919717433,1.228766911016077,-0.42188701698591347,1.4681630012705886,1.9543880500544457,0.07523577217957035,-0.22262317064607365,2.3544895872099496,0.47717464267781057,0.43622029750213814,-1.4505864942119382,-0.958900731931282,0.6991104536775544,-0.29601677697757817,0.36524832997139145,-1.635505074064474
Virginia State University,No,2996,2440,704,2,30,3006,338,5587,4845,500,600,61.0,63,16.0,11,5733,31,0.5799695526353373,0.7259106302673228,0.4767230607765056,-2.8383149903647413,0.47775725732107327,0.001459597922603755,-1.3243814824084847,-0.22262317064607157,-1.419790908781924,-0.8229044689180576,-1.1971425260127022,0.5380217334827528,-0.9589007319312817,-1.1175186055936916,0.8144192256341789,Low,0,0,0.5799695526353378,0.7259106302673229,0.4767230607765057,-2.8383149903647413,0.4777572573210711,0.0014595979226038217,-1.3243814824084854,-0.22262317064607365,-1.419790908781924,-0.8229044689180572,-1.197142526012702,0.5380217334827527,-0.958900731931282,-1.1175186055936541,0.4596799835929465,-1.099672391311716,-1.635505074064474
Virginia Tech,No,15712,11719,4277,29,53,18511,604,10260,3176,740,2200,85.0,89,13.8,20,8944,73,1.9736101844756782,2.160991542236642,2.051169917463571,0.3133903214820356,1.8569762862874752,0.37815226077983866,0.08602848496839335,1.2405524595794906,1.2711621900847665,0.7792401852307248,0.6107698796775962,-0.013975971157088379,-0.08895267462994533,0.16146211798849064,0.7458630346232179,Medium,1,0,1.9736101844756786,2.160991542236642,2.051169917463571,0.3133903214820355,1.856976286287473,0.3781522607798387,0.086028484968393,1.2405524595794888,1.2711621900847665,0.7792401852307251,0.6107698796775967,-0.013975971157088578,-0.0889526746299456,0.16146211798852808,-0.012135081879329025,0.36524832997139145,-1.635505074064474
Virginia Union University,Yes,1847,1610,453,19,59,1298,67,7384,3494,500,1763,51.0,67,13.7,8,6757,30,0.13963956001632408,0.3192102940331181,0.021283315055772398,-0.3430819714331799,-0.37097450563577805,-0.9431854844287971,-0.7137559181878219,-0.22262317064607157,0.800453964242123,-1.340651655712002,-0.9808282263537185,-0.03986551937032104,-1.3245972639117196,-0.6096055999992405,0.8716838115863562,Low,0,1,0.13963956001632452,0.31921029403311824,0.021283315055772512,-0.34308197143318003,-0.3709745056357802,-0.943185484428797,-0.7137559181878224,-0.22262317064607365,0.800453964242123,-1.3406516557120018,-0.9808282263537182,-0.03986551937032124,-1.32459726391172,-0.609605599999203,0.8537843521677629,-1.099672391311716,0.6114319153500704
Virginia Wesleyan College,Yes,1470,900,287,20,49,1130,417,10900,5100,500,550,70.0,81,15.7,14,7804,68,-0.07376365717697533,-0.26942679882250986,-0.48368664200024464,-0.2672791173259531,-0.5267357814173667,0.13530570174768344,0.24327053316434105,-0.22262317064607157,-1.594008814109165,-0.28135254105451407,-0.05039854408423131,0.4646075746731009,-0.6391619317856582,-0.19922512919745547,0.6122448979591837,Medium,1,1,-0.07376365717697488,-0.26942679882250975,-0.4836866420002445,-0.2672791173259532,-0.5267357814173689,0.1353057017476835,0.24327053316434072,-0.22262317064607365,-1.594008814109165,-0.2813525410545138,-0.05039854408423098,0.46460757467310076,-0.6391619317856585,-0.19922512919741803,-0.9317172373165414,0.36524832997139145,0.6114319153500704
Viterbo College,Yes,647,518,271,17,43,1014,387,9140,3365,500,2245,51.0,65,10.7,31,8050,73,-0.871582777110142,-0.8505988589682232,-0.5496832351813109,-0.5039903742110078,-0.6518002710798211,0.08741541291447952,-0.20539917796969334,-0.22262317064607157,1.314456033976459,-1.340651655712002,-1.0916144806733752,-0.855404703879397,0.7345530092783118,-0.11482662465394197,0.8006182380216383,Medium,1,1,-0.8715827771101415,-0.8505988589682231,-0.5496832351813108,-0.5039903742110079,-0.6518002710798233,0.08741541291447959,-0.20539917796969379,-0.22262317064607365,1.314456033976459,-1.3406516557120018,-1.091614480673375,-0.8554047038793975,0.7345530092783117,-0.11482662465390453,0.36469930018607805,0.36524832997139145,0.6114319153500704
Wabash College,Yes,800,623,256,41,76,801,5,12925,4195,500,635,78.0,85,9.9,55,14904,72,-0.6605263211050615,-0.653977738547387,-0.615769437936256,0.9079719150807959,-0.9345735380165208,-2.1798279998907972,0.7040839433664813,-0.22262317064607157,-1.305876444434243,0.259795832499163,0.26789815935115474,-1.0876837395145045,2.1139827982656105,1.3033913368274581,0.77875,Medium,1,1,-0.660526321105061,-0.6539777385473869,-0.6157694379362559,0.9079719150807958,-0.934573538016523,-2.1798279998907972,0.7040839433664811,-0.22262317064607365,-1.305876444434243,0.25979583249916327,0.26789815935115513,-1.087683739514505,2.1139827982656105,1.3033913368274956,0.2141984628176056,0.36524832997139145,0.6114319153500704
Wagner College,Yes,1416,1015,417,10,44,1324,117,13500,5800,585,1700,67.0,78,13.2,23,9006,75,-0.10909567463797387,-0.1457975920469153,-0.0677348648550801,-1.2101701573606454,-0.3490724468713972,-0.6343932653966482,0.8261895026217165,0.35467757041445297,0.7235868128126894,-0.46979766094537384,-0.273401038284349,-0.17045420531183852,0.15468771075919893,0.17905453464444201,0.7168079096045198,Medium,1,1,-0.10909567463797341,-0.14579759204691523,-0.06773486485507998,-1.2101701573606454,-0.3490724468713994,-0.6343932653966481,0.8261895026217164,0.35467757041445097,0.7235868128126894,-0.46979766094537356,-0.2734010382843487,-0.17045420531183875,0.15468771075919868,0.17905453464447946,-0.21209726634215043,0.36524832997139145,0.6114319153500704
Wake Forest University,Yes,5661,2392,903,75,88,3499,172,13850,4360,500,1250,95.0,97,4.3,37,41766,89,1.135559520166169,0.7067370662882877,0.7206390856682403,2.083490984924034,0.6152139354899016,-0.4109810132025877,0.8988522424149886,-0.22262317064607157,0.0794512520083775,1.5953726226723983,1.3728847638717647,-3.0006739723576374,1.120254670067823,2.8517157966548097,0.4225401872460696,Medium,1,1,1.1355595201661695,0.7067370662882878,0.7206390856682404,2.083490984924034,0.6152139354898993,-0.4109810132025876,0.8988522424149885,-0.22262317064607365,0.07945125200837748,1.5953726226723985,1.3728847638717654,-3.0006739723576383,1.120254670067823,2.851715796654847,-2.2372964882290747,0.36524832997139145,0.6114319153500704
Walsh University,Yes,1092,890,477,27,92,847,497,8670,4180,500,1450,42.0,58,11.3,33,5738,68,-0.35711714686824597,-0.2809657863986308,0.0762128326145317,0.1972742770918786,-0.8662796896471674,0.24925600583079863,-0.3346873648946749,-0.22262317064607157,0.38916914456285195,-1.7305240109865998,-1.4385813164973549,-0.6856894063241084,0.8670772597515548,-1.1147063618065756,0.815018315018315,Low,0,1,-0.3571171468682455,-0.2809657863986307,0.07621283261453181,0.19727427709187853,-0.8662796896471696,0.24925600583079868,-0.3346873648946753,-0.22262317064607365,0.38916914456285195,-1.7305240109865996,-1.4385813164973547,-0.6856894063241087,0.8670772597515547,-1.114706361806538,0.46380301599646395,-1.099672391311716,0.6114319153500704
Warren Wilson College,Yes,440,311,112,25,49,466,7,10000,3052,400,1100,65.0,75,11.4,20,9430,63,-1.263605384551175,-1.4071562948021625,-1.6429655436058175,0.07462985430502922,-1.6424106203078728,-2.0365221055302003,0.020310758733517165,-1.0237043227479306,-0.18552421188393892,-0.5910270561252143,-0.4832523787413146,-0.6577544312976554,-0.08895267462994533,0.2945899893281046,0.7068181818181818,Medium,1,1,-1.2636053845511745,-1.4071562948021625,-1.6429655436058173,0.07462985430502912,-1.642410620307875,-2.0365221055302003,0.020310758733516787,-1.0237043227479328,-0.18552421188393894,-0.591027056125214,-0.4832523787413143,-0.6577544312976558,-0.0889526746299456,0.29458998932814207,-0.2808482281452601,0.36524832997139145,0.6114319153500704
Wartburg College,Yes,1231,1074,345,34,66,1295,105,11600,3610,400,850,66.0,91,12.4,37,7735,67,-0.24214738305193284,-0.08805755971099145,-0.27579059947780343,0.5798146710452374,-0.37353606887274904,-0.6956478250912711,0.4084675557914268,-1.0237043227479306,-0.7149803023664479,-0.530852785233515,0.7916295867079878,-0.3835517785009084,1.120254670067823,-0.22363161272802556,0.8724614134849715,Medium,1,1,-0.2421473830519324,-0.08805755971099136,-0.2757905994778033,0.5798146710452373,-0.3735360688727512,-0.695647825091271,0.4084675557914265,-1.0237043227479328,-0.7149803023664479,-0.5308527852335146,0.7916295867079882,-0.3835517785009087,1.120254670067823,-0.22363161272798812,0.8591359372732991,0.36524832997139145,0.6114319153500704
Washington and Jefferson College,Yes,1305,1100,334,42,64,1098,151,16260,4005,300,500,91.0,91,12.1,40,10162,86,-0.186503239396564,-0.06368001217613634,-0.31196670944240235,0.9513952875026418,-0.55961603459055,-0.4874174507285278,1.369146740309078,-2.023772875573782,-1.784000288095055,1.2584840840542526,0.7916295867079878,-0.46486060496924364,1.3009860204398638,0.47645275078839777,0.842911877394636,High,2,1,-0.18650323939656355,-0.06368001217613624,-0.31196670944240223,0.9513952875026417,-0.5596160345905522,-0.48741745072852777,1.3691467403090778,-2.0237728755737847,-1.784000288095055,1.2584840840542528,0.7916295867079882,-0.464860604969244,1.3009860204398638,0.47645275078843524,0.6557711338975115,1.8301690512544988,0.6114319153500704
Washington and Lee University,Yes,3315,1096,425,68,93,1584,3,13750,4619,680,1115,81.0,96,9.6,45,15736,90,0.6700834584931291,-0.06739008969654718,-0.04720648923285059,1.8798866124241966,-0.1553414357243158,-2.388637215565476,0.8782155430821086,0.9188228219935606,-0.15752730293451853,0.4771746426778103,1.2719213033900254,-1.1766935267803216,1.587264639182266,1.407720599069982,0.3306184012066365,Medium,1,1,0.6700834584931296,-0.06739008969654708,-0.04720648923285048,1.8798866124241966,-0.155341435724318,-2.388637215565476,0.8782155430821085,0.9188228219935588,-0.15752730293451855,0.47717464267781057,1.271921303390026,-1.176693526780322,1.587264639182266,1.4077205990700195,-2.869917450084868,0.36524832997139145,0.6114319153500704
Washington College,Yes,1209,942,214,31,60,822,46,15276,5318,500,300,79.0,86,11.2,37,10830,65,-0.25938569476893397,-0.22241471188267695,-0.8275465827390958,0.4237419326421896,-0.902817948746668,-1.142240484655926,1.1830493132621767,-0.22262317064607157,-2.7874335864353945,0.3313811845790514,0.3512859964873121,-0.7137225520718277,1.120254670067823,0.6257658913022864,0.7791563275434243,High,2,1,-0.25938569476893353,-0.22241471188267686,-0.8275465827390956,0.4237419326421895,-0.9028179487466702,-1.142240484655926,1.1830493132621764,-0.22262317064607365,-2.7874335864353945,0.3313811845790517,0.3512859964873125,-0.713722552071828,1.120254670067823,0.6257658913023239,0.2169948762950298,1.8301690512544988,0.6114319153500704
Washington State University,No,6540,5839,2440,31,70,14445,1344,8200,4210,800,2719,84.0,87,16.9,30,10912,56,1.2579590085179169,1.5428212958041898,1.6070794533520274,0.4237419326421896,1.699624548409499,0.9331804278393251,-0.46865780135826907,1.5402401052701242,1.7261520659229093,0.7024150564455859,0.43622029750213775,0.7550572350352502,0.6666429698449552,0.6431262914193826,0.8928134556574924,Low,0,0,1.2579590085179173,1.5428212958041898,1.6070794533520276,0.4237419326421895,1.6996245484094967,0.9331804278393252,-0.46865780135826957,1.5402401052701227,1.7261520659229093,0.7024150564455862,0.43622029750213814,0.7550572350352502,0.6666429698449551,0.64312629141942,0.9992020635927611,-1.099672391311716,-1.635505074064474
Washington University,Yes,7654,5259,1254,62,93,4879,1274,18350,5775,768,1512,91.0,98,3.9,31,45702,90,1.3898532883767953,1.4474231553817658,1.0284964005026698,1.6926704807960131,0.9005909116081025,0.8947031299102062,1.7412042771187763,1.3829511856928973,0.47694580322348595,1.2584840840542526,1.4755065650850636,-3.1680139396388207,0.7345530092783118,2.951158358444653,0.687091716749412,High,2,1,1.3898532883767958,1.4474231553817658,1.02849640050267,1.6926704807960131,0.9005909116081002,0.8947031299102063,1.7412042771187763,1.3829511856928955,0.47694580322348595,1.2584840840542528,1.4755065650850643,-3.1680139396388216,0.7345530092783117,2.9511583584446903,-0.41660902918611836,1.8301690512544988,0.6114319153500704
Wayne State College,No,1373,1373,724,6,21,2754,474,2700,2660,540,1660,60.0,68,20.3,29,4550,52,-0.1382820067613006,0.16036260432549643,0.5046362831216911,-1.8031104107042748,0.3964001450116381,0.2182999927802096,-2.66650542013766,0.0589338371736782,0.6733628005194167,-0.8786660394374439,-0.9234340703527073,1.536551279845882,0.5975616518085038,-1.9106529184162715,1.0,Low,0,0,-0.13828200676130015,0.1603626043254965,0.5046362831216912,-1.8031104107042748,0.39640014501163595,0.21829999278020965,-2.666505420137661,0.05893383717367618,0.6733628005194167,-0.8786660394374436,-0.9234340703527071,1.5365512798458822,0.5975616518085037,-1.910652918416234,1.7368776212768444,-1.099672391311716,-1.635505074064474
Waynesburg College,Yes,1190,978,324,12,30,1280,61,8840,3620,500,1200,57.0,58,16.2,26,6563,63,-0.2745467976494713,-0.18386735920468705,-0.3460666903092918,-0.9785370964802453,-0.3864533567478881,-0.9935289671254642,-0.2874047951440182,-0.22262317064607157,-0.005344142276702718,-1.0406425497511826,-1.4385813164973549,0.5866615904148242,0.38265991480354933,-0.6964552392387077,0.8218487394957983,Medium,1,1,-0.2745467976494709,-0.18386735920468697,-0.3460666903092917,-0.9785370964802454,-0.3864533567478903,-0.9935289671254641,-0.2874047951440186,-0.22262317064607365,-0.005344142276702737,-1.0406425497511824,-1.4385813164973547,0.5866615904148241,0.3826599148035491,-0.6964552392386703,0.5108111289695425,0.36524832997139145,0.6114319153500704
Webber College,Yes,280,143,79,5,27,327,110,5590,2900,650,1952,53.0,63,15.1,4,4839,90,-1.7377296409151781,-2.292856706217187,-2.1172241249352144,-1.996211324615275,-2.1529904721043915,-0.6693939014741188,-1.3232614625779207,0.7485437875764888,1.0162981909703843,-1.2442020010279624,-1.1971425260127022,0.31608928492044563,-1.9343125782540076,-1.6897711443216383,0.5107142857142857,Low,0,1,-1.7377296409151777,-2.292856706217187,-2.1172241249352144,-1.996211324615275,-2.1529904721043938,-0.6693939014741187,-1.3232614625779213,0.7485437875764869,1.0162981909703843,-1.2442020010279622,-1.197142526012702,0.31608928492044547,-1.934312578254008,-1.6897711443216008,-1.6304677331850732,-1.099672391311716,0.6114319153500704
Webster University,Yes,665,462,226,17,44,1739,1550,9160,4340,500,500,68.0,68,20.6,14,6951,48,-0.8441100153821343,-0.9737282932968283,-0.762454064327283,-0.5039903742110078,-0.05744902650483484,1.0367455543798432,-0.19999529378618655,-0.22262317064607157,-1.784000288095055,-0.4078622247453497,-0.9234340703527073,1.6029118618370342,-0.6391619317856582,-0.5264847586361457,0.6947368421052632,Medium,1,1,-0.8441100153821338,-0.9737282932968282,-0.7624540643272829,-0.5039903742110079,-0.057449026504837034,1.0367455543798432,-0.199995293786187,-0.22262317064607365,-1.784000288095055,-0.40786222474534944,-0.9234340703527071,1.6029118618370344,-0.6391619317856585,-0.5264847586361083,-0.3639940097819926,0.36524832997139145,0.6114319153500704
Wellesley College,Yes,2895,1249,579,80,96,2195,156,18345,5995,500,700,94.0,98,10.6,51,21409,91,0.549272567109172,0.0651169802821119,0.2785789726879872,2.2204918682959742,0.1781629172845373,-0.46838566706945606,1.7403482541388358,-0.22262317064607157,-1.109331268357997,1.509847796090948,1.4755065650850636,-0.8840535815404321,1.909810801634363,1.9456448584500843,0.431433506044905,High,2,1,0.5492725671091725,0.06511698028211199,0.2785789726879873,2.2204918682959742,0.1781629172845351,-0.468385667069456,1.7403482541388358,-0.22262317064607365,-1.109331268357997,1.5098477960909482,1.4755065650850643,-0.8840535815404326,1.909810801634363,1.9456448584501218,-2.176091194739717,1.8301690512544988,0.6114319153500704
Wells College,Yes,318,240,130,40,85,416,19,14900,5550,600,500,93.0,98,8.3,42,13935,69,-1.6026148334392,-1.6973789375608228,-1.4480564607361757,0.8637602612893264,-1.8017047622503737,-1.5826106654013354,1.109863915005895,0.4488454168127673,-1.784000288095055,1.425191176895042,1.4755065650850636,-1.5759033522670112,1.4176039225723627,1.1700645545152188,0.7547169811320755,Medium,1,1,-1.6026148334391996,-1.6973789375608228,-1.4480564607361754,0.8637602612893263,-1.801704762250376,-1.5826106654013354,1.1098639150058949,0.44884541681276535,-1.784000288095055,1.4251911768950423,1.4755065650850643,-1.5759033522670118,1.4176039225723627,1.1700645545152564,0.04879924498688768,0.36524832997139145,0.6114319153500704
Wentworth Institute of Technology,Yes,1480,1257,452,6,25,2961,572,9850,6050,850,920,10.0,68,15.4,8,17858,64,-0.06737390045072195,0.07156090058329959,0.018922187649837174,-1.8031104107042748,0.4638532088567252,0.34192145950506186,-0.018114339221669464,1.7753282863046347,-0.5531748877424094,-2.522250635682972,-0.9234340703527073,0.3906351739622576,-1.3245972639117196,1.6393845396091271,0.8493243243243244,Medium,1,1,-0.06737390045072149,0.07156090058329968,0.018922187649837288,-1.8031104107042748,0.46385320885672304,0.3419214595050619,-0.01811433922166985,1.7753282863046331,-0.5531748877424094,-2.5222506356829717,-0.9234340703527071,0.3906351739622575,-1.32459726391172,1.6393845396091646,0.6999026561328217,0.36524832997139145,0.6114319153500704
Wesley College,Yes,980,807,350,10,25,872,448,9890,4674,500,1350,52.0,57,14.4,15,6243,84,-0.461839944722018,-0.38244494650088223,-0.2597839928031475,-1.2101701573606454,-0.831033705029699,0.181628833655707,-0.007830334035086206,-0.22262317064607157,0.23977239425227162,-1.2928715697940627,-1.4831288843506425,0.13982744087814877,-0.5402591781850784,-0.8486316524699555,0.823469387755102,Medium,1,1,-0.46183994472201756,-0.3824449465008821,-0.2597839928031474,-1.2101701573606454,-0.8310337050297012,0.18162883365570706,-0.00783033403508659,-0.22262317064607365,0.2397723942522716,-1.2928715697940625,-1.4831288843506423,0.1398274408781486,-0.5402591781850787,-0.8486316524699181,0.5219646988119608,0.36524832997139145,0.6114319153500704
Wesleyan University,Yes,4772,1973,712,60,86,2714,27,19130,5600,1400,1400,90.0,94,12.1,39,16262,92,0.9889770105448383,0.5195414159292436,0.48799674684512045,1.6272983835603572,0.382651896150629,-1.412112269736272,1.872913230064163,3.780102926937482,0.31574018896209594,1.1764343828889745,1.074929591154588,-0.46486060496924364,1.2415456071859763,1.4694309737909441,0.41345347862531434,High,2,1,0.9889770105448388,0.5195414159292437,0.48799674684512057,1.6272983835603572,0.38265189615062684,-1.412112269736272,1.872913230064163,3.780102926937481,0.31574018896209594,1.1764343828889747,1.0749295911545886,-0.464860604969244,1.2415456071859763,1.4694309737909816,-2.2998327225152484,1.8301690512544988,0.6114319153500704
West Chester University of Penn.,No,6502,3539,1372,11,51,7484,1904,7844,4108,400,2000,76.0,79,15.3,16,6773,52,1.253042805787872,1.0799994179448564,1.1101470812281302,-1.0904651799155018,1.2384532561046584,1.1886831089191108,-0.5735244312740722,-1.0237043227479306,1.0679442535532966,0.11925016044057488,-0.2005425892756753,0.36585103864898416,-0.44458151258091694,-0.6026128770650145,0.5442940633651184,Low,0,0,1.2530428057878724,1.0799994179448564,1.1101470812281304,-1.0904651799155018,1.2384532561046562,1.1886831089191108,-0.5735244312740726,-1.0237043227479328,1.0679442535532966,0.11925016044057517,-0.200542589275675,0.365851038648984,-0.44458151258091727,-0.6026128770649771,-1.399366139627476,-1.099672391311716,-1.635505074064474
West Liberty State College,No,1164,1062,478,12,25,2138,227,4470,2890,600,1210,33.0,33,16.3,10,4249,60,-0.29572050342159223,-0.09952222033914607,0.07843201328729771,-0.9785370964802453,0.1521420663007081,-0.24485451599414584,-1.772307118789124,0.4488454168127673,0.011880514233353071,-2.047704451760586,-2.2168051697845104,0.6108922141841117,-1.0747688529439479,-2.1647273533921125,0.9123711340206185,Low,0,0,-0.2957205034215918,-0.09952222033914597,0.07843201328729782,-0.9785370964802454,0.1521420663007059,-0.2448545159941458,-1.7723071187891248,0.44884541681276535,0.011880514233353052,-2.0477044517605854,-2.2168051697845104,0.6108922141841115,-1.0747688529439483,-2.1647273533920752,1.1338012465594567,-1.099672391311716,-1.635505074064474
West Virginia Wesleyan College,Yes,1566,1400,483,28,55,1509,170,14200,3775,450,1100,58.0,81,16.4,42,8080,67,-0.01426527654950979,0.1798820250405451,0.08944820054643415,0.2560970954071895,-0.20700215798265598,-0.41788619696648244,0.9703204900657977,-0.6036744589706652,-0.18552421188393892,-0.98753569322173,-0.05039854408423131,0.6350639812933067,1.4176039225723627,-0.10480355144570003,0.8939974457215837,Medium,1,1,-0.014265276549509332,0.17988202504054518,0.08944820054643426,0.2560970954071894,-0.20700215798265817,-0.4178861969664824,0.9703204900657976,-0.6036744589706673,-0.18552421188393894,-0.9875356932217296,-0.05039854408423098,0.6350639812933065,1.4176039225723627,-0.10480355144566258,1.0073504793867256,0.36524832997139145,0.6114319153500704
Western Carolina University,No,3224,2519,1057,11,31,5000,706,6390,2380,110,1622,67.0,78,14.6,9,6554,55,0.6453605792372601,0.7566063003882134,0.8701992594378828,-1.0904651799155018,0.9208060115710498,0.483076995494579,-1.0376440950942594,-5.240924930925746,0.6245718283543461,-0.46979766094537384,-0.273401038284349,0.19052797710194921,-1.1963666133652986,-0.7005794548011597,0.7813275434243176,Low,0,0,0.6453605792372605,0.7566063003882135,0.8701992594378829,-1.0904651799155018,0.9208060115710476,0.48307699549457905,-1.03764409509426,-5.240924930925749,0.6245718283543461,-0.46979766094537356,-0.2734010382843487,0.19052797710194908,-1.196366613365299,-0.7005794548011223,0.23193754373164882,-1.099672391311716,-1.635505074064474
Western Maryland College,Yes,1205,984,278,31,50,1071,98,14510,5340,500,1400,84.0,91,12.5,39,10026,60,-0.26255612875882195,-0.17759040137611606,-0.5202713457980236,0.4237419326421896,-0.5882812344302871,-0.7343667906564024,1.032662340527725,-0.22262317064607157,0.31574018896209594,0.7024150564455859,0.7916295867079878,-0.3566226047221888,1.2415456071859763,0.4442044623617011,0.816597510373444,Medium,1,1,-0.2625561287588215,-0.17759040137611598,-0.5202713457980235,0.4237419326421895,-0.5882812344302893,-0.7343667906564023,1.0326623405277249,-0.22262317064607365,0.31574018896209594,0.7024150564455862,0.7916295867079882,-0.3566226047221891,1.2415456071859763,0.44420446236173855,0.47467130008410463,0.36524832997139145,0.6114319153500704
Western Michigan University,No,9167,7191,2738,24,53,15739,4278,6940,4100,500,1700,80.0,84,24.7,11,5983,55,1.5392184415429246,1.730719754928532,1.7013903309042766,0.01057495289120002,1.7550278010097333,1.8169828007018343,-0.8546540674706616,-0.22262317064607157,0.7235868128126894,0.4038409378509051,0.18604632551126654,2.474495808090379,-0.9589007319312817,-0.9813347735392316,0.7844442020290171,Low,0,0,1.539218441542925,1.730719754928532,1.7013903309042768,0.010574952891199925,1.755027801009731,1.8169828007018343,-0.8546540674706622,-0.22262317064607365,0.7235868128126894,0.40384093785090536,0.1860463255112669,2.4744958080903796,-0.958900731931282,-0.9813347735391942,0.2533869046419698,-1.099672391311716,-1.635505074064474
Western New England College,Yes,1650,1471,409,7,21,1803,1116,8994,5500,498,2065,74.0,97,15.4,15,8409,59,0.034665616286740565,0.22935079616315227,-0.0887224074252612,-1.6324792946361477,-0.020087271476064112,0.800308125352394,-0.24508444407539678,-0.2372115510546505,1.1360328915284423,-0.017792359075214106,1.3728847638717647,0.3906351739622576,-0.5402591781850784,0.001507322606587889,0.8915151515151515,Medium,1,1,0.03466561628674102,0.22935079616315235,-0.0887224074252611,-1.6324792946361477,-0.0200872714760663,0.8003081253523942,-0.24508444407539723,-0.23721155105465258,1.1360328915284423,-0.01779235907521381,1.3728847638717654,0.3906351739622575,-0.5402591781850787,0.0015073226066253378,0.9902669193718175,0.36524832997139145,0.6114319153500704
Western State College of Colorado,No,2702,1623,604,7,24,2315,146,5918,3755,500,2050,76.0,79,19.4,4,4599,52,0.48727607096973724,0.3271870722877997,0.3219311114944981,-1.6324792946361477,0.23034545618777696,-0.5070269890180874,-1.2031097731781986,-0.22262317064607157,1.1205029998438703,0.11925016044057488,-0.2005425892756753,1.3350969724479973,-1.9343125782540076,-1.8717138749918372,0.6006661732050333,Low,0,0,0.4872760709697377,0.3271870722877998,0.3219311114944982,-1.6324792946361477,0.23034545618777477,-0.5070269890180873,-1.2031097731781992,-0.22262317064607365,1.1205029998438703,0.11925016044057517,-0.200542589275675,1.3350969724479973,-1.934312578254008,-1.8717138749917996,-1.011403939529788,-1.099672391311716,-1.635505074064474
Westfield State College,No,3100,2150,825,3,20,3234,941,5542,3788,500,1300,75.0,79,15.7,20,4222,65,0.6104375544022328,0.6033584683103828,0.633196259804024,-2.4905159993455945,0.5445020983255395,0.6804892160096314,-1.341229315594094,-0.22262317064607157,0.16107890591759866,0.05029077019095683,-0.2005425892756753,0.4646075746731009,-0.08895267462994533,-2.188862207403469,0.6935483870967742,Low,0,0,0.6104375544022332,0.6033584683103829,0.6331962598040242,-2.4905159993455945,0.5445020983255373,0.6804892160096315,-1.3412293155940946,-0.22262317064607365,0.16107890591759863,0.05029077019095713,-0.200542589275675,0.46460757467310076,-0.0889526746299456,-2.1888622074034316,-0.37217315406308926,-1.099672391311716,-1.635505074064474
Westminster College MO,Yes,662,553,184,20,43,665,37,10720,4050,600,1650,66.0,70,12.5,20,7925,62,-0.8486329096543379,-0.7806639997164992,-1.0106068481596662,-0.2672791173259531,-1.1682908539410357,-1.2542093200372517,0.19967225453631074,0.4488454168127673,0.6606269258836648,-0.530852785233515,-0.8045859405355701,-0.3566226047221888,-0.08895267462994533,-0.15721177779975756,0.8353474320241692,Medium,1,1,-0.8486329096543375,-0.7806639997164991,-1.010606848159666,-0.2672791173259532,-1.168290853941038,-1.2542093200372517,0.1996722545363104,0.44884541681276535,0.6606269258836648,-0.5308527852335146,-0.8045859405355699,-0.3566226047221891,-0.0889526746299456,-0.15721177779972012,0.603711367520502,0.36524832997139145,0.6114319153500704
Westminster College,Yes,996,866,377,29,58,1411,72,12065,3615,430,685,62.0,78,12.5,41,8596,80,-0.4461138745259676,-0.30923416756097927,-0.17767473475642906,0.3133903214820356,-0.27943227606280946,-0.9042522143750537,0.5146207654459757,-0.7665388116379312,-1.153097972392615,-0.7662592027979903,-0.273401038284349,-0.3566226047221888,1.3596629107341651,0.059143718683566854,0.8694779116465864,Medium,1,1,-0.4461138745259672,-0.30923416756097916,-0.17767473475642895,0.3133903214820355,-0.2794322760628116,-0.9042522143750535,0.5146207654459755,-0.7665388116379335,-1.153097972392615,-0.76625920279799,-0.2734010382843487,-0.3566226047221891,1.3596629107341651,0.0591437186836043,0.838602983291225,0.36524832997139145,0.6114319153500704
Westminster College of Salt Lake City,Yes,917,720,213,21,60,979,743,8820,4050,600,2025,68.0,83,10.5,34,7170,50,-0.5265614523038241,-0.5015492389874419,-0.8331600860303388,-0.19422217291531432,-0.6930019737930775,0.5177714212239889,-0.29293632561405303,0.4488454168127673,1.0943779739242983,-0.4078622247453497,0.10571998260266878,-0.9128098000811495,0.931790342010479,-0.43681113238145414,0.7851690294438386,Medium,1,1,-0.5265614523038237,-0.5015492389874417,-0.8331600860303386,-0.1942221729153144,-0.6930019737930797,0.517771421223989,-0.29293632561405347,0.44884541681276535,1.0943779739242983,-0.40786222474534944,0.10571998260266914,-0.91280980008115,0.9317903420104788,-0.43681113238141667,0.25837528700594076,0.36524832997139145,0.6114319153500704
Westmont College,No,950,713,351,42,72,1276,9,14320,5304,490,1410,77.0,77,14.9,17,8837,87,-0.49208413854537153,-0.5117931723110464,-0.25661430744327984,0.9513952875026418,-0.38992917329558785,-1.9263895728339528,0.9945577011058548,-0.29608189411405467,0.33062345394534143,0.18908533721226045,-0.3447982089823837,0.2660655633694921,-0.3518428206385443,0.13065847462674607,0.7505263157894737,Medium,1,0,-0.4920841385453711,-0.5117931723110463,-0.25661430744327973,0.9513952875026417,-0.38992917329559,-1.9263895728339528,0.9945577011058547,-0.2960818941140568,0.33062345394534143,0.18908533721226076,-0.34479820898238345,0.26606556336949194,-0.3518428206385446,0.1306584746267835,0.0199583917563465,0.36524832997139145,-1.635505074064474
Wheaton College IL,Yes,1432,920,548,56,84,2200,56,11480,4200,530,1400,81.0,83,12.7,40,11916,85,-0.09847801847740018,-0.24675422260120242,0.22172381413211276,1.491573106355637,0.18040606230795317,-1.039022654354236,0.3806215796643549,-0.009701516013621186,0.31574018896209594,0.4771746426778103,0.10571998260266878,-0.303019110231878,1.3009860204398638,0.840673241796698,0.6424581005586593,Medium,1,1,-0.09847801847739972,-0.24675422260120233,0.22172381413211287,1.491573106355637,0.18040606230795098,-1.039022654354236,0.3806215796643546,-0.009701516013623221,0.31574018896209594,0.47717464267781057,0.10571998260266914,-0.3030191102318783,1.3009860204398638,0.8406732417967354,-0.7237849710633076,0.36524832997139145,0.6114319153500704
Westminster College PA,Yes,1738,1373,417,21,55,1335,30,18460,5970,700,850,92.0,96,13.2,41,22704,71,0.08313543105260275,0.16036260432549643,-0.0677348648550801,-0.19422217291531432,-0.3399635488215383,-1.3598474556511049,1.7599982065200943,1.0287304144592622,-0.7149803023664479,1.341403144864573,1.2719213033900254,-0.17045420531183852,1.3596629107341651,2.0386974637860864,0.7899884925201381,High,2,1,0.08313543105260321,0.1603626043254965,-0.06773486485507998,-0.1942221729153144,-0.33996354882154045,-1.3598474556511049,1.7599982065200943,1.0287304144592604,-0.7149803023664479,1.3414031448645731,1.271921303390026,-0.17045420531183875,1.3596629107341651,2.0386974637861237,0.291543630423998,1.8301690512544988,0.6114319153500704
Wheeling Jesuit College,Yes,903,755,213,15,49,971,305,10500,4545,600,600,66.0,71,14.1,27,7494,72,-0.5415930423933856,-0.4518762069800039,-0.8331600860303388,-0.6795322253656407,-0.7026721317724023,-0.06301935931924468,0.1457284663635697,0.4488454168127673,-1.419790908781924,-0.530852785233515,-0.7431090750720101,0.06325006563784952,0.45563871675750844,-0.3115562978871057,0.8361018826135105,Medium,1,1,-0.5415930423933851,-0.4518762069800038,-0.8331600860303386,-0.6795322253656408,-0.7026721317724045,-0.06301935931924461,0.14572846636356934,0.44884541681276535,-1.419790908781924,-0.5308527852335146,-0.7431090750720099,0.06325006563784934,0.4556387167575082,-0.31155629788706823,0.6089036214797214,0.36524832997139145,0.6114319153500704
Whitman College,Yes,1861,998,359,45,77,1220,46,16670,4900,750,800,80.0,83,10.5,51,13198,72,0.1466362434292614,-0.1631017778266973,-0.23162576625695583,1.0772490038094669,-0.4400323852520511,-1.142240484655926,1.444507462731647,1.2919414548995862,-0.8385145305308968,0.4038409378509051,0.10571998260266878,-0.9128098000811495,1.909810801634363,1.0587842153843858,0.5362708221386352,High,2,1,0.14663624342926185,-0.16310177782669721,-0.23162576625695572,1.0772490038094669,-0.44003238525205324,-1.142240484655926,1.4445074627316468,1.2919414548995845,-0.8385145305308968,0.40384093785090536,0.10571998260266914,-0.91280980008115,1.909810801634363,1.0587842153844234,-1.4545834151025356,1.8301690512544988,0.6114319153500704
Whittier College,Yes,1681,1069,344,35,63,1235,30,16249,5699,500,1998,84.0,92,13.6,29,11778,52,0.05205056786213902,-0.0928177888216907,-0.2790240174601771,0.6295768701744451,-0.42634089617919824,-1.3598474556511049,1.3671077905762836,-0.22262317064607157,1.0658159953497073,0.7024150564455859,0.8844513618593768,-0.06583008815144414,0.5975616518085038,0.8150535320486686,0.635930993456276,High,2,1,0.05205056786213948,-0.0928177888216906,-0.27902401746017697,0.629576870174445,-0.4263408961792004,-1.3598474556511049,1.3671077905762834,-0.22262317064607365,1.0658159953497073,0.7024150564455862,0.8844513618593772,-0.06583008815144435,0.5975616518085037,0.815053532048706,-0.7687056036049132,1.8301690512544988,0.6114319153500704
Whitworth College,Yes,1121,926,372,43,70,1270,160,12660,4500,678,2424,80.0,80,16.9,20,8328,80,-0.331879197781604,-0.2400550120212901,-0.19235827525118973,0.994062710733832,-0.3951678928659591,-0.45355276822985574,0.646608069386185,0.907677247531488,1.4788686001760794,0.4038409378509051,-0.12621201953217973,0.7550572350352502,-0.08895267462994533,-0.02407000206817348,0.8260481712756468,Medium,1,1,-0.3318791977816036,-0.24005501202129,-0.19235827525118962,0.9940627107338319,-0.39516789286596127,-0.4535527682298557,0.6466080693861848,0.9076772475314863,1.4788686001760794,0.40384093785090536,-0.12621201953217942,0.7550572350352502,-0.0889526746299456,-0.02407000206813603,0.5397123142737082,0.36524832997139145,0.6114319153500704
Widener University,Yes,2139,1492,502,24,64,2186,2171,12350,5370,500,1350,88.0,86,12.6,19,9603,63,0.27493240613801634,0.2434946779365353,0.13014175355225444,0.01057495289120002,0.17410950811430528,1.2872116272714398,0.5783617634519248,-0.22262317064607157,0.23977239425227162,1.0149446356388536,0.3512859964873121,-0.32977869646566793,-0.17422905107118244,0.3394770771321891,0.6975222066386162,Medium,1,1,0.2749324061380168,0.24349467793653537,0.13014175355225455,0.010574952891199925,0.1741095081143031,1.2872116272714398,0.5783617634519246,-0.22262317064607365,0.2397723942522716,1.0149446356388538,0.3512859964873125,-0.3297786964656682,-0.17422905107118275,0.3394770771322266,-0.344824669562114,0.36524832997139145,0.6114319153500704
Wilkes University,Yes,1631,1431,434,15,36,1803,603,11150,5130,550,1260,78.0,92,13.3,24,8543,67,0.02383595630892286,0.20180326539759508,-0.02463803403089691,-0.6795322253656407,-0.020087271476064112,0.3770465715680864,0.3030472855486477,0.12646725882300056,0.09602233456658762,0.259795832499163,0.8844513618593768,-0.14418170109309456,0.2322748898408057,0.04300418418890942,0.8773758430410791,Medium,1,1,0.02383595630892332,0.20180326539759516,-0.024638034030896795,-0.6795322253656408,-0.0200872714760663,0.37704657156808646,0.30304728554864735,0.12646725882299856,0.09602233456658761,0.25979583249916327,0.8844513618593772,-0.14418170109309478,0.23227488984080544,0.043004184188946866,0.8929578557401965,0.36524832997139145,0.6114319153500704
Willamette University,Yes,1658,1327,395,49,80,1595,159,14800,4620,400,790,91.0,94,13.3,37,10779,68,0.03918544702156021,0.12614344442832193,-0.12661500419563052,1.2357659546725401,-0.14801568882073476,-0.45722933236495245,1.0901962011537076,-1.0237043227479306,-0.8641006851301422,1.2584840840542526,1.074929591154588,-0.14418170109309456,1.120254670067823,0.6148669163054222,0.8003618817852834,Medium,1,1,0.03918544702156067,0.126143444428322,-0.1266150041956304,1.2357659546725401,-0.14801568882073696,-0.4572293323649524,1.0901962011537074,-1.0237043227479328,-0.8641006851301422,1.2584840840542528,1.0749295911545886,-0.14418170109309478,1.120254670067823,0.6148669163054596,0.362935014092344,0.36524832997139145,0.6114319153500704
William Jewell College,Yes,663,547,315,32,67,1279,75,10060,2970,500,2600,74.0,80,11.2,19,7885,59,-0.8471228353482839,-0.7923110360193482,-0.3778107176846144,0.47695784935626834,-0.3873210676576948,-0.8820487942533296,0.03557495028301972,-0.22262317064607157,1.6296269171991327,-0.017792359075214106,-0.12621201953217973,-0.7137225520718277,-0.17422905107118244,-0.17099143603460543,0.8250377073906485,Medium,1,1,-0.8471228353482835,-0.792311036019348,-0.3778107176846143,0.4769578493562682,-0.38732106765769697,-0.8820487942533295,0.035574950283019345,-0.22262317064607365,1.6296269171991327,-0.01779235907521381,-0.12621201953217942,-0.713722552071828,-0.17422905107118275,-0.17099143603456798,0.5327581343954593,0.36524832997139145,0.6114319153500704
William Woods University,Yes,469,435,227,17,39,851,120,10535,4365,550,3700,39.0,66,12.9,16,7438,52,-1.1979287794502795,-1.038923716067432,-0.7572103689461834,-0.5039903742110078,-0.8605556830136141,-0.6199689234986554,0.1543596941071643,0.12646725882300056,2.396332683779347,-1.844359915728285,-1.0368844883532395,-0.24974921824366134,-0.44458151258091694,-0.3326079346464145,0.9275053304904051,Medium,1,1,-1.197928779450279,-1.038923716067432,-0.7572103689461833,-0.5039903742110079,-0.8605556830136163,-0.6199689234986553,0.15435969410716394,0.12646725882299856,2.396332683779347,-1.8443599157282848,-1.0368844883532393,-0.24974921824366159,-0.44458151258091727,-0.33260793464637706,1.2379572942185364,0.36524832997139145,0.6114319153500704
Williams College,Yes,4186,1245,526,81,96,1988,29,19629,5790,500,1200,94.0,99,9.0,64,22014,99,0.8752858094786488,0.06187846552565449,0.17907672243581044,2.2471295054547715,0.07941554893054352,-1.3767229274688764,1.9553351893675184,-0.22262317064607157,-0.005344142276702718,1.509847796090948,1.5797966065761389,-1.3580925541311246,2.546757634259359,1.9901581455206756,0.2974199713330148,High,2,1,0.8752858094786492,0.06187846552565459,0.17907672243581055,2.2471295054547715,0.07941554893054133,-1.3767229274688764,1.9553351893675184,-0.22262317064607365,-0.005344142276702737,1.5098477960909482,1.5797966065761395,-1.358092554131125,2.546757634259359,1.9901581455207131,-3.098394545054967,1.8301690512544988,0.6114319153500704
Wilson College,Yes,167,130,46,16,50,199,676,11428,5084,450,475,67.0,76,8.3,43,10291,67,-2.299777866798296,-2.4047785269377204,-2.90389580710146,-0.5897369692550372,-2.939191370893262,0.4537193703084242,0.3684956973659933,-0.6036744589706652,-1.8858851555170042,-0.46979766094537384,-0.41474500229721806,-1.5759033522670112,1.4748350835114368,0.5064375653325444,0.7784431137724551,Medium,1,1,-2.2997778667982955,-2.4047785269377204,-2.90389580710146,-0.5897369692550373,-2.939191370893264,0.45371937030842424,0.36849569736599297,-0.6036744589706673,-1.8858851555170042,-0.46979766094537356,-0.4147450022972178,-1.5759033522670118,1.4748350835114368,0.5064375653325818,0.21208642095229102,0.36524832997139145,0.6114319153500704
Wingate College,Yes,1239,1017,383,10,34,1207,157,7820,3400,550,1550,69.0,81,13.9,8,7264,91,-0.23596084191519542,-0.14378218613920174,-0.1603480669303347,-1.2101701573606454,-0.45206547532478747,-0.4646455265466599,-0.5807054676898485,0.12646725882300056,0.5290667951806275,-0.3450470097695861,-0.05039854408423131,0.011839314538266496,-1.3245972639117196,-0.39959390813021717,0.8208232445520581,Low,0,1,-0.23596084191519498,-0.14378218613920166,-0.1603480669303346,-1.2101701573606454,-0.45206547532478963,-0.46464552654665986,-0.580705467689849,0.12646725882299856,0.5290667951806275,-0.3450470097695858,-0.05039854408423098,0.011839314538266303,-1.32459726391172,-0.3995939081301797,0.5037535028545663,-1.099672391311716,0.6114319153500704
Winona State University,No,3325,2047,1301,20,45,5800,872,4200,2700,300,1200,53.0,60,20.2,18,5318,58,0.6727556885976002,0.5555235931125962,1.0620390817279501,-0.2672791173259531,1.0409810949500058,0.6276293223670514,-1.8913999758590554,-2.023772875573782,-0.005344142276702718,-1.2442020010279624,-1.3457825326608568,1.5143448365116055,-0.2617966749661709,-1.3648503147226492,0.6156390977443609,Low,0,0,0.6727556885976006,0.5555235931125964,1.0620390817279504,-0.2672791173259532,1.0409810949500036,0.6276293223670515,-1.8913999758590563,-2.0237728755737847,-0.005344142276702737,-1.2442020010279622,-1.3457825326608566,1.5143448365116057,-0.2617966749661712,-1.3648503147226116,-0.9083577920169431,-1.099672391311716,-1.635505074064474
Winthrop University,No,2320,1805,769,24,61,3395,670,6400,3392,580,2150,71.0,80,12.8,26,6729,59,0.3491724984029708,0.4321975825217522,0.5643167630460019,0.01057495289120002,0.5882673779619707,0.4477070121955025,-1.0342265898600445,0.3228190938557909,1.2220584423787866,-0.2167793357746881,-0.12621201953217973,-0.27634292029735635,0.38265991480354933,-0.6219039499908451,0.7780172413793104,Low,0,0,0.34917249840297127,0.43219758252175233,0.564316763046002,0.010574952891199925,0.5882673779619685,0.4477070121955026,-1.0342265898600451,0.3228190938557889,1.2220584423787866,-0.2167793357746878,-0.12621201953217942,-0.27634292029735663,0.3826599148035491,-0.6219039499908077,0.20915549658074462,-1.099672391311716,-1.635505074064474
Wisconsin Lutheran College,Yes,152,128,75,17,41,282,22,9100,3700,500,1400,48.0,48,8.5,26,8960,50,-2.4044828920798302,-2.423053910294172,-2.1900122993441276,-0.5039903742110078,-2.3784510758349833,-1.5121850791901037,-0.2162302559538272,-0.22262317064607157,0.31574018896209594,-1.4786478771804488,-1.8307562705848581,-1.5129526770873674,0.38265991480354933,0.16601989983075646,0.8421052631578947,Medium,1,1,-2.40448289207983,-2.423053910294172,-2.1900122993441276,-0.5039903742110079,-2.3784510758349855,-1.5121850791901037,-0.21623025595382764,-0.22262317064607365,0.31574018896209594,-1.4786478771804485,-1.830756270584858,-1.512952677087368,0.3826599148035491,0.1660198998307939,0.6502198810739972,0.36524832997139145,0.6114319153500704
Wittenberg University,Yes,1979,1739,575,42,68,1980,144,15948,4404,400,800,82.0,95,12.8,29,10414,78,0.20345248329569787,0.3954803588893843,0.2714425607518018,0.9513952875026418,0.07535003090332464,-0.5150410159119568,1.3109598402011668,-1.0237043227479306,-0.8385145305308968,0.5513818552357662,1.1726062411645384,-0.27634292029735635,0.5975616518085038,0.5344976469980586,0.8787266296109146,High,2,1,0.20345248329569832,0.39548035888938443,0.2714425607518019,0.9513952875026417,0.07535003090332244,-0.5150410159119567,1.3109598402011666,-1.0237043227479328,-0.8385145305308968,0.5513818552357665,1.172606241164539,-0.27634292029735663,0.5975616518085037,0.534497646998096,0.9022541927228642,1.8301690512544988,0.6114319153500704
Wofford College,Yes,1501,935,273,51,83,1059,34,12680,4150,605,1440,91.0,92,15.3,42,7875,75,-0.054105107551206816,-0.23009265006625443,-0.5411912495487745,1.3114660041543937,-0.6013056813699355,-1.2970605990121153,0.6509732465969823,0.4797777106463141,0.37467814129338023,1.2584840840542526,0.8844513618593768,0.36585103864898416,1.4176039225723627,-0.17445305188734148,0.6229180546302465,Medium,1,1,-0.05410510755120636,-0.23009265006625435,-0.5411912495487744,1.3114660041543937,-0.6013056813699377,-1.2970605990121153,0.6509732465969821,0.47977771064631214,0.37467814129338023,1.2584840840542528,0.8844513618593772,0.365851038648984,1.4176039225723627,-0.17445305188730403,-0.8582628046928236,0.36524832997139145,0.6114319153500704
Worcester Polytechnic Institute,Yes,2768,2314,682,49,86,2802,86,15884,5370,530,730,92.0,94,15.2,34,10774,82,0.5089978940320043,0.6746859788385566,0.44494257265840254,1.2357659546725401,0.41258004625466127,-0.8069646136616188,1.2989319868103524,-0.009701516013621186,-1.0244122237328346,1.341403144864573,1.074929591154588,0.34100260612554617,0.931790342010479,0.6137941478841251,0.8359826589595376,High,2,1,0.5089978940320048,0.6746859788385567,0.44494257265840265,1.2357659546725401,0.4125800462546591,-0.8069646136616186,1.2989319868103522,-0.009701516013623221,-1.0244122237328346,1.3414031448645731,1.0749295911545886,0.341002606125546,0.9317903420104788,0.6137941478841625,0.6080831045391571,1.8301690512544988,0.6114319153500704
Worcester State College,No,2197,1515,543,4,26,3089,2029,6797,3900,500,1200,60.0,60,21.0,14,4469,40,0.2994345694775142,0.2587436179900755,0.2122067827115757,-2.2203106363749345,0.5027485935165785,1.2362669679793379,-0.9012887687305895,-0.22262317064607157,-0.005344142276702718,-0.8786660394374439,-1.3457825326608568,1.6907997298349289,-0.6391619317856582,-1.9764468811975973,0.6895766954938553,Low,0,0,0.2994345694775146,0.2587436179900756,0.2122067827115758,-2.2203106363749345,0.5027485935165763,1.2362669679793379,-0.90128876873059,-0.22262317064607365,-0.005344142276702737,-0.8786660394374436,-1.3457825326608566,1.690799729834929,-0.6391619317856585,-1.9764468811975597,-0.3995069937358229,-1.099672391311716,-1.635505074064474
Xavier University,Yes,1959,1805,695,24,47,2849,1107,11520,4960,600,1250,73.0,75,13.3,31,9189,83,0.194083079566417,0.4321975825217522,0.4638622613130599,0.01057495289120002,0.42809858617700697,0.7945749377635803,0.38992469197702784,0.4488454168127673,0.0794512520083775,-0.08499874626512405,-0.4832523787413146,-0.14418170109309456,0.7345530092783118,0.22991885022507283,0.9213884635017866,Medium,1,1,0.19408307956641743,0.43219758252175233,0.46386226131306,0.010574952891199925,0.4280985861770048,0.7945749377635805,0.38992469197702756,0.44884541681276535,0.07945125200837748,-0.08499874626512376,-0.4832523787413143,-0.14418170109309478,0.7345530092783117,0.22991885022511027,1.1958600021117038,0.36524832997139145,0.6114319153500704
Xavier University of Louisiana,Yes,2097,1915,695,34,61,2793,166,6900,4200,617,781,67.0,75,14.4,20,8323,49,0.25673953052865883,0.49031639704482965,0.4638622613130599,0.5798146710452374,0.40957218484118985,-0.4319194753659008,-0.8676347544678584,0.5531134465862407,-0.8873930778897828,-0.46979766094537384,-0.4832523787413146,0.13982744087814877,-0.08895267462994533,-0.02566130297883063,0.9132093466857415,Low,0,1,0.2567395305286593,0.49031639704482977,0.46386226131306,0.5798146710452373,0.4095721848411877,-0.43191947536590075,-0.867634754467859,0.5531134465862388,-0.8873930778897828,-0.46979766094537356,-0.4832523787413143,0.1398274408781486,-0.0889526746299456,-0.025661302978793182,1.1395699650025723,-1.099672391311716,0.6114319153500704
Yale University,Yes,10705,2453,1317,95,99,5217,83,19840,6510,630,2115,96.0,96,5.8,49,40386,99,1.6660537481854565,0.7310341694825857,1.0731402612191059,2.596814115743834,0.9556068183089307,-0.8265403650882943,1.9897736591948942,0.6311670248859246,1.187035055567819,1.681765281041989,1.2719213033900254,-2.421847469064119,1.8045989566129816,2.8133875202370593,0.22914525922466136,High,2,1,1.666053748185457,0.7310341694825858,1.073140261219106,2.596814115743834,0.9556068183089285,-0.8265403650882942,1.9897736591948942,0.6311670248859227,1.187035055567819,1.6817652810419892,1.271921303390026,-2.4218474690641196,1.8045989566129816,2.8133875202370966,-3.5682724260818346,1.8301690512544988,0.6114319153500704
York College of Pennsylvania,Yes,2989,1855,691,28,63,2988,1726,4990,3560,500,1250,75.0,75,18.1,28,4509,99,0.5778781502649168,0.45907131511359095,0.45808457316438383,0.2560970954071895,0.4722262979682268,1.115807818506383,-1.5556118214661414,-0.22262317064607157,0.0794512520083775,0.05029077019095683,-0.4832523787413146,1.037437464562729,0.5272487670727979,-1.943730314116958,0.6206088992974239,Low,0,1,0.5778781502649173,0.45907131511359106,0.45808457316438395,0.2560970954071894,0.47222629796822463,1.115807818506383,-1.5556118214661423,-0.22262317064607365,0.07945125200837748,0.05029077019095713,-0.4832523787413143,1.037437464562729,0.5272487670727978,-1.9437303141169204,-0.8741547942925253,-1.099672391311716,0.6114319153500704
